Date,Stock,Return
2025-01-01 18:30:00+00:00,ADANIENT,0.01677196029133765
2025-01-02 18:30:00+00:00,ADANIENT,-0.012742001411013781
2025-01-05 18:30:00+00:00,ADANIENT,-0.03515173299952368
2025-01-06 18:30:00+00:00,ADANIENT,0.018630399320850977
2025-01-07 18:30:00+00:00,ADANIENT,-0.00210271151714736
2025-01-08 18:30:00+00:00,ADANIENT,-0.014849438579348395
2025-01-09 18:30:00+00:00,ADANIENT,-0.04176924739825694
2025-01-12 18:30:00+00:00,ADANIENT,-0.06285797877380106
2025-01-13 18:30:00+00:00,ADANIENT,0.06983810001165791
2025-01-14 18:30:00+00:00,ADANIENT,0.0031924187212224453
2025-01-15 18:30:00+00:00,ADANIENT,0.016623887761244127
2025-01-16 18:30:00+00:00,ADANIENT,-0.011553444035226179
2025-01-19 18:30:00+00:00,ADANIENT,0.017918084308026883
2025-01-20 18:30:00+00:00,ADANIENT,-0.023947901512596403
2025-01-21 18:30:00+00:00,ADANIENT,-0.0032504020487531537
2025-01-22 18:30:00+00:00,ADANIENT,0.0035555688941064645
2025-01-23 18:30:00+00:00,ADANIENT,-0.029308222348762625
2025-01-26 18:30:00+00:00,ADANIENT,-0.02392985572514561
2025-01-27 18:30:00+00:00,ADANIENT,0.011660826849000827
2025-01-28 18:30:00+00:00,ADANIENT,0.014238561917961245
2025-01-29 18:30:00+00:00,ADANIENT,-0.028465447711192637
2025-01-30 18:30:00+00:00,ADANIENT,0.015626413049206533
2025-01-31 18:30:00+00:00,ADANIENT,-0.007780434853632001
2025-02-02 18:30:00+00:00,ADANIENT,-0.0035903234938928774
2025-02-03 18:30:00+00:00,ADANIENT,0.017529905948705737
2025-02-04 18:30:00+00:00,ADANIENT,0.010036962418728423
2025-02-05 18:30:00+00:00,ADANIENT,-0.005226732727782402
2025-02-06 18:30:00+00:00,ADANIENT,0.011394828111073396
2025-02-09 18:30:00+00:00,ADANIENT,-0.020523284753239168
2025-02-10 18:30:00+00:00,ADANIENT,0.013510522187632379
2025-02-11 18:30:00+00:00,ADANIENT,0.01365350836218071
2025-02-12 18:30:00+00:00,ADANIENT,-0.04620883024362854
2025-02-13 18:30:00+00:00,ADANIENT,-0.04100771132138192
2025-02-16 18:30:00+00:00,ADANIENT,0.03300587719004611
2025-02-17 18:30:00+00:00,ADANIENT,-0.0015289283704912338
2025-02-18 18:30:00+00:00,ADANIENT,-0.017790406280944526
2025-02-19 18:30:00+00:00,ADANIENT,-0.0008253687137879107
2025-02-20 18:30:00+00:00,ADANIENT,-0.021064680349055398
2025-02-23 18:30:00+00:00,ADANIENT,-0.008415123174579153
2025-02-24 18:30:00+00:00,ADANIENT,0.0069499354513571365
2025-02-26 18:30:00+00:00,ADANIENT,-0.008873859558924169
2025-02-27 18:30:00+00:00,ADANIENT,-0.007082135765254294
2025-03-02 18:30:00+00:00,ADANIENT,0.01006682001388648
2025-03-03 18:30:00+00:00,ADANIENT,0.01308393746874037
2025-03-04 18:30:00+00:00,ADANIENT,0.04711398163345537
2025-03-05 18:30:00+00:00,ADANIENT,0.003116882325891579
2025-03-06 18:30:00+00:00,ADANIENT,-0.002374797546422003
2025-03-09 18:30:00+00:00,ADANIENT,-0.008542799693822545
2025-03-10 18:30:00+00:00,ADANIENT,0.010007569118216875
2025-03-11 18:30:00+00:00,ADANIENT,-0.003910074897790161
2025-03-12 18:30:00+00:00,ADANIENT,-0.009233630966162809
2025-03-16 18:30:00+00:00,ADANIENT,0.014227133091201605
2025-03-17 18:30:00+00:00,ADANIENT,0.0
2025-03-18 18:30:00+00:00,ADANIENT,0.02927594259552757
2025-03-19 18:30:00+00:00,ADANIENT,0.00890609876192583
2025-03-20 18:30:00+00:00,ADANIENT,0.010045812765446582
2025-03-23 18:30:00+00:00,ADANIENT,0.002496993249620605
2025-03-24 18:30:00+00:00,ADANIENT,-0.02041199135272298
2025-03-25 18:30:00+00:00,ADANIENT,-0.003340089868408058
2025-03-26 18:30:00+00:00,ADANIENT,0.021944997082717688
2025-03-27 18:30:00+00:00,ADANIENT,-0.020119714929019095
2025-03-31 18:30:00+00:00,ADANIENT,0.008398854233764963
2025-04-01 18:30:00+00:00,ADANIENT,0.01462358708198197
2025-04-02 18:30:00+00:00,ADANIENT,0.01747284323408893
2025-04-03 18:30:00+00:00,ADANIENT,-0.03158704015018021
2025-04-06 18:30:00+00:00,ADANIENT,-0.05223484273049939
2025-04-07 18:30:00+00:00,ADANIENT,0.03299138687020964
2025-04-08 18:30:00+00:00,ADANIENT,-0.02135015989163014
2025-04-10 18:30:00+00:00,ADANIENT,0.037775549198377556
2025-04-14 18:30:00+00:00,ADANIENT,0.04169893903907118
2025-04-15 18:30:00+00:00,ADANIENT,-0.001075147279722799
2025-04-16 18:30:00+00:00,ADANIENT,0.0010349470316435294
2025-04-20 18:30:00+00:00,ADANIENT,0.010173208493650776
2025-04-21 18:30:00+00:00,ADANIENT,0.001146360909092925
2025-04-22 18:30:00+00:00,ADANIENT,0.003312189959752576
2025-04-23 18:30:00+00:00,ADANIENT,-0.00452395757238
2025-04-24 18:30:00+00:00,ADANIENT,-0.036110522471921924
2025-04-27 18:30:00+00:00,ADANIENT,0.006583641431414877
2025-04-28 18:30:00+00:00,ADANIENT,-0.016541414452089787
2025-04-29 18:30:00+00:00,ADANIENT,-0.012571939068112381
2025-05-01 18:30:00+00:00,ADANIENT,-0.0009559034093887808
2025-05-04 18:30:00+00:00,ADANIENT,0.06802651127528136
2025-05-05 18:30:00+00:00,ADANIENT,-0.04133577856951298
2025-05-06 18:30:00+00:00,ADANIENT,-0.0003822684707580626
2025-05-07 18:30:00+00:00,ADANIENT,-0.0288130343191203
2025-05-08 18:30:00+00:00,ADANIENT,-0.015008949918613346
2025-05-11 18:30:00+00:00,ADANIENT,0.0774322426235372
2025-05-12 18:30:00+00:00,ADANIENT,0.006555775861817104
2025-05-13 18:30:00+00:00,ADANIENT,0.008479418062476318
2025-05-14 18:30:00+00:00,ADANIENT,0.0235997914464261
2025-05-15 18:30:00+00:00,ADANIENT,0.013888891581367302
2025-05-18 18:30:00+00:00,ADANIENT,-0.005635990877711938
2025-05-19 18:30:00+00:00,ADANIENT,-0.015350718219210968
2025-05-20 18:30:00+00:00,ADANIENT,-0.0004798136050102597
2025-05-21 18:30:00+00:00,ADANIENT,-0.005119101010759186
2025-05-22 18:30:00+00:00,ADANIENT,0.02106447453059701
2025-05-25 18:30:00+00:00,ADANIENT,0.003031440994702761
2025-05-26 18:30:00+00:00,ADANIENT,-0.002904544185504232
2025-05-27 18:30:00+00:00,ADANIENT,-0.009959410237374122
2025-05-28 18:30:00+00:00,ADANIENT,0.010258406485569305
2025-05-29 18:30:00+00:00,ADANIENT,-0.008225757453403038
2025-06-01 18:30:00+00:00,ADANIENT,-0.00043648964231302045
2025-06-02 18:30:00+00:00,ADANIENT,-0.019017070871468533
2025-06-03 18:30:00+00:00,ADANIENT,0.00748720490567667
2025-06-04 18:30:00+00:00,ADANIENT,0.006025493718803787
2025-06-05 18:30:00+00:00,ADANIENT,0.011899124729016775
2025-06-08 18:30:00+00:00,ADANIENT,0.018901506900280918
2025-06-09 18:30:00+00:00,ADANIENT,0.012005722803863694
2025-06-10 18:30:00+00:00,ADANIENT,-0.012207847200703337
2025-06-11 18:30:00+00:00,ADANIENT,-0.014528137407313624
2025-06-12 18:30:00+00:00,ADANIENT,-0.013585200913554196
2025-06-15 18:30:00+00:00,ADANIENT,0.014394552837819763
2025-06-16 18:30:00+00:00,ADANIENT,-0.02181603773584906
2025-06-17 18:30:00+00:00,ADANIENT,-0.011814306748543335
2025-06-18 18:30:00+00:00,ADANIENT,-0.0156561337363591
2025-06-19 18:30:00+00:00,ADANIENT,0.011484674694683061
2025-06-22 18:30:00+00:00,ADANIENT,0.009638988154532457
2025-06-23 18:30:00+00:00,ADANIENT,0.013592272514664216
2025-06-24 18:30:00+00:00,ADANIENT,0.008620630856388312
2025-06-25 18:30:00+00:00,ADANIENT,0.023345996019286552
2025-06-26 18:30:00+00:00,ADANIENT,0.023238766835880886
2025-06-29 18:30:00+00:00,ADANIENT,-0.010165191394788109
2025-06-30 18:30:00+00:00,ADANIENT,0.0009162963174227379
2025-07-01 18:30:00+00:00,ADANIENT,0.0032038684061754807
2025-07-02 18:30:00+00:00,ADANIENT,-0.007223785397583393
2025-07-03 18:30:00+00:00,ADANIENT,-0.004633828792082628
2025-07-06 18:30:00+00:00,ADANIENT,-0.008849216704174045
2025-07-07 18:30:00+00:00,ADANIENT,0.005900372887569061
2025-07-08 18:30:00+00:00,ADANIENT,-0.003203044291176793
2025-07-09 18:30:00+00:00,ADANIENT,-0.0007742934572202431
2025-07-10 18:30:00+00:00,ADANIENT,-0.008640080909773307
2025-07-13 18:30:00+00:00,ADANIENT,0.00883264864483202
2025-07-14 18:30:00+00:00,ADANIENT,0.006547050720206782
2025-07-15 18:30:00+00:00,ADANIENT,0.003964301832689809
2025-07-16 18:30:00+00:00,ADANIENT,0.0031052703301706064
2025-07-17 18:30:00+00:00,ADANIENT,-0.007834594219560898
2025-07-20 18:30:00+00:00,ADANIENT,0.00901348232484378
2025-07-21 18:30:00+00:00,ADANIENT,-0.01210152745633708
2025-07-22 18:30:00+00:00,ADANIENT,0.010317625267827868
2025-07-23 18:30:00+00:00,ADANIENT,-0.002333179443966382
2025-07-24 18:30:00+00:00,ADANIENT,-0.02235079239004545
2025-07-27 18:30:00+00:00,ADANIENT,-0.010901552003262704
2025-07-28 18:30:00+00:00,ADANIENT,0.010149408484338984
2025-07-29 18:30:00+00:00,ADANIENT,-0.005887201450183288
2025-07-30 18:30:00+00:00,ADANIENT,-0.040348989345100894
2025-07-31 18:30:00+00:00,ADANIENT,-0.032830069704675946
2025-08-03 18:30:00+00:00,ADANIENT,0.005402269700993445
2025-08-04 18:30:00+00:00,ADANIENT,-0.014977214850971587
2025-08-05 18:30:00+00:00,ADANIENT,-0.011983464877965866
2025-08-06 18:30:00+00:00,ADANIENT,-0.021953657752486255
2025-08-07 18:30:00+00:00,ADANIENT,-0.03186947711607613
2025-08-10 18:30:00+00:00,ADANIENT,0.04834479590759311
2025-08-11 18:30:00+00:00,ADANIENT,0.002102149878870474
2025-08-12 18:30:00+00:00,ADANIENT,-0.003539836416601938
2025-08-13 18:30:00+00:00,ADANIENT,0.0006578658548990202
2025-08-17 18:30:00+00:00,ADANIENT,0.022791022867423738
2025-08-18 18:30:00+00:00,ADANIENT,0.023482945832294932
2025-08-19 18:30:00+00:00,ADANIENT,-0.0005442156844105428
2025-08-20 18:30:00+00:00,ADANIENT,-0.004147352888173916
2025-08-21 18:30:00+00:00,ADANIENT,-0.022000694052825898
2025-08-24 18:30:00+00:00,ADANIENT,-0.009462772989848545
2025-08-25 18:30:00+00:00,ADANIENT,-0.013417822595025553
2025-08-27 18:30:00+00:00,ADANIENT,0.001408429212973239
2025-08-28 18:30:00+00:00,ADANIENT,-0.013405415196273474
2025-08-31 18:30:00+00:00,ADANIENT,0.01759700666424413
2025-09-01 18:30:00+00:00,ADANIENT,-0.0043779004525719145
2025-09-02 18:30:00+00:00,ADANIENT,0.006375868574145516
2025-09-03 18:30:00+00:00,ADANIENT,-0.004325557108821099
2025-09-04 18:30:00+00:00,ADANIENT,0.001140887072107022
2025-09-07 18:30:00+00:00,ADANIENT,0.01293065716786157
2025-09-08 18:30:00+00:00,ADANIENT,0.0003029968159979912
2025-09-09 18:30:00+00:00,ADANIENT,0.01237231887324386
2025-09-10 18:30:00+00:00,ADANIENT,0.025040637073300287
2025-09-11 18:30:00+00:00,ADANIENT,-0.0028347710062149867
2025-09-14 18:30:00+00:00,ADANIENT,-0.003595358551943928
2025-09-15 18:30:00+00:00,ADANIENT,0.0067130992093547
2025-09-16 18:30:00+00:00,ADANIENT,0.0010836449787758884
2025-09-17 18:30:00+00:00,ADANIENT,0.0
2025-09-18 18:30:00+00:00,ADANIENT,0.0507910074937552
2025-09-21 18:30:00+00:00,ADANIENT,0.041798732171156816
2025-09-22 18:30:00+00:00,ADANIENT,0.017836053372789484
2025-09-23 18:30:00+00:00,ADANIENT,-0.021147756531473494
2025-09-24 18:30:00+00:00,ADANIENT,-0.0165662056933652
2025-09-25 18:30:00+00:00,ADANIENT,-0.012692110080476215
2025-09-28 18:30:00+00:00,ADANIENT,-0.013444962781918979
2025-09-29 18:30:00+00:00,ADANIENT,-0.0014345876295078774
2025-09-30 18:30:00+00:00,ADANIENT,0.03463827455635471
2025-10-02 18:30:00+00:00,ADANIENT,-0.0010799741122605733
2025-10-05 18:30:00+00:00,ADANIENT,-0.006332253354235373
2025-10-06 18:30:00+00:00,ADANIENT,-0.012162443686856372
2025-10-07 18:30:00+00:00,ADANIENT,-0.007119759996565778
2025-10-08 18:30:00+00:00,ADANIENT,0.007250031290158443
2025-10-09 18:30:00+00:00,ADANIENT,0.003343297799911049
2025-10-12 18:30:00+00:00,ADANIENT,-0.009212435179604017
2025-10-13 18:30:00+00:00,ADANIENT,-0.004114862208432379
2025-10-14 18:30:00+00:00,ADANIENT,0.006277333662346063
2025-10-15 18:30:00+00:00,ADANIENT,0.00979155414956634
2025-10-16 18:30:00+00:00,ADANIENT,-0.003206206990691962
2025-10-19 18:30:00+00:00,ADANIENT,-0.0005098473120301872
2025-10-20 18:30:00+00:00,ADANIENT,0.0007063320193565481
2025-10-22 18:30:00+00:00,ADANIENT,-0.0016078488068714814
2025-10-23 18:30:00+00:00,ADANIENT,-0.016340677530978565
2025-10-26 18:30:00+00:00,ADANIENT,-0.00455231314033655
2025-10-27 18:30:00+00:00,ADANIENT,0.0006417897481898471
2025-10-28 18:30:00+00:00,ADANIENT,0.017238615171367266
2025-10-29 18:30:00+00:00,ADANIENT,-0.004138094271345039
2025-10-30 18:30:00+00:00,ADANIENT,-0.018164511503276026
2025-11-02 18:30:00+00:00,ADANIENT,-0.005642885933091479
2025-11-03 18:30:00+00:00,ADANIENT,-0.019132529862940784
2025-11-05 18:30:00+00:00,ADANIENT,-0.04359864363631705
2025-11-06 18:30:00+00:00,ADANIENT,0.023808431211642445
2025-11-09 18:30:00+00:00,ADANIENT,-0.029983012988479607
2025-11-10 18:30:00+00:00,ADANIENT,-0.0016450899318307677
2025-11-11 18:30:00+00:00,ADANIENT,0.049729597679991855
2025-11-12 18:30:00+00:00,ADANIENT,0.0014892596535811542
2025-11-13 18:30:00+00:00,ADANIENT,0.011494262180020476
2025-11-16 18:30:00+00:00,ADANIENT,0.00901639344262306
2025-11-17 18:30:00+00:00,ADANIENT,-0.010235560995887516
2025-11-18 18:30:00+00:00,ADANIENT,-0.001518364698676944
2025-11-19 18:30:00+00:00,ADANIENT,0.005342977879341015
2025-11-20 18:30:00+00:00,ADANIENT,-0.009729793499018813
2025-11-23 18:30:00+00:00,ADANIENT,-0.00953643115658831
2025-11-24 18:30:00+00:00,ADANIENT,-0.027634232318044627
2025-11-25 18:30:00+00:00,ADANIENT,-0.007672811990676043
2025-11-26 18:30:00+00:00,ADANIENT,-0.02591792656587477
2025-11-27 18:30:00+00:00,ADANIENT,0.011175144643847057
2025-11-30 18:30:00+00:00,ADANIENT,-0.007981734743271685
2025-12-01 18:30:00+00:00,ADANIENT,-0.00990269776469943
2025-12-02 18:30:00+00:00,ADANIENT,-0.022236134424284515
2025-12-03 18:30:00+00:00,ADANIENT,0.012832154940658924
2025-12-04 18:30:00+00:00,ADANIENT,0.021416656337738482
2025-12-07 18:30:00+00:00,ADANIENT,-0.021717998275259665
2025-12-08 18:30:00+00:00,ADANIENT,0.0130854618892422
2025-12-09 18:30:00+00:00,ADANIENT,-0.014965194301776008
2025-12-10 18:30:00+00:00,ADANIENT,0.029887796435564606
2025-12-11 18:30:00+00:00,ADANIENT,0.002063463701378554
2025-12-14 18:30:00+00:00,ADANIENT,-0.0015334736022403206
2025-12-15 18:30:00+00:00,ADANIENT,-0.013603054687973737
2025-12-16 18:30:00+00:00,ADANIENT,-0.006850795414730659
2025-12-17 18:30:00+00:00,ADANIENT,-0.0014333487891937668
2025-12-18 18:30:00+00:00,ADANIENT,0.004351119615761956
2025-12-21 18:30:00+00:00,ADANIENT,0.01094238499330058
2025-12-22 18:30:00+00:00,ADANIENT,-0.006494345558592851
2025-12-23 18:30:00+00:00,ADANIENT,-0.011606233141915445
2025-12-25 18:30:00+00:00,ADANIENT,0.0032392816529640545
2025-12-28 18:30:00+00:00,ADANIENT,-0.011973609731904089
2025-12-29 18:30:00+00:00,ADANIENT,0.005219680580458963
2025-12-30 18:30:00+00:00,ADANIENT,0.01128821084173115
2025-12-31 18:30:00+00:00,ADANIENT,0.0090637358890433
2026-01-01 18:30:00+00:00,ADANIENT,0.00876108355226779
2026-01-04 18:30:00+00:00,ADANIENT,-0.0001316119052980902
2026-01-05 18:30:00+00:00,ADANIENT,-0.008949288152555357
2026-01-06 18:30:00+00:00,ADANIENT,0.006639812027613212
2026-01-07 18:30:00+00:00,ADANIENT,-0.026428079273287386
2026-01-08 18:30:00+00:00,ADANIENT,-0.02723579441198054
2026-01-11 18:30:00+00:00,ADANIENT,0.008311346468961478
2026-01-12 18:30:00+00:00,ADANIENT,-0.00603246319172146
2026-01-13 18:30:00+00:00,ADANIENT,-0.0024090577585708095
2026-01-14 18:30:00+00:00,ADANIENT,0.0
2026-01-15 18:30:00+00:00,ADANIENT,0.0018576138528287878
2026-01-18 18:30:00+00:00,ADANIENT,-0.010522389402533916
2026-01-19 18:30:00+00:00,ADANIENT,-0.03724350996108805
2026-01-20 18:30:00+00:00,ADANIENT,-0.011143080821460538
2026-01-21 18:30:00+00:00,ADANIENT,0.026670579900673896
2026-01-22 18:30:00+00:00,ADANIENT,-0.10649921471059665
2026-01-26 18:30:00+00:00,ADANIENT,0.05112115187440991
2026-01-27 18:30:00+00:00,ADANIENT,0.017963741348239415
2026-01-28 18:30:00+00:00,ADANIENT,0.012282549054862368
2026-01-29 18:30:00+00:00,ADANIENT,0.0005943310574523242
2026-02-01 18:30:00+00:00,ADANIENT,-0.012373787219315813
2026-02-02 18:30:00+00:00,ADANIENT,0.10383886474243709
2026-02-03 18:30:00+00:00,ADANIENT,0.011622560782988067
2026-02-04 18:30:00+00:00,ADANIENT,0.003769924902815358
2026-02-05 18:30:00+00:00,ADANIENT,-0.004560580732867248
2025-01-01 18:30:00+00:00,ADANIPORTS,0.005990083996854523
2025-01-02 18:30:00+00:00,ADANIPORTS,-0.02157419193205723
2025-01-05 18:30:00+00:00,ADANIPORTS,-0.030428145142050833
2025-01-06 18:30:00+00:00,ADANIPORTS,0.009414890520310193
2025-01-07 18:30:00+00:00,ADANIPORTS,-0.01848374082787263
2025-01-08 18:30:00+00:00,ADANIPORTS,-0.017313291048621893
2025-01-09 18:30:00+00:00,ADANIPORTS,-0.017794895387962195
2025-01-12 18:30:00+00:00,ADANIPORTS,-0.04095476037409829
2025-01-13 18:30:00+00:00,ADANIPORTS,0.04729756381637751
2025-01-14 18:30:00+00:00,ADANIPORTS,0.010563111179825224
2025-01-15 18:30:00+00:00,ADANIPORTS,0.01935506163417089
2025-01-16 18:30:00+00:00,ADANIPORTS,0.01107980534045283
2025-01-19 18:30:00+00:00,ADANIPORTS,-0.012720282923635584
2025-01-20 18:30:00+00:00,ADANIPORTS,-0.036998416374876
2025-01-21 18:30:00+00:00,ADANIPORTS,-0.003570701859534897
2025-01-22 18:30:00+00:00,ADANIPORTS,0.0015875958750550812
2025-01-23 18:30:00+00:00,ADANIPORTS,-0.008922043781346645
2025-01-26 18:30:00+00:00,ADANIPORTS,-0.011104521585492133
2025-01-27 18:30:00+00:00,ADANIPORTS,-0.0012014743738938405
2025-01-28 18:30:00+00:00,ADANIPORTS,0.015036495637855474
2025-01-29 18:30:00+00:00,ADANIPORTS,-0.018141153248244946
2025-01-30 18:30:00+00:00,ADANIPORTS,0.02070468852767071
2025-01-31 18:30:00+00:00,ADANIPORTS,-0.013871817324892621
2025-02-02 18:30:00+00:00,ADANIPORTS,0.0006917894638225341
2025-02-03 18:30:00+00:00,ADANIPORTS,0.03710195189699572
2025-02-04 18:30:00+00:00,ADANIPORTS,0.017109535939870524
2025-02-05 18:30:00+00:00,ADANIPORTS,0.01721511562657474
2025-02-06 18:30:00+00:00,ADANIPORTS,-0.015420356050209638
2025-02-09 18:30:00+00:00,ADANIPORTS,-0.001657855807001174
2025-02-10 18:30:00+00:00,ADANIPORTS,-0.003583227271635736
2025-02-11 18:30:00+00:00,ADANIPORTS,-0.009779890859951235
2025-02-12 18:30:00+00:00,ADANIPORTS,-0.015412479120898714
2025-02-13 18:30:00+00:00,ADANIPORTS,-0.04394767401504196
2025-02-16 18:30:00+00:00,ADANIPORTS,0.019008161723296446
2025-02-17 18:30:00+00:00,ADANIPORTS,0.002077781500710252
2025-02-18 18:30:00+00:00,ADANIPORTS,-0.002119593163811828
2025-02-19 18:30:00+00:00,ADANIPORTS,0.026642665102509566
2025-02-20 18:30:00+00:00,ADANIPORTS,-0.025591438022463553
2025-02-23 18:30:00+00:00,ADANIPORTS,-0.01186239096530084
2025-02-24 18:30:00+00:00,ADANIPORTS,0.009295618215451329
2025-02-26 18:30:00+00:00,ADANIPORTS,-0.001295958910813133
2025-02-27 18:30:00+00:00,ADANIPORTS,-0.008851104893107808
2025-03-02 18:30:00+00:00,ADANIPORTS,-0.01528897891859593
2025-03-03 18:30:00+00:00,ADANIPORTS,0.004653097520169069
2025-03-04 18:30:00+00:00,ADANIPORTS,0.051750975243963104
2025-03-05 18:30:00+00:00,ADANIPORTS,0.021119808446710797
2025-03-06 18:30:00+00:00,ADANIPORTS,0.0073051172527187624
2025-03-09 18:30:00+00:00,ADANIPORTS,-0.0013979111180181247
2025-03-10 18:30:00+00:00,ADANIPORTS,-0.006912297727229566
2025-03-11 18:30:00+00:00,ADANIPORTS,-0.005903012276255337
2025-03-12 18:30:00+00:00,ADANIPORTS,-0.008065309580059687
2025-03-16 18:30:00+00:00,ADANIPORTS,0.01603830121910166
2025-03-17 18:30:00+00:00,ADANIPORTS,0.0
2025-03-18 18:30:00+00:00,ADANIPORTS,0.031965827694526716
2025-03-19 18:30:00+00:00,ADANIPORTS,0.0033659225351758693
2025-03-20 18:30:00+00:00,ADANIPORTS,0.009639576917062742
2025-03-23 18:30:00+00:00,ADANIPORTS,0.01009420730477295
2025-03-24 18:30:00+00:00,ADANIPORTS,-0.015281540804592542
2025-03-25 18:30:00+00:00,ADANIPORTS,-0.0007187959912989816
2025-03-26 18:30:00+00:00,ADANIPORTS,0.012821606838799404
2025-03-27 18:30:00+00:00,ADANIPORTS,-0.011531306405803021
2025-03-31 18:30:00+00:00,ADANIPORTS,-0.006931806080316627
2025-04-01 18:30:00+00:00,ADANIPORTS,0.017620730925206107
2025-04-02 18:30:00+00:00,ADANIPORTS,0.0037225606217956564
2025-04-03 18:30:00+00:00,ADANIPORTS,-0.0429620148865415
2025-04-06 18:30:00+00:00,ADANIPORTS,-0.032829594852920474
2025-04-07 18:30:00+00:00,ADANIPORTS,0.01863769126901249
2025-04-08 18:30:00+00:00,ADANIPORTS,0.00039780348291107437
2025-04-10 18:30:00+00:00,ADANIPORTS,0.028936200743571838
2025-04-14 18:30:00+00:00,ADANIPORTS,0.039714950960126005
2025-04-15 18:30:00+00:00,ADANIPORTS,0.018252326977684197
2025-04-16 18:30:00+00:00,ADANIPORTS,0.02149404383655895
2025-04-20 18:30:00+00:00,ADANIPORTS,-0.012942758458268533
2025-04-21 18:30:00+00:00,ADANIPORTS,-0.007963947713527597
2025-04-22 18:30:00+00:00,ADANIPORTS,0.0047843220574166345
2025-04-23 18:30:00+00:00,ADANIPORTS,-0.002178970161146432
2025-04-24 18:30:00+00:00,ADANIPORTS,-0.03510186466657739
2025-04-27 18:30:00+00:00,ADANIPORTS,0.014165915823979969
2025-04-28 18:30:00+00:00,ADANIPORTS,0.005372325255717625
2025-04-29 18:30:00+00:00,ADANIPORTS,8.2186230367709e-05
2025-05-01 18:30:00+00:00,ADANIPORTS,0.038306626852138814
2025-05-04 18:30:00+00:00,ADANIPORTS,0.06650311438517797
2025-05-05 18:30:00+00:00,ADANIPORTS,-0.019523377041770318
2025-05-06 18:30:00+00:00,ADANIPORTS,0.013173770813350583
2025-05-07 18:30:00+00:00,ADANIPORTS,-0.00381109675659419
2025-05-08 18:30:00+00:00,ADANIPORTS,-0.020103458990763712
2025-05-11 18:30:00+00:00,ADANIPORTS,0.04271602557102039
2025-05-12 18:30:00+00:00,ADANIPORTS,0.005212485722871918
2025-05-13 18:30:00+00:00,ADANIPORTS,0.001899001807890599
2025-05-14 18:30:00+00:00,ADANIPORTS,0.0250764147537903
2025-05-15 18:30:00+00:00,ADANIPORTS,0.0008534679900653597
2025-05-18 18:30:00+00:00,ADANIPORTS,-0.006465799748988976
2025-05-19 18:30:00+00:00,ADANIPORTS,-0.00979769661844021
2025-05-20 18:30:00+00:00,ADANIPORTS,0.0
2025-05-21 18:30:00+00:00,ADANIPORTS,-0.009533363938848294
2025-05-22 18:30:00+00:00,ADANIPORTS,0.01750035509470571
2025-05-25 18:30:00+00:00,ADANIPORTS,0.0034397665494703134
2025-05-26 18:30:00+00:00,ADANIPORTS,0.002856791937416503
2025-05-27 18:30:00+00:00,ADANIPORTS,0.004842624318716515
2025-05-28 18:30:00+00:00,ADANIPORTS,0.019560550912687713
2025-05-29 18:30:00+00:00,ADANIPORTS,-0.004031650197749759
2025-06-01 18:30:00+00:00,ADANIPORTS,0.0245672572350093
2025-06-02 18:30:00+00:00,ADANIPORTS,-0.02431876450736159
2025-06-03 18:30:00+00:00,ADANIPORTS,0.0027228832930976665
2025-06-04 18:30:00+00:00,ADANIPORTS,0.014273699699198561
2025-06-05 18:30:00+00:00,ADANIPORTS,0.01029732704509767
2025-06-08 18:30:00+00:00,ADANIPORTS,-0.003125657672930715
2025-06-09 18:30:00+00:00,ADANIPORTS,0.004566860981845444
2025-06-10 18:30:00+00:00,ADANIPORTS,-0.011806242491103736
2025-06-11 18:30:00+00:00,ADANIPORTS,-0.007278154990152497
2025-06-12 18:30:00+00:00,ADANIPORTS,-0.02349183186062198
2025-06-15 18:30:00+00:00,ADANIPORTS,-0.003131689974421703
2025-06-16 18:30:00+00:00,ADANIPORTS,-0.00592597951055962
2025-06-17 18:30:00+00:00,ADANIPORTS,-0.014149301552326077
2025-06-18 18:30:00+00:00,ADANIPORTS,-0.025207617806613625
2025-06-19 18:30:00+00:00,ADANIPORTS,0.008445477450018668
2025-06-22 18:30:00+00:00,ADANIPORTS,0.004076187505348994
2025-06-23 18:30:00+00:00,ADANIPORTS,0.02561259958758466
2025-06-24 18:30:00+00:00,ADANIPORTS,0.002590842451196451
2025-06-25 18:30:00+00:00,ADANIPORTS,0.02598526586504435
2025-06-26 18:30:00+00:00,ADANIPORTS,0.007626042098499042
2025-06-29 18:30:00+00:00,ADANIPORTS,0.006943480307622041
2025-06-30 18:30:00+00:00,ADANIPORTS,-0.0022065585985499014
2025-07-01 18:30:00+00:00,ADANIPORTS,-0.00214234663851931
2025-07-02 18:30:00+00:00,ADANIPORTS,-0.008864913506265282
2025-07-03 18:30:00+00:00,ADANIPORTS,-0.004681679327911303
2025-07-06 18:30:00+00:00,ADANIPORTS,0.007862925428186562
2025-07-07 18:30:00+00:00,ADANIPORTS,0.00898580707261254
2025-07-08 18:30:00+00:00,ADANIPORTS,-0.0037970314118053183
2025-07-09 18:30:00+00:00,ADANIPORTS,6.928315033793986e-05
2025-07-10 18:30:00+00:00,ADANIPORTS,-0.007899677504625946
2025-07-13 18:30:00+00:00,ADANIPORTS,0.0009080455908800911
2025-07-14 18:30:00+00:00,ADANIPORTS,0.008443807108120982
2025-07-15 18:30:00+00:00,ADANIPORTS,0.008027109391676612
2025-07-16 18:30:00+00:00,ADANIPORTS,-0.002883195793681681
2025-07-17 18:30:00+00:00,ADANIPORTS,-0.00647161749677283
2025-07-20 18:30:00+00:00,ADANIPORTS,0.005127866772402845
2025-07-21 18:30:00+00:00,ADANIPORTS,-0.02054467344234745
2025-07-22 18:30:00+00:00,ADANIPORTS,7.045657752535739e-05
2025-07-23 18:30:00+00:00,ADANIPORTS,-0.006475276552654785
2025-07-24 18:30:00+00:00,ADANIPORTS,-0.010838712824050356
2025-07-27 18:30:00+00:00,ADANIPORTS,-0.014538457436252483
2025-07-28 18:30:00+00:00,ADANIPORTS,0.014462227045103582
2025-07-29 18:30:00+00:00,ADANIPORTS,-0.0013611464867335776
2025-07-30 18:30:00+00:00,ADANIPORTS,-0.014992843912526865
2025-07-31 18:30:00+00:00,ADANIPORTS,-0.018935256326769068
2025-08-03 18:30:00+00:00,ADANIPORTS,0.031029655991155147
2025-08-04 18:30:00+00:00,ADANIPORTS,-0.022175857359581164
2025-08-05 18:30:00+00:00,ADANIPORTS,0.0066269053543845935
2025-08-06 18:30:00+00:00,ADANIPORTS,-0.01587298043990848
2025-08-07 18:30:00+00:00,ADANIPORTS,-0.015162794740506191
2025-08-10 18:30:00+00:00,ADANIPORTS,0.010867942954009502
2025-08-11 18:30:00+00:00,ADANIPORTS,-0.006644784419767347
2025-08-12 18:30:00+00:00,ADANIPORTS,-0.008192427218385978
2025-08-13 18:30:00+00:00,ADANIPORTS,-0.01462558890185095
2025-08-17 18:30:00+00:00,ADANIPORTS,0.02068745776637715
2025-08-18 18:30:00+00:00,ADANIPORTS,0.031796319164211884
2025-08-19 18:30:00+00:00,ADANIPORTS,0.0008762605159062797
2025-08-20 18:30:00+00:00,ADANIPORTS,-0.00642049242270748
2025-08-21 18:30:00+00:00,ADANIPORTS,-0.015127108912925236
2025-08-24 18:30:00+00:00,ADANIPORTS,-0.0005964261757641642
2025-08-25 18:30:00+00:00,ADANIPORTS,-0.01865114857106065
2025-08-27 18:30:00+00:00,ADANIPORTS,0.0
2025-08-28 18:30:00+00:00,ADANIPORTS,-0.001976566472313701
2025-08-31 18:30:00+00:00,ADANIPORTS,0.017138939033468636
2025-09-01 18:30:00+00:00,ADANIPORTS,0.0006739326824256597
2025-09-02 18:30:00+00:00,ADANIPORTS,-0.002843830935991165
2025-09-03 18:30:00+00:00,ADANIPORTS,-0.003152261456940808
2025-09-04 18:30:00+00:00,ADANIPORTS,-0.00481847807485869
2025-09-07 18:30:00+00:00,ADANIPORTS,0.020048418082216246
2025-09-08 18:30:00+00:00,ADANIPORTS,0.02417857628520581
2025-09-09 18:30:00+00:00,ADANIPORTS,0.005938120810269565
2025-09-10 18:30:00+00:00,ADANIPORTS,0.0028795623571389317
2025-09-11 18:30:00+00:00,ADANIPORTS,0.0
2025-09-14 18:30:00+00:00,ADANIPORTS,0.001507411975263384
2025-09-15 18:30:00+00:00,ADANIPORTS,0.00931766087655106
2025-09-16 18:30:00+00:00,ADANIPORTS,-0.00149124815988666
2025-09-17 18:30:00+00:00,ADANIPORTS,0.004765004877690604
2025-09-18 18:30:00+00:00,ADANIPORTS,0.01061721367609092
2025-09-21 18:30:00+00:00,ADANIPORTS,0.011486133760262973
2025-09-22 18:30:00+00:00,ADANIPORTS,-0.0018002878229069763
2025-09-23 18:30:00+00:00,ADANIPORTS,-0.006936737076410848
2025-09-24 18:30:00+00:00,ADANIPORTS,-0.01704388434630688
2025-09-25 18:30:00+00:00,ADANIPORTS,-0.010801557489550029
2025-09-28 18:30:00+00:00,ADANIPORTS,-0.006321874158135787
2025-09-29 18:30:00+00:00,ADANIPORTS,0.014676149179246645
2025-09-30 18:30:00+00:00,ADANIPORTS,0.013680050710277891
2025-10-02 18:30:00+00:00,ADANIPORTS,-0.002530382870240655
2025-10-05 18:30:00+00:00,ADANIPORTS,-0.013106881760221123
2025-10-06 18:30:00+00:00,ADANIPORTS,-0.000714030703320212
2025-10-07 18:30:00+00:00,ADANIPORTS,-0.0037155778291354524
2025-10-08 18:30:00+00:00,ADANIPORTS,0.0009323149338660297
2025-10-09 18:30:00+00:00,ADANIPORTS,0.009888255280551261
2025-10-12 18:30:00+00:00,ADANIPORTS,0.02015043559110863
2025-10-13 18:30:00+00:00,ADANIPORTS,-0.006120495569114426
2025-10-14 18:30:00+00:00,ADANIPORTS,0.01518541019725328
2025-10-15 18:30:00+00:00,ADANIPORTS,0.01985251933376042
2025-10-16 18:30:00+00:00,ADANIPORTS,-6.75739005998599e-05
2025-10-19 18:30:00+00:00,ADANIPORTS,-0.008381792760192575
2025-10-20 18:30:00+00:00,ADANIPORTS,0.004430811179277461
2025-10-22 18:30:00+00:00,ADANIPORTS,-0.013844604285078055
2025-10-23 18:30:00+00:00,ADANIPORTS,-0.016585215051166502
2025-10-26 18:30:00+00:00,ADANIPORTS,-0.005878253613759599
2025-10-27 18:30:00+00:00,ADANIPORTS,-0.001900571039191612
2025-10-28 18:30:00+00:00,ADANIPORTS,0.026024419055434622
2025-10-29 18:30:00+00:00,ADANIPORTS,0.002130860243257926
2025-10-30 18:30:00+00:00,ADANIPORTS,-0.004389892521357686
2025-11-02 18:30:00+00:00,ADANIPORTS,-0.004684842458232863
2025-11-03 18:30:00+00:00,ADANIPORTS,-0.00020760487848647813
2025-11-05 18:30:00+00:00,ADANIPORTS,-0.005261683368511738
2025-11-06 18:30:00+00:00,ADANIPORTS,0.008003897278107353
2025-11-09 18:30:00+00:00,ADANIPORTS,-0.002347596699187826
2025-11-10 18:30:00+00:00,ADANIPORTS,0.020416637484633515
2025-11-11 18:30:00+00:00,ADANIPORTS,0.02204286452919435
2025-11-12 18:30:00+00:00,ADANIPORTS,-0.0052425670489548715
2025-11-13 18:30:00+00:00,ADANIPORTS,0.009139393710390298
2025-11-16 18:30:00+00:00,ADANIPORTS,-0.003371438983644226
2025-11-17 18:30:00+00:00,ADANIPORTS,-0.00835763849162996
2025-11-18 18:30:00+00:00,ADANIPORTS,-0.007224112928511661
2025-11-19 18:30:00+00:00,ADANIPORTS,0.004648985743878065
2025-11-20 18:30:00+00:00,ADANIPORTS,-0.0075782489053908275
2025-11-23 18:30:00+00:00,ADANIPORTS,0.004122162038559196
2025-11-24 18:30:00+00:00,ADANIPORTS,-0.0013459855758388706
2025-11-25 18:30:00+00:00,ADANIPORTS,0.01502791723897845
2025-11-26 18:30:00+00:00,ADANIPORTS,0.0019253913876482454
2025-11-27 18:30:00+00:00,ADANIPORTS,0.005168676001797934
2025-11-30 18:30:00+00:00,ADANIPORTS,0.00896563739669709
2025-12-01 18:30:00+00:00,ADANIPORTS,-0.008101943426372049
2025-12-02 18:30:00+00:00,ADANIPORTS,-0.013437866242102192
2025-12-03 18:30:00+00:00,ADANIPORTS,0.005274771096761555
2025-12-04 18:30:00+00:00,ADANIPORTS,0.00252394320519711
2025-12-07 18:30:00+00:00,ADANIPORTS,-0.01914669666530666
2025-12-08 18:30:00+00:00,ADANIPORTS,0.01127994000126642
2025-12-09 18:30:00+00:00,ADANIPORTS,0.0006011384206618953
2025-12-10 18:30:00+00:00,ADANIPORTS,0.003938338235240257
2025-12-11 18:30:00+00:00,ADANIPORTS,0.012500032465508681
2025-12-14 18:30:00+00:00,ADANIPORTS,-0.006698235431524258
2025-12-15 18:30:00+00:00,ADANIPORTS,-0.008991125086240559
2025-12-16 18:30:00+00:00,ADANIPORTS,-0.008472282302785183
2025-12-17 18:30:00+00:00,ADANIPORTS,0.006324363880066741
2025-12-18 18:30:00+00:00,ADANIPORTS,0.00046805727421395105
2025-12-21 18:30:00+00:00,ADANIPORTS,0.008219678265929398
2025-12-22 18:30:00+00:00,ADANIPORTS,-0.010008600831602488
2025-12-23 18:30:00+00:00,ADANIPORTS,0.00046871535460013547
2025-12-25 18:30:00+00:00,ADANIPORTS,-0.00481835843332401
2025-12-28 18:30:00+00:00,ADANIPORTS,-0.021989073840843032
2025-12-29 18:30:00+00:00,ADANIPORTS,0.004675417109231583
2025-12-30 18:30:00+00:00,ADANIPORTS,0.005885640530820524
2025-12-31 18:30:00+00:00,ADANIPORTS,0.007688070745964337
2026-01-01 18:30:00+00:00,ADANIPORTS,0.005671476978277079
2026-01-04 18:30:00+00:00,ADANIPORTS,0.0023497818059752262
2026-01-05 18:30:00+00:00,ADANIPORTS,-0.013261921519172826
2026-01-06 18:30:00+00:00,ADANIPORTS,-0.005362410131405371
2026-01-07 18:30:00+00:00,ADANIPORTS,-6.831205412849428e-05
2026-01-08 18:30:00+00:00,ADANIPORTS,-0.019997220675838978
2026-01-11 18:30:00+00:00,ADANIPORTS,0.005292830598731202
2026-01-12 18:30:00+00:00,ADANIPORTS,-0.010322150615907466
2026-01-13 18:30:00+00:00,ADANIPORTS,0.0009799975066415723
2026-01-14 18:30:00+00:00,ADANIPORTS,0.0
2026-01-15 18:30:00+00:00,ADANIPORTS,-0.005664318591564688
2026-01-18 18:30:00+00:00,ADANIPORTS,-0.013292090927314537
2026-01-19 18:30:00+00:00,ADANIPORTS,-0.02523166387317355
2026-01-20 18:30:00+00:00,ADANIPORTS,0.008043287654554865
2026-01-21 18:30:00+00:00,ADANIPORTS,0.025823281746981452
2026-01-22 18:30:00+00:00,ADANIPORTS,-0.0748125656984654
2026-01-26 18:30:00+00:00,ADANIPORTS,0.042418219936104284
2026-01-27 18:30:00+00:00,ADANIPORTS,0.01319744825705449
2026-01-28 18:30:00+00:00,ADANIPORTS,0.025978742151976153
2026-01-29 18:30:00+00:00,ADANIPORTS,0.0014106361483434693
2026-02-01 18:30:00+00:00,ADANIPORTS,-0.011762271212746755
2026-02-02 18:30:00+00:00,ADANIPORTS,0.09101281124950455
2026-02-03 18:30:00+00:00,ADANIPORTS,0.02423567703328633
2026-02-04 18:30:00+00:00,ADANIPORTS,0.0014668835525224466
2026-02-05 18:30:00+00:00,ADANIPORTS,-0.012418800539031216
2025-01-01 18:30:00+00:00,APOLLOHOSP,0.007055989988081102
2025-01-02 18:30:00+00:00,APOLLOHOSP,-0.016613529855424636
2025-01-05 18:30:00+00:00,APOLLOHOSP,0.017921784846275157
2025-01-06 18:30:00+00:00,APOLLOHOSP,0.0010230007446296874
2025-01-07 18:30:00+00:00,APOLLOHOSP,-0.03954683199128872
2025-01-08 18:30:00+00:00,APOLLOHOSP,-0.007154248944036823
2025-01-09 18:30:00+00:00,APOLLOHOSP,-0.007727464249396965
2025-01-12 18:30:00+00:00,APOLLOHOSP,-0.02801716025583001
2025-01-13 18:30:00+00:00,APOLLOHOSP,-0.019409032432449402
2025-01-14 18:30:00+00:00,APOLLOHOSP,-0.0022365634098722165
2025-01-15 18:30:00+00:00,APOLLOHOSP,0.014614805893771177
2025-01-16 18:30:00+00:00,APOLLOHOSP,0.00566304146154839
2025-01-19 18:30:00+00:00,APOLLOHOSP,-0.006919948284665467
2025-01-20 18:30:00+00:00,APOLLOHOSP,0.020395616151205775
2025-01-21 18:30:00+00:00,APOLLOHOSP,-0.003793787500490864
2025-01-22 18:30:00+00:00,APOLLOHOSP,0.00405491984345141
2025-01-23 18:30:00+00:00,APOLLOHOSP,-0.02540155525818577
2025-01-26 18:30:00+00:00,APOLLOHOSP,-0.007353420992824322
2025-01-27 18:30:00+00:00,APOLLOHOSP,0.002016319655767651
2025-01-28 18:30:00+00:00,APOLLOHOSP,0.011231129567754738
2025-01-29 18:30:00+00:00,APOLLOHOSP,0.00594758490093561
2025-01-30 18:30:00+00:00,APOLLOHOSP,-0.0020733465812486918
2025-01-31 18:30:00+00:00,APOLLOHOSP,0.004493113389486547
2025-02-02 18:30:00+00:00,APOLLOHOSP,-0.0062051542628945855
2025-02-03 18:30:00+00:00,APOLLOHOSP,-0.0009487119438613689
2025-02-04 18:30:00+00:00,APOLLOHOSP,0.022444857364170456
2025-02-05 18:30:00+00:00,APOLLOHOSP,-0.010137333972533247
2025-02-06 18:30:00+00:00,APOLLOHOSP,-0.012175897226103016
2025-02-09 18:30:00+00:00,APOLLOHOSP,-0.004314744473382981
2025-02-10 18:30:00+00:00,APOLLOHOSP,-0.06565356054577731
2025-02-11 18:30:00+00:00,APOLLOHOSP,0.0090543824047844
2025-02-12 18:30:00+00:00,APOLLOHOSP,-0.00036866433066606863
2025-02-13 18:30:00+00:00,APOLLOHOSP,-0.014568072620465888
2025-02-16 18:30:00+00:00,APOLLOHOSP,0.004736476388414124
2025-02-17 18:30:00+00:00,APOLLOHOSP,0.012166238977842747
2025-02-18 18:30:00+00:00,APOLLOHOSP,0.007182191587364217
2025-02-19 18:30:00+00:00,APOLLOHOSP,-0.004935611274976881
2025-02-20 18:30:00+00:00,APOLLOHOSP,-0.011485064107575771
2025-02-23 18:30:00+00:00,APOLLOHOSP,-0.01047075322776192
2025-02-24 18:30:00+00:00,APOLLOHOSP,-7.977162790662184e-06
2025-02-26 18:30:00+00:00,APOLLOHOSP,-0.010581712646383079
2025-02-27 18:30:00+00:00,APOLLOHOSP,-0.02143829898703642
2025-03-02 18:30:00+00:00,APOLLOHOSP,0.019495747898666815
2025-03-03 18:30:00+00:00,APOLLOHOSP,0.0028440959101145857
2025-03-04 18:30:00+00:00,APOLLOHOSP,0.0042419569049223504
2025-03-05 18:30:00+00:00,APOLLOHOSP,0.009606775203584439
2025-03-06 18:30:00+00:00,APOLLOHOSP,-0.009244341764169106
2025-03-09 18:30:00+00:00,APOLLOHOSP,-0.010698033764975912
2025-03-10 18:30:00+00:00,APOLLOHOSP,-0.0024066881635097515
2025-03-11 18:30:00+00:00,APOLLOHOSP,0.001458876862456826
2025-03-12 18:30:00+00:00,APOLLOHOSP,-0.00620142022542014
2025-03-16 18:30:00+00:00,APOLLOHOSP,0.008352960903034168
2025-03-17 18:30:00+00:00,APOLLOHOSP,0.0
2025-03-18 18:30:00+00:00,APOLLOHOSP,0.044001124143263626
2025-03-19 18:30:00+00:00,APOLLOHOSP,0.007281242864229931
2025-03-20 18:30:00+00:00,APOLLOHOSP,0.021191285434440488
2025-03-23 18:30:00+00:00,APOLLOHOSP,0.0006428238401643416
2025-03-24 18:30:00+00:00,APOLLOHOSP,0.00436836444539157
2025-03-25 18:30:00+00:00,APOLLOHOSP,-0.01879699358764475
2025-03-26 18:30:00+00:00,APOLLOHOSP,-0.004256239426234432
2025-03-27 18:30:00+00:00,APOLLOHOSP,0.019123451790014068
2025-03-31 18:30:00+00:00,APOLLOHOSP,0.0024332989449151743
2025-04-01 18:30:00+00:00,APOLLOHOSP,0.015055155007678955
2025-04-02 18:30:00+00:00,APOLLOHOSP,-0.00903127405169768
2025-04-03 18:30:00+00:00,APOLLOHOSP,0.006475414275181279
2025-04-06 18:30:00+00:00,APOLLOHOSP,-0.004654058714476994
2025-04-07 18:30:00+00:00,APOLLOHOSP,0.010818073956790242
2025-04-08 18:30:00+00:00,APOLLOHOSP,0.011619953794324234
2025-04-10 18:30:00+00:00,APOLLOHOSP,-0.007777172476426952
2025-04-14 18:30:00+00:00,APOLLOHOSP,0.018293851034126174
2025-04-15 18:30:00+00:00,APOLLOHOSP,0.014554678977994007
2025-04-16 18:30:00+00:00,APOLLOHOSP,0.009706661135662431
2025-04-20 18:30:00+00:00,APOLLOHOSP,0.009754763077628681
2025-04-21 18:30:00+00:00,APOLLOHOSP,-0.00756040344877229
2025-04-22 18:30:00+00:00,APOLLOHOSP,0.007547440492899682
2025-04-23 18:30:00+00:00,APOLLOHOSP,0.0024502814120204164
2025-04-24 18:30:00+00:00,APOLLOHOSP,-0.028842770975405996
2025-04-27 18:30:00+00:00,APOLLOHOSP,0.013231688464703018
2025-04-28 18:30:00+00:00,APOLLOHOSP,-0.007452124663664406
2025-04-29 18:30:00+00:00,APOLLOHOSP,-0.0022166313705602736
2025-05-01 18:30:00+00:00,APOLLOHOSP,-0.0070230956867356475
2025-05-04 18:30:00+00:00,APOLLOHOSP,0.006639753299940709
2025-05-05 18:30:00+00:00,APOLLOHOSP,0.005018614750722961
2025-05-06 18:30:00+00:00,APOLLOHOSP,-0.0037095211927499205
2025-05-07 18:30:00+00:00,APOLLOHOSP,-0.018831467162625626
2025-05-08 18:30:00+00:00,APOLLOHOSP,-0.01890090248748144
2025-05-11 18:30:00+00:00,APOLLOHOSP,0.03034804275318348
2025-05-12 18:30:00+00:00,APOLLOHOSP,-0.001227206934195646
2025-05-13 18:30:00+00:00,APOLLOHOSP,-0.00014460457433884688
2025-05-14 18:30:00+00:00,APOLLOHOSP,0.022554790157323756
2025-05-15 18:30:00+00:00,APOLLOHOSP,-0.008130118393768981
2025-05-18 18:30:00+00:00,APOLLOHOSP,-0.005773345151645959
2025-05-19 18:30:00+00:00,APOLLOHOSP,-0.00896119004738416
2025-05-20 18:30:00+00:00,APOLLOHOSP,0.010416702033148262
2025-05-21 18:30:00+00:00,APOLLOHOSP,-0.004223956573030541
2025-05-22 18:30:00+00:00,APOLLOHOSP,0.015817095570078488
2025-05-25 18:30:00+00:00,APOLLOHOSP,0.0045296752484722536
2025-05-26 18:30:00+00:00,APOLLOHOSP,-0.0032410491370579164
2025-05-27 18:30:00+00:00,APOLLOHOSP,-0.01654056200822107
2025-05-28 18:30:00+00:00,APOLLOHOSP,-0.004815689416461044
2025-05-29 18:30:00+00:00,APOLLOHOSP,-0.006138905447452325
2025-06-01 18:30:00+00:00,APOLLOHOSP,0.005086813274345792
2025-06-02 18:30:00+00:00,APOLLOHOSP,-0.014894054290755854
2025-06-03 18:30:00+00:00,APOLLOHOSP,0.006238479306079681
2025-06-04 18:30:00+00:00,APOLLOHOSP,0.003063455894629641
2025-06-05 18:30:00+00:00,APOLLOHOSP,0.009671327866817236
2025-06-08 18:30:00+00:00,APOLLOHOSP,-0.0015123875498025408
2025-06-09 18:30:00+00:00,APOLLOHOSP,-0.001947514096608205
2025-06-10 18:30:00+00:00,APOLLOHOSP,0.0013008997613239703
2025-06-11 18:30:00+00:00,APOLLOHOSP,0.00996027773684438
2025-06-12 18:30:00+00:00,APOLLOHOSP,-0.0002858737089476149
2025-06-15 18:30:00+00:00,APOLLOHOSP,0.017084842445603377
2025-06-16 18:30:00+00:00,APOLLOHOSP,-0.015111010376234413
2025-06-17 18:30:00+00:00,APOLLOHOSP,-0.010418904681183783
2025-06-18 18:30:00+00:00,APOLLOHOSP,0.01096127278788872
2025-06-19 18:30:00+00:00,APOLLOHOSP,0.007703786782617517
2025-06-22 18:30:00+00:00,APOLLOHOSP,-0.007928054262468676
2025-06-23 18:30:00+00:00,APOLLOHOSP,-0.00021405128049134525
2025-06-24 18:30:00+00:00,APOLLOHOSP,0.005138470165902964
2025-06-25 18:30:00+00:00,APOLLOHOSP,0.008449288301936031
2025-06-26 18:30:00+00:00,APOLLOHOSP,0.029148766839606433
2025-06-29 18:30:00+00:00,APOLLOHOSP,-0.009099001021762865
2025-06-30 18:30:00+00:00,APOLLOHOSP,0.03507318336427989
2025-07-01 18:30:00+00:00,APOLLOHOSP,-0.007337246105137196
2025-07-02 18:30:00+00:00,APOLLOHOSP,0.016664468855371428
2025-07-03 18:30:00+00:00,APOLLOHOSP,-0.001520165523677397
2025-07-06 18:30:00+00:00,APOLLOHOSP,0.00827428561664223
2025-07-07 18:30:00+00:00,APOLLOHOSP,-0.006696397763741868
2025-07-08 18:30:00+00:00,APOLLOHOSP,-0.012690040886519816
2025-07-09 18:30:00+00:00,APOLLOHOSP,-0.014727539343892926
2025-07-10 18:30:00+00:00,APOLLOHOSP,-0.02303300445935097
2025-07-13 18:30:00+00:00,APOLLOHOSP,0.0042422874949490375
2025-07-14 18:30:00+00:00,APOLLOHOSP,0.019459822268365068
2025-07-15 18:30:00+00:00,APOLLOHOSP,-0.0010868789801471435
2025-07-16 18:30:00+00:00,APOLLOHOSP,-0.0002720320166589296
2025-07-17 18:30:00+00:00,APOLLOHOSP,-0.006394126074689144
2025-07-20 18:30:00+00:00,APOLLOHOSP,-0.006709131143284197
2025-07-21 18:30:00+00:00,APOLLOHOSP,-0.0011027600811768234
2025-07-22 18:30:00+00:00,APOLLOHOSP,0.017525735636418016
2025-07-23 18:30:00+00:00,APOLLOHOSP,-0.001356219993284502
2025-07-24 18:30:00+00:00,APOLLOHOSP,0.014259516358954949
2025-07-27 18:30:00+00:00,APOLLOHOSP,-0.01499633246671972
2025-07-28 18:30:00+00:00,APOLLOHOSP,0.013525486925770158
2025-07-29 18:30:00+00:00,APOLLOHOSP,-0.0008047018930953387
2025-07-30 18:30:00+00:00,APOLLOHOSP,0.00644293092785353
2025-07-31 18:30:00+00:00,APOLLOHOSP,-0.019538578927319583
2025-08-03 18:30:00+00:00,APOLLOHOSP,-0.005917152286500471
2025-08-04 18:30:00+00:00,APOLLOHOSP,-0.004652436693899253
2025-08-05 18:30:00+00:00,APOLLOHOSP,-0.011616665237273449
2025-08-06 18:30:00+00:00,APOLLOHOSP,-0.002712292202103783
2025-08-07 18:30:00+00:00,APOLLOHOSP,-0.011924743353210698
2025-08-10 18:30:00+00:00,APOLLOHOSP,0.02463129657014096
2025-08-11 18:30:00+00:00,APOLLOHOSP,-0.003099594084578161
2025-08-12 18:30:00+00:00,APOLLOHOSP,0.07904370172376174
2025-08-13 18:30:00+00:00,APOLLOHOSP,0.001664854569412233
2025-08-17 18:30:00+00:00,APOLLOHOSP,0.00012782883812345602
2025-08-18 18:30:00+00:00,APOLLOHOSP,0.0014080000000000759
2025-08-19 18:30:00+00:00,APOLLOHOSP,0.007605291749217091
2025-08-20 18:30:00+00:00,APOLLOHOSP,0.00551820372954448
2025-08-21 18:30:00+00:00,APOLLOHOSP,-0.0005046363464328296
2025-08-24 18:30:00+00:00,APOLLOHOSP,-0.009024928999684434
2025-08-25 18:30:00+00:00,APOLLOHOSP,-0.007323907782448069
2025-08-27 18:30:00+00:00,APOLLOHOSP,-0.008404439597100133
2025-08-28 18:30:00+00:00,APOLLOHOSP,-0.015269151138716408
2025-08-31 18:30:00+00:00,APOLLOHOSP,0.008081471747700464
2025-09-01 18:30:00+00:00,APOLLOHOSP,0.0013687023398292197
2025-09-02 18:30:00+00:00,APOLLOHOSP,0.007029419422025507
2025-09-03 18:30:00+00:00,APOLLOHOSP,0.02119958634953467
2025-09-04 18:30:00+00:00,APOLLOHOSP,-0.012088607594936684
2025-09-07 18:30:00+00:00,APOLLOHOSP,-0.0023063617143955772
2025-09-08 18:30:00+00:00,APOLLOHOSP,0.005008668849932674
2025-09-09 18:30:00+00:00,APOLLOHOSP,0.01322599194939622
2025-09-10 18:30:00+00:00,APOLLOHOSP,-0.006242905788876318
2025-09-11 18:30:00+00:00,APOLLOHOSP,-0.0006345580303318554
2025-09-14 18:30:00+00:00,APOLLOHOSP,-0.007365547018858387
2025-09-15 18:30:00+00:00,APOLLOHOSP,0.004605641911341385
2025-09-16 18:30:00+00:00,APOLLOHOSP,0.004520853231454902
2025-09-17 18:30:00+00:00,APOLLOHOSP,-0.004754056795131856
2025-09-18 18:30:00+00:00,APOLLOHOSP,-0.00560473855168464
2025-09-21 18:30:00+00:00,APOLLOHOSP,-0.008646640619996204
2025-09-22 18:30:00+00:00,APOLLOHOSP,-0.007106861351595772
2025-09-23 18:30:00+00:00,APOLLOHOSP,-0.005270692347735584
2025-09-24 18:30:00+00:00,APOLLOHOSP,-0.002551187283312606
2025-09-25 18:30:00+00:00,APOLLOHOSP,-0.014952780692549794
2025-09-28 18:30:00+00:00,APOLLOHOSP,-0.008788282290279614
2025-09-29 18:30:00+00:00,APOLLOHOSP,-0.004701773240193496
2025-09-30 18:30:00+00:00,APOLLOHOSP,0.004319071399649044
2025-10-02 18:30:00+00:00,APOLLOHOSP,0.0011423195807014341
2025-10-05 18:30:00+00:00,APOLLOHOSP,0.02852540438955642
2025-10-06 18:30:00+00:00,APOLLOHOSP,0.004959540589924316
2025-10-07 18:30:00+00:00,APOLLOHOSP,-0.004935064935064903
2025-10-08 18:30:00+00:00,APOLLOHOSP,0.004306969459671128
2025-10-09 18:30:00+00:00,APOLLOHOSP,-0.001819363222872017
2025-10-12 18:30:00+00:00,APOLLOHOSP,-0.0013019138133055774
2025-10-13 18:30:00+00:00,APOLLOHOSP,0.011471776821796453
2025-10-14 18:30:00+00:00,APOLLOHOSP,0.008635133393478434
2025-10-15 18:30:00+00:00,APOLLOHOSP,0.0009583439815998851
2025-10-16 18:30:00+00:00,APOLLOHOSP,0.008680666368800605
2025-10-19 18:30:00+00:00,APOLLOHOSP,0.013731569955071743
2025-10-20 18:30:00+00:00,APOLLOHOSP,0.00024968789013724013
2025-10-22 18:30:00+00:00,APOLLOHOSP,-0.005429355966050875
2025-10-23 18:30:00+00:00,APOLLOHOSP,-0.01643973144255506
2025-10-26 18:30:00+00:00,APOLLOHOSP,0.0010207336523126997
2025-10-27 18:30:00+00:00,APOLLOHOSP,0.004461156076731809
2025-10-28 18:30:00+00:00,APOLLOHOSP,-0.002791701034198346
2025-10-29 18:30:00+00:00,APOLLOHOSP,-0.008716676210472785
2025-10-30 18:30:00+00:00,APOLLOHOSP,-0.01399229781771505
2025-11-02 18:30:00+00:00,APOLLOHOSP,0.01868246322093481
2025-11-03 18:30:00+00:00,APOLLOHOSP,-0.0017892517093743843
2025-11-05 18:30:00+00:00,APOLLOHOSP,-0.003648934127136516
2025-11-06 18:30:00+00:00,APOLLOHOSP,-0.01799023387304033
2025-11-09 18:30:00+00:00,APOLLOHOSP,-0.014721277152577872
2025-11-10 18:30:00+00:00,APOLLOHOSP,-0.00378511189321995
2025-11-11 18:30:00+00:00,APOLLOHOSP,-0.000399946673776852
2025-11-12 18:30:00+00:00,APOLLOHOSP,-0.0076687116564416735
2025-11-13 18:30:00+00:00,APOLLOHOSP,-0.0026879913984275694
2025-11-16 18:30:00+00:00,APOLLOHOSP,0.009029041169732466
2025-11-17 18:30:00+00:00,APOLLOHOSP,-0.013622704507512573
2025-11-18 18:30:00+00:00,APOLLOHOSP,0.009951932841378408
2025-11-19 18:30:00+00:00,APOLLOHOSP,-0.004826384233811543
2025-11-20 18:30:00+00:00,APOLLOHOSP,-0.004310925501818663
2025-11-23 18:30:00+00:00,APOLLOHOSP,-0.0049384386415911585
2025-11-24 18:30:00+00:00,APOLLOHOSP,-0.0032633081786661577
2025-11-25 18:30:00+00:00,APOLLOHOSP,0.008526021417365692
2025-11-26 18:30:00+00:00,APOLLOHOSP,-0.009536047612606513
2025-11-27 18:30:00+00:00,APOLLOHOSP,0.0017753499487880298
2025-11-30 18:30:00+00:00,APOLLOHOSP,-0.006543521232363125
2025-12-01 18:30:00+00:00,APOLLOHOSP,-0.006243567753001722
2025-12-02 18:30:00+00:00,APOLLOHOSP,-0.00800883733775204
2025-12-03 18:30:00+00:00,APOLLOHOSP,0.002366369710467664
2025-12-04 18:30:00+00:00,APOLLOHOSP,-0.001597000416608818
2025-12-07 18:30:00+00:00,APOLLOHOSP,-0.013005076848181418
2025-12-08 18:30:00+00:00,APOLLOHOSP,-0.0007046223224351778
2025-12-09 18:30:00+00:00,APOLLOHOSP,-0.01022422789451416
2025-12-10 18:30:00+00:00,APOLLOHOSP,-0.0012823252831801746
2025-12-11 18:30:00+00:00,APOLLOHOSP,0.013053712818317909
2025-12-14 18:30:00+00:00,APOLLOHOSP,-0.002041965920292932
2025-12-15 18:30:00+00:00,APOLLOHOSP,-0.004938968461158488
2025-12-16 18:30:00+00:00,APOLLOHOSP,-0.018435793802736966
2025-12-17 18:30:00+00:00,APOLLOHOSP,-0.00043343205952461883
2025-12-18 18:30:00+00:00,APOLLOHOSP,0.013586760135867681
2025-12-21 18:30:00+00:00,APOLLOHOSP,0.005918003565062335
2025-12-22 18:30:00+00:00,APOLLOHOSP,0.0027643889991493253
2025-12-23 18:30:00+00:00,APOLLOHOSP,0.013925213826252891
2025-12-25 18:30:00+00:00,APOLLOHOSP,-0.002230897936419396
2025-12-28 18:30:00+00:00,APOLLOHOSP,-0.009991615427613176
2025-12-29 18:30:00+00:00,APOLLOHOSP,-0.01333897946220619
2025-12-30 18:30:00+00:00,APOLLOHOSP,0.007510729613734002
2025-12-31 18:30:00+00:00,APOLLOHOSP,0.009797657082002198
2026-01-01 18:30:00+00:00,APOLLOHOSP,0.0025311115798354322
2026-01-04 18:30:00+00:00,APOLLOHOSP,-0.006522196507468991
2026-01-05 18:30:00+00:00,APOLLOHOSP,0.03741352534236908
2026-01-06 18:30:00+00:00,APOLLOHOSP,0.013541099618944008
2026-01-07 18:30:00+00:00,APOLLOHOSP,-0.011144679422625092
2026-01-08 18:30:00+00:00,APOLLOHOSP,-0.0146649467037816
2026-01-11 18:30:00+00:00,APOLLOHOSP,0.0016536897953558505
2026-01-12 18:30:00+00:00,APOLLOHOSP,0.005915938639334151
2026-01-13 18:30:00+00:00,APOLLOHOSP,-0.0053340627778157845
2026-01-14 18:30:00+00:00,APOLLOHOSP,0.0
2026-01-15 18:30:00+00:00,APOLLOHOSP,-0.00508765898934338
2026-01-18 18:30:00+00:00,APOLLOHOSP,-0.014166263561605996
2026-01-19 18:30:00+00:00,APOLLOHOSP,-0.030912659470068715
2026-01-20 18:30:00+00:00,APOLLOHOSP,-0.012441229656419583
2026-01-21 18:30:00+00:00,APOLLOHOSP,-0.00432139456529701
2026-01-22 18:30:00+00:00,APOLLOHOSP,0.0008827423863468908
2026-01-26 18:30:00+00:00,APOLLOHOSP,-0.0013964427458473816
2026-01-27 18:30:00+00:00,APOLLOHOSP,0.012364760432766575
2026-01-28 18:30:00+00:00,APOLLOHOSP,-0.011123227917121059
2026-01-29 18:30:00+00:00,APOLLOHOSP,0.023452433465666722
2026-02-01 18:30:00+00:00,APOLLOHOSP,-0.003879031678758693
2026-02-02 18:30:00+00:00,APOLLOHOSP,0.022355231845388346
2026-02-03 18:30:00+00:00,APOLLOHOSP,0.0038795231713337763
2026-02-04 18:30:00+00:00,APOLLOHOSP,0.000843170320404818
2026-02-05 18:30:00+00:00,APOLLOHOSP,0.004282504914350005
2025-01-01 18:30:00+00:00,ASIANPAINT,0.016748843796849933
2025-01-02 18:30:00+00:00,ASIANPAINT,-0.003115406528852449
2025-01-05 18:30:00+00:00,ASIANPAINT,-0.029452741910674707
2025-01-06 18:30:00+00:00,ASIANPAINT,0.011225627826408013
2025-01-07 18:30:00+00:00,ASIANPAINT,0.01821080491324989
2025-01-08 18:30:00+00:00,ASIANPAINT,0.006789913656629842
2025-01-09 18:30:00+00:00,ASIANPAINT,-0.012530932520667393
2025-01-12 18:30:00+00:00,ASIANPAINT,-0.029343972818993702
2025-01-13 18:30:00+00:00,ASIANPAINT,-0.005637768524702991
2025-01-14 18:30:00+00:00,ASIANPAINT,-0.004575954902138357
2025-01-15 18:30:00+00:00,ASIANPAINT,-0.006323670411661708
2025-01-16 18:30:00+00:00,ASIANPAINT,0.02049103136591013
2025-01-19 18:30:00+00:00,ASIANPAINT,0.008646604149662673
2025-01-20 18:30:00+00:00,ASIANPAINT,-0.008857505668836141
2025-01-21 18:30:00+00:00,ASIANPAINT,0.0007742814532734066
2025-01-22 18:30:00+00:00,ASIANPAINT,0.006299424254616159
2025-01-23 18:30:00+00:00,ASIANPAINT,-0.006128380962623026
2025-01-26 18:30:00+00:00,ASIANPAINT,-0.004817858570997591
2025-01-27 18:30:00+00:00,ASIANPAINT,-0.004308169245090476
2025-01-28 18:30:00+00:00,ASIANPAINT,-0.008319306371845636
2025-01-29 18:30:00+00:00,ASIANPAINT,0.012010035614398396
2025-01-30 18:30:00+00:00,ASIANPAINT,0.02264593786206759
2025-01-31 18:30:00+00:00,ASIANPAINT,0.02188371331745631
2025-02-02 18:30:00+00:00,ASIANPAINT,-0.025051530312250936
2025-02-03 18:30:00+00:00,ASIANPAINT,0.027091336314581715
2025-02-04 18:30:00+00:00,ASIANPAINT,-0.0336187170937815
2025-02-05 18:30:00+00:00,ASIANPAINT,-0.0051863224520276585
2025-02-06 18:30:00+00:00,ASIANPAINT,0.0033577854076709546
2025-02-09 18:30:00+00:00,ASIANPAINT,-0.0003743500761087537
2025-02-10 18:30:00+00:00,ASIANPAINT,-0.012906597779299922
2025-02-11 18:30:00+00:00,ASIANPAINT,-0.005622854660913501
2025-02-12 18:30:00+00:00,ASIANPAINT,0.0036576142578070847
2025-02-13 18:30:00+00:00,ASIANPAINT,-0.0022804091053493236
2025-02-16 18:30:00+00:00,ASIANPAINT,0.008761695615546738
2025-02-17 18:30:00+00:00,ASIANPAINT,-0.005886658471626505
2025-02-18 18:30:00+00:00,ASIANPAINT,0.0006703228931479455
2025-02-19 18:30:00+00:00,ASIANPAINT,0.0044437831671875205
2025-02-20 18:30:00+00:00,ASIANPAINT,0.0038015420790966648
2025-02-23 18:30:00+00:00,ASIANPAINT,-0.005049563220159814
2025-02-24 18:30:00+00:00,ASIANPAINT,-0.00954953246611423
2025-02-26 18:30:00+00:00,ASIANPAINT,-0.004989351317774449
2025-02-27 18:30:00+00:00,ASIANPAINT,-0.015314005676560938
2025-03-02 18:30:00+00:00,ASIANPAINT,-0.006124637008440126
2025-03-03 18:30:00+00:00,ASIANPAINT,-0.015832660496617246
2025-03-04 18:30:00+00:00,ASIANPAINT,0.015032013038323688
2025-03-05 18:30:00+00:00,ASIANPAINT,0.04784806298643707
2025-03-06 18:30:00+00:00,ASIANPAINT,0.0010142292445385337
2025-03-09 18:30:00+00:00,ASIANPAINT,0.0037886348347415666
2025-03-10 18:30:00+00:00,ASIANPAINT,0.003861843517468211
2025-03-11 18:30:00+00:00,ASIANPAINT,-0.01578205455734938
2025-03-12 18:30:00+00:00,ASIANPAINT,-0.008883688723632321
2025-03-16 18:30:00+00:00,ASIANPAINT,-0.00526602005830068
2025-03-17 18:30:00+00:00,ASIANPAINT,0.0
2025-03-18 18:30:00+00:00,ASIANPAINT,0.02755052768311428
2025-03-19 18:30:00+00:00,ASIANPAINT,0.0028500565142186574
2025-03-20 18:30:00+00:00,ASIANPAINT,0.0057712006846590835
2025-03-23 18:30:00+00:00,ASIANPAINT,0.009607100640212307
2025-03-24 18:30:00+00:00,ASIANPAINT,0.0035522168761699113
2025-03-25 18:30:00+00:00,ASIANPAINT,-0.0032608636958340043
2025-03-26 18:30:00+00:00,ASIANPAINT,0.006435350813299268
2025-03-27 18:30:00+00:00,ASIANPAINT,0.0010905036782333788
2025-03-31 18:30:00+00:00,ASIANPAINT,-0.010531212239135335
2025-04-01 18:30:00+00:00,ASIANPAINT,-0.004037201626516329
2025-04-02 18:30:00+00:00,ASIANPAINT,0.01853349448175079
2025-04-03 18:30:00+00:00,ASIANPAINT,0.00283057979933643
2025-04-06 18:30:00+00:00,ASIANPAINT,-0.0062392776816885265
2025-04-07 18:30:00+00:00,ASIANPAINT,0.022572404602974494
2025-04-08 18:30:00+00:00,ASIANPAINT,0.007079473803504044
2025-04-10 18:30:00+00:00,ASIANPAINT,-0.00727861882691172
2025-04-14 18:30:00+00:00,ASIANPAINT,0.009233027256581039
2025-04-15 18:30:00+00:00,ASIANPAINT,0.018296912424121237
2025-04-16 18:30:00+00:00,ASIANPAINT,0.0032520799889086405
2025-04-20 18:30:00+00:00,ASIANPAINT,-0.009279036976054922
2025-04-21 18:30:00+00:00,ASIANPAINT,-0.0053169735389753114
2025-04-22 18:30:00+00:00,ASIANPAINT,0.008675980020344864
2025-04-23 18:30:00+00:00,ASIANPAINT,0.004606395616650882
2025-04-24 18:30:00+00:00,ASIANPAINT,-0.013309411267437232
2025-04-27 18:30:00+00:00,ASIANPAINT,0.008471690750557759
2025-04-28 18:30:00+00:00,ASIANPAINT,-0.00044853112848297627
2025-04-29 18:30:00+00:00,ASIANPAINT,-0.010362828888781705
2025-05-01 18:30:00+00:00,ASIANPAINT,-0.006472255187067066
2025-05-04 18:30:00+00:00,ASIANPAINT,0.01116182511430619
2025-05-05 18:30:00+00:00,ASIANPAINT,-0.007755739031184317
2025-05-06 18:30:00+00:00,ASIANPAINT,-0.034698081114936996
2025-05-07 18:30:00+00:00,ASIANPAINT,-0.013495537047202522
2025-05-08 18:30:00+00:00,ASIANPAINT,-0.0013029079271610344
2025-05-11 18:30:00+00:00,ASIANPAINT,0.024699871545987406
2025-05-12 18:30:00+00:00,ASIANPAINT,-0.013495064656084299
2025-05-13 18:30:00+00:00,ASIANPAINT,-0.01819674609355426
2025-05-14 18:30:00+00:00,ASIANPAINT,0.020856134559836592
2025-05-15 18:30:00+00:00,ASIANPAINT,0.0101721247473332
2025-05-18 18:30:00+00:00,ASIANPAINT,-0.009432304429017324
2025-05-19 18:30:00+00:00,ASIANPAINT,-0.015355594694015928
2025-05-20 18:30:00+00:00,ASIANPAINT,0.007318296838599414
2025-05-21 18:30:00+00:00,ASIANPAINT,-0.005708414324374078
2025-05-22 18:30:00+00:00,ASIANPAINT,0.007089491684347804
2025-05-25 18:30:00+00:00,ASIANPAINT,0.005052893869085917
2025-05-26 18:30:00+00:00,ASIANPAINT,0.00017199783974097826
2025-05-27 18:30:00+00:00,ASIANPAINT,-0.010482960458008117
2025-05-28 18:30:00+00:00,ASIANPAINT,-0.0038642045760153287
2025-05-29 18:30:00+00:00,ASIANPAINT,-0.015342314047933403
2025-06-01 18:30:00+00:00,ASIANPAINT,0.0033640672048780296
2025-06-02 18:30:00+00:00,ASIANPAINT,-0.004852920314885156
2025-06-03 18:30:00+00:00,ASIANPAINT,-0.002970149933002375
2025-06-04 18:30:00+00:00,ASIANPAINT,-0.002445501805185657
2025-06-05 18:30:00+00:00,ASIANPAINT,0.0007576574218088883
2025-06-08 18:30:00+00:00,ASIANPAINT,0.0012025630056842207
2025-06-09 18:30:00+00:00,ASIANPAINT,-0.003793716747892084
2025-06-10 18:30:00+00:00,ASIANPAINT,-0.004551790014427293
2025-06-11 18:30:00+00:00,ASIANPAINT,0.004798991979207301
2025-06-12 18:30:00+00:00,ASIANPAINT,-0.0023429743875859055
2025-06-15 18:30:00+00:00,ASIANPAINT,0.013819857273657643
2025-06-16 18:30:00+00:00,ASIANPAINT,0.008909550842868708
2025-06-17 18:30:00+00:00,ASIANPAINT,0.007329495066272784
2025-06-18 18:30:00+00:00,ASIANPAINT,-0.005873600074940644
2025-06-19 18:30:00+00:00,ASIANPAINT,0.0078042084463041395
2025-06-22 18:30:00+00:00,ASIANPAINT,-0.009449980840079641
2025-06-23 18:30:00+00:00,ASIANPAINT,0.004946808631276056
2025-06-24 18:30:00+00:00,ASIANPAINT,0.002021578043111205
2025-06-25 18:30:00+00:00,ASIANPAINT,0.004342380531446199
2025-06-26 18:30:00+00:00,ASIANPAINT,0.030089895717891668
2025-06-29 18:30:00+00:00,ASIANPAINT,-0.007461606563427203
2025-06-30 18:30:00+00:00,ASIANPAINT,0.012131034600892043
2025-07-01 18:30:00+00:00,ASIANPAINT,0.021059200241394738
2025-07-02 18:30:00+00:00,ASIANPAINT,0.004753285184982969
2025-07-03 18:30:00+00:00,ASIANPAINT,-0.002756237494908942
2025-07-06 18:30:00+00:00,ASIANPAINT,0.007672747262723156
2025-07-07 18:30:00+00:00,ASIANPAINT,0.017111509593780605
2025-07-08 18:30:00+00:00,ASIANPAINT,0.005755401206015476
2025-07-09 18:30:00+00:00,ASIANPAINT,-0.01908842321257942
2025-07-10 18:30:00+00:00,ASIANPAINT,-0.004895520660942676
2025-07-13 18:30:00+00:00,ASIANPAINT,-0.015414828184748597
2025-07-14 18:30:00+00:00,ASIANPAINT,-0.003372863108410007
2025-07-15 18:30:00+00:00,ASIANPAINT,0.007102621147532462
2025-07-16 18:30:00+00:00,ASIANPAINT,-0.00481232393148201
2025-07-17 18:30:00+00:00,ASIANPAINT,-0.006878184507485452
2025-07-20 18:30:00+00:00,ASIANPAINT,-0.0029381806865655946
2025-07-21 18:30:00+00:00,ASIANPAINT,-0.0042940036813098326
2025-07-22 18:30:00+00:00,ASIANPAINT,0.004312521665216007
2025-07-23 18:30:00+00:00,ASIANPAINT,-0.009808762736274956
2025-07-24 18:30:00+00:00,ASIANPAINT,-0.006760028651061067
2025-07-27 18:30:00+00:00,ASIANPAINT,0.010016365639107683
2025-07-28 18:30:00+00:00,ASIANPAINT,0.017757145128085794
2025-07-29 18:30:00+00:00,ASIANPAINT,0.005954659789582095
2025-07-30 18:30:00+00:00,ASIANPAINT,-0.008154601486806579
2025-07-31 18:30:00+00:00,ASIANPAINT,0.01456526817219439
2025-08-03 18:30:00+00:00,ASIANPAINT,0.007733462350103526
2025-08-04 18:30:00+00:00,ASIANPAINT,-0.005306552866651493
2025-08-05 18:30:00+00:00,ASIANPAINT,0.022324340379586527
2025-08-06 18:30:00+00:00,ASIANPAINT,0.006141604064760164
2025-08-07 18:30:00+00:00,ASIANPAINT,-0.012327930021054367
2025-08-10 18:30:00+00:00,ASIANPAINT,0.0054532396797117855
2025-08-11 18:30:00+00:00,ASIANPAINT,-0.004338930515713657
2025-08-12 18:30:00+00:00,ASIANPAINT,0.008836641129186251
2025-08-13 18:30:00+00:00,ASIANPAINT,0.011399079165966164
2025-08-17 18:30:00+00:00,ASIANPAINT,0.023213554431380956
2025-08-18 18:30:00+00:00,ASIANPAINT,-0.0030919126972456246
2025-08-19 18:30:00+00:00,ASIANPAINT,-0.003605447806704132
2025-08-20 18:30:00+00:00,ASIANPAINT,-0.0013618469361679209
2025-08-21 18:30:00+00:00,ASIANPAINT,-0.02419541077465326
2025-08-24 18:30:00+00:00,ASIANPAINT,-0.004631705685174681
2025-08-25 18:30:00+00:00,ASIANPAINT,-0.004613140530457693
2025-08-27 18:30:00+00:00,ASIANPAINT,0.003062876774639678
2025-08-28 18:30:00+00:00,ASIANPAINT,0.011892357819358157
2025-08-31 18:30:00+00:00,ASIANPAINT,0.02048754620217208
2025-09-01 18:30:00+00:00,ASIANPAINT,-0.011750110715921691
2025-09-02 18:30:00+00:00,ASIANPAINT,0.005472471674957902
2025-09-03 18:30:00+00:00,ASIANPAINT,0.005755962435255224
2025-09-04 18:30:00+00:00,ASIANPAINT,0.004399218932063187
2025-09-07 18:30:00+00:00,ASIANPAINT,-0.0190317249756512
2025-09-08 18:30:00+00:00,ASIANPAINT,0.0025684048044811725
2025-09-09 18:30:00+00:00,ASIANPAINT,0.002364650342159713
2025-09-10 18:30:00+00:00,ASIANPAINT,0.0049541761063516265
2025-09-11 18:30:00+00:00,ASIANPAINT,-0.0037559842462960846
2025-09-14 18:30:00+00:00,ASIANPAINT,-0.01716212957678631
2025-09-15 18:30:00+00:00,ASIANPAINT,-0.00867110901496937
2025-09-16 18:30:00+00:00,ASIANPAINT,0.0051191950743603165
2025-09-17 18:30:00+00:00,ASIANPAINT,-0.0059752673842674575
2025-09-18 18:30:00+00:00,ASIANPAINT,0.0012102277463552635
2025-09-21 18:30:00+00:00,ASIANPAINT,0.0004029873084616664
2025-09-22 18:30:00+00:00,ASIANPAINT,-0.014419853736122867
2025-09-23 18:30:00+00:00,ASIANPAINT,0.004209502178700086
2025-09-24 18:30:00+00:00,ASIANPAINT,-0.021650694277484894
2025-09-25 18:30:00+00:00,ASIANPAINT,-0.025457511819224843
2025-09-28 18:30:00+00:00,ASIANPAINT,-8.537591914792309e-05
2025-09-29 18:30:00+00:00,ASIANPAINT,0.0031588655849095204
2025-09-30 18:30:00+00:00,ASIANPAINT,-0.00604249411665303
2025-10-02 18:30:00+00:00,ASIANPAINT,0.009418552929805202
2025-10-05 18:30:00+00:00,ASIANPAINT,-0.001272387866217306
2025-10-06 18:30:00+00:00,ASIANPAINT,-0.0008493046532320747
2025-10-07 18:30:00+00:00,ASIANPAINT,-0.0103281503779028
2025-10-08 18:30:00+00:00,ASIANPAINT,0.003392744516928836
2025-10-09 18:30:00+00:00,ASIANPAINT,0.0016264813476363216
2025-10-12 18:30:00+00:00,ASIANPAINT,0.000982809403414997
2025-10-13 18:30:00+00:00,ASIANPAINT,-0.010416152353529995
2025-10-14 18:30:00+00:00,ASIANPAINT,0.024589080565556864
2025-10-15 18:30:00+00:00,ASIANPAINT,0.014567728147867332
2025-10-16 18:30:00+00:00,ASIANPAINT,0.04071051617641075
2025-10-19 18:30:00+00:00,ASIANPAINT,0.0032697139599937586
2025-10-20 18:30:00+00:00,ASIANPAINT,-0.0045309397163724174
2025-10-22 18:30:00+00:00,ASIANPAINT,-0.0008784659278623375
2025-10-23 18:30:00+00:00,ASIANPAINT,-0.00031962530650708754
2025-10-26 18:30:00+00:00,ASIANPAINT,0.006875656303983346
2025-10-27 18:30:00+00:00,ASIANPAINT,-0.0037716986497042804
2025-10-28 18:30:00+00:00,ASIANPAINT,0.011716439079535235
2025-10-29 18:30:00+00:00,ASIANPAINT,-0.005987298397505336
2025-10-30 18:30:00+00:00,ASIANPAINT,-0.005032678788583489
2025-11-02 18:30:00+00:00,ASIANPAINT,0.0005575459486033552
2025-11-03 18:30:00+00:00,ASIANPAINT,-0.01015053917500175
2025-11-05 18:30:00+00:00,ASIANPAINT,0.04672864388364939
2025-11-06 18:30:00+00:00,ASIANPAINT,0.004187652919976026
2025-11-09 18:30:00+00:00,ASIANPAINT,0.014002601819627314
2025-11-10 18:30:00+00:00,ASIANPAINT,0.0025656137093021947
2025-11-11 18:30:00+00:00,ASIANPAINT,0.042375533625823136
2025-11-12 18:30:00+00:00,ASIANPAINT,0.03956954728361439
2025-11-13 18:30:00+00:00,ASIANPAINT,0.009376981844899435
2025-11-16 18:30:00+00:00,ASIANPAINT,-0.006365269444956745
2025-11-17 18:30:00+00:00,ASIANPAINT,0.007838003198196608
2025-11-18 18:30:00+00:00,ASIANPAINT,-0.004232638963566737
2025-11-19 18:30:00+00:00,ASIANPAINT,-0.011715071678396138
2025-11-20 18:30:00+00:00,ASIANPAINT,0.005874553654549919
2025-11-23 18:30:00+00:00,ASIANPAINT,0.0009037938633678078
2025-11-24 18:30:00+00:00,ASIANPAINT,-0.0011808496809561086
2025-11-25 18:30:00+00:00,ASIANPAINT,-0.0006259297578280476
2025-11-26 18:30:00+00:00,ASIANPAINT,0.0017745642506088455
2025-11-27 18:30:00+00:00,ASIANPAINT,-0.0016325223691688873
2025-11-30 18:30:00+00:00,ASIANPAINT,-0.0023656432363344804
2025-12-01 18:30:00+00:00,ASIANPAINT,0.03026914553338278
2025-12-02 18:30:00+00:00,ASIANPAINT,-0.0003045973373597688
2025-12-03 18:30:00+00:00,ASIANPAINT,0.0012527344411292773
2025-12-04 18:30:00+00:00,ASIANPAINT,0.0038211987740792708
2025-12-07 18:30:00+00:00,ASIANPAINT,-0.013542176578027587
2025-12-08 18:30:00+00:00,ASIANPAINT,-0.04517981307314123
2025-12-09 18:30:00+00:00,ASIANPAINT,0.0030400572246065405
2025-12-10 18:30:00+00:00,ASIANPAINT,-0.008949936764574784
2025-12-11 18:30:00+00:00,ASIANPAINT,-0.005252879768511742
2025-12-14 18:30:00+00:00,ASIANPAINT,0.005569987728507586
2025-12-15 18:30:00+00:00,ASIANPAINT,0.0038486264872297227
2025-12-16 18:30:00+00:00,ASIANPAINT,-0.0018631808211782008
2025-12-17 18:30:00+00:00,ASIANPAINT,-0.009333381360423387
2025-12-18 18:30:00+00:00,ASIANPAINT,0.014566783303672004
2025-12-21 18:30:00+00:00,ASIANPAINT,0.0027501680706707443
2025-12-22 18:30:00+00:00,ASIANPAINT,7.12178248041262e-05
2025-12-23 18:30:00+00:00,ASIANPAINT,-0.007942178374643283
2025-12-25 18:30:00+00:00,ASIANPAINT,-0.014001077005923568
2025-12-28 18:30:00+00:00,ASIANPAINT,0.010522447603768414
2025-12-29 18:30:00+00:00,ASIANPAINT,-0.006161221487824053
2025-12-30 18:30:00+00:00,ASIANPAINT,0.004060454255740975
2025-12-31 18:30:00+00:00,ASIANPAINT,-0.006318830113738905
2026-01-01 18:30:00+00:00,ASIANPAINT,0.00748550060183506
2026-01-04 18:30:00+00:00,ASIANPAINT,0.01550890805938776
2026-01-05 18:30:00+00:00,ASIANPAINT,0.010725937677376063
2026-01-06 18:30:00+00:00,ASIANPAINT,-0.012790830648612972
2026-01-07 18:30:00+00:00,ASIANPAINT,-0.008151172186147582
2026-01-08 18:30:00+00:00,ASIANPAINT,0.013996052395478298
2026-01-11 18:30:00+00:00,ASIANPAINT,0.025092869348345426
2026-01-12 18:30:00+00:00,ASIANPAINT,-0.003487036961799417
2026-01-13 18:30:00+00:00,ASIANPAINT,-0.025084067927646836
2026-01-14 18:30:00+00:00,ASIANPAINT,0.0
2026-01-15 18:30:00+00:00,ASIANPAINT,-0.020256584092605334
2026-01-18 18:30:00+00:00,ASIANPAINT,-0.0010518707412208173
2026-01-19 18:30:00+00:00,ASIANPAINT,-0.02846764790985834
2026-01-20 18:30:00+00:00,ASIANPAINT,-0.005419344995801767
2026-01-21 18:30:00+00:00,ASIANPAINT,0.016045977078984253
2026-01-22 18:30:00+00:00,ASIANPAINT,-3.7021101576439897e-05
2026-01-26 18:30:00+00:00,ASIANPAINT,-0.02992192321810161
2026-01-27 18:30:00+00:00,ASIANPAINT,-0.042321182680164715
2026-01-28 18:30:00+00:00,ASIANPAINT,-0.038139997995788044
2026-01-29 18:30:00+00:00,ASIANPAINT,0.005091079812965749
2026-02-01 18:30:00+00:00,ASIANPAINT,-0.01083064213617968
2026-02-02 18:30:00+00:00,ASIANPAINT,0.009991673605328932
2026-02-03 18:30:00+00:00,ASIANPAINT,0.011005750689148774
2026-02-04 18:30:00+00:00,ASIANPAINT,-0.008398847770100248
2026-02-05 18:30:00+00:00,ASIANPAINT,-0.012746185911457264
2025-01-01 18:30:00+00:00,AXISBANK,0.013808422936228526
2025-01-02 18:30:00+00:00,AXISBANK,-0.001564456061991737
2025-01-05 18:30:00+00:00,AXISBANK,-0.019817538732365803
2025-01-06 18:30:00+00:00,AXISBANK,0.003855612875740988
2025-01-07 18:30:00+00:00,AXISBANK,0.006978889711270808
2025-01-08 18:30:00+00:00,AXISBANK,-0.012279633586335659
2025-01-09 18:30:00+00:00,AXISBANK,-0.01982583368439006
2025-01-12 18:30:00+00:00,AXISBANK,0.008263781715572849
2025-01-13 18:30:00+00:00,AXISBANK,0.0022396159713553576
2025-01-14 18:30:00+00:00,AXISBANK,-0.023629605887059313
2025-01-15 18:30:00+00:00,AXISBANK,0.01090766783871655
2025-01-16 18:30:00+00:00,AXISBANK,-0.04523121667930996
2025-01-19 18:30:00+00:00,AXISBANK,-0.0030270907050993223
2025-01-20 18:30:00+00:00,AXISBANK,-0.018065845829839167
2025-01-21 18:30:00+00:00,AXISBANK,-0.011234852838878928
2025-01-22 18:30:00+00:00,AXISBANK,-0.008599984080235878
2025-01-23 18:30:00+00:00,AXISBANK,-0.0026812775223721275
2025-01-26 18:30:00+00:00,AXISBANK,-0.0004217182584553836
2025-01-27 18:30:00+00:00,AXISBANK,0.03765423404516599
2025-01-28 18:30:00+00:00,AXISBANK,-0.00040652438416710623
2025-01-29 18:30:00+00:00,AXISBANK,0.0013219434537927732
2025-01-30 18:30:00+00:00,AXISBANK,0.0014216898996366467
2025-01-31 18:30:00+00:00,AXISBANK,0.012219942107978055
2025-02-02 18:30:00+00:00,AXISBANK,-0.008766242469427032
2025-02-03 18:30:00+00:00,AXISBANK,0.026177465139356038
2025-02-04 18:30:00+00:00,AXISBANK,-0.0019698599395889804
2025-02-05 18:30:00+00:00,AXISBANK,0.007302867402419366
2025-02-06 18:30:00+00:00,AXISBANK,0.003331045326885995
2025-02-09 18:30:00+00:00,AXISBANK,-0.012059391833721289
2025-02-10 18:30:00+00:00,AXISBANK,-0.00429944844203034
2025-02-11 18:30:00+00:00,AXISBANK,-0.0004963268779104579
2025-02-12 18:30:00+00:00,AXISBANK,0.0012910906855763127
2025-02-13 18:30:00+00:00,AXISBANK,-0.010612967185894773
2025-02-16 18:30:00+00:00,AXISBANK,-0.004561431335558641
2025-02-17 18:30:00+00:00,AXISBANK,0.0012085808811919119
2025-02-18 18:30:00+00:00,AXISBANK,0.017301139481362027
2025-02-19 18:30:00+00:00,AXISBANK,0.005784374535850345
2025-02-20 18:30:00+00:00,AXISBANK,-0.008110464512243953
2025-02-23 18:30:00+00:00,AXISBANK,0.0010901810926053912
2025-02-24 18:30:00+00:00,AXISBANK,-0.0009405771970025789
2025-02-26 18:30:00+00:00,AXISBANK,0.00753152011359548
2025-02-27 18:30:00+00:00,AXISBANK,-0.0011311398177378251
2025-03-02 18:30:00+00:00,AXISBANK,-0.008172906560010018
2025-03-03 18:30:00+00:00,AXISBANK,-0.0054107384624565436
2025-03-04 18:30:00+00:00,AXISBANK,0.012627293701335418
2025-03-05 18:30:00+00:00,AXISBANK,0.01936999945262574
2025-03-06 18:30:00+00:00,AXISBANK,0.0034330827104978034
2025-03-09 18:30:00+00:00,AXISBANK,-0.0017348055278764152
2025-03-10 18:30:00+00:00,AXISBANK,-0.009846980050686183
2025-03-11 18:30:00+00:00,AXISBANK,-0.01408858897313281
2025-03-12 18:30:00+00:00,AXISBANK,-0.0009889234532166613
2025-03-16 18:30:00+00:00,AXISBANK,0.02370819249749534
2025-03-17 18:30:00+00:00,AXISBANK,0.0
2025-03-18 18:30:00+00:00,AXISBANK,0.017308949364305493
2025-03-19 18:30:00+00:00,AXISBANK,0.0021861483549887595
2025-03-20 18:30:00+00:00,AXISBANK,0.014985526995803022
2025-03-23 18:30:00+00:00,AXISBANK,0.025884149240859466
2025-03-24 18:30:00+00:00,AXISBANK,0.018855191802007232
2025-03-25 18:30:00+00:00,AXISBANK,-0.0199365659684001
2025-03-26 18:30:00+00:00,AXISBANK,0.001915564485247101
2025-03-27 18:30:00+00:00,AXISBANK,0.0033231368186874555
2025-03-31 18:30:00+00:00,AXISBANK,-0.014882024418298445
2025-04-01 18:30:00+00:00,AXISBANK,-0.001059349573092172
2025-04-02 18:30:00+00:00,AXISBANK,0.00497948002236992
2025-04-03 18:30:00+00:00,AXISBANK,0.0013305416881950194
2025-04-06 18:30:00+00:00,AXISBANK,-0.0397233813120389
2025-04-07 18:30:00+00:00,AXISBANK,0.02853193976082702
2025-04-08 18:30:00+00:00,AXISBANK,-0.01502979923277703
2025-04-10 18:30:00+00:00,AXISBANK,0.006876027016629482
2025-04-14 18:30:00+00:00,AXISBANK,0.041021624322050476
2025-04-15 18:30:00+00:00,AXISBANK,0.04358377888060905
2025-04-16 18:30:00+00:00,AXISBANK,0.025402496116092577
2025-04-20 18:30:00+00:00,AXISBANK,0.027040628298550917
2025-04-21 18:30:00+00:00,AXISBANK,-0.00506949818790936
2025-04-22 18:30:00+00:00,AXISBANK,-0.008136039569802356
2025-04-23 18:30:00+00:00,AXISBANK,0.00016561247308932714
2025-04-24 18:30:00+00:00,AXISBANK,-0.03379989653970772
2025-04-27 18:30:00+00:00,AXISBANK,0.022721358886053977
2025-04-28 18:30:00+00:00,AXISBANK,-0.004610945282192858
2025-04-29 18:30:00+00:00,AXISBANK,-0.0019372185201218528
2025-05-01 18:30:00+00:00,AXISBANK,-0.0013502101352158569
2025-05-04 18:30:00+00:00,AXISBANK,-0.008619330620521004
2025-05-05 18:30:00+00:00,AXISBANK,-0.010057851756916647
2025-05-06 18:30:00+00:00,AXISBANK,-8.60503268176327e-05
2025-05-07 18:30:00+00:00,AXISBANK,0.009385868668115638
2025-05-08 18:30:00+00:00,AXISBANK,-0.01800027974471108
2025-05-11 18:30:00+00:00,AXISBANK,0.04508733454124658
2025-05-12 18:30:00+00:00,AXISBANK,-0.0078137940749059
2025-05-13 18:30:00+00:00,AXISBANK,0.0015917708996315838
2025-05-14 18:30:00+00:00,AXISBANK,0.01137598691407904
2025-05-15 18:30:00+00:00,AXISBANK,-0.0002480677743389448
2025-05-18 18:30:00+00:00,AXISBANK,-0.004963597254668772
2025-05-19 18:30:00+00:00,AXISBANK,-0.0058197503606934875
2025-05-20 18:30:00+00:00,AXISBANK,0.0016725194630895501
2025-05-21 18:30:00+00:00,AXISBANK,-0.007764280677711177
2025-05-22 18:30:00+00:00,AXISBANK,0.018174158845331023
2025-05-25 18:30:00+00:00,AXISBANK,0.00421457586589935
2025-05-26 18:30:00+00:00,AXISBANK,-0.016129022528512227
2025-05-27 18:30:00+00:00,AXISBANK,-0.000752810752348898
2025-05-28 18:30:00+00:00,AXISBANK,0.0058592082220148
2025-05-29 18:30:00+00:00,AXISBANK,-0.00790551366826897
2025-06-01 18:30:00+00:00,AXISBANK,0.0018454294978911268
2025-06-02 18:30:00+00:00,AXISBANK,-0.01080044639158284
2025-06-03 18:30:00+00:00,AXISBANK,-0.008886951283081923
2025-06-04 18:30:00+00:00,AXISBANK,-0.01024764516480059
2025-06-05 18:30:00+00:00,AXISBANK,0.030716115171359082
2025-06-08 18:30:00+00:00,AXISBANK,0.02117867534100437
2025-06-09 18:30:00+00:00,AXISBANK,0.010574580305757975
2025-06-10 18:30:00+00:00,AXISBANK,-0.0011356255414760597
2025-06-11 18:30:00+00:00,AXISBANK,-0.015023491878918716
2025-06-12 18:30:00+00:00,AXISBANK,-0.0058537855047039455
2025-06-15 18:30:00+00:00,AXISBANK,0.007961514483185939
2025-06-16 18:30:00+00:00,AXISBANK,-0.00024688243078674343
2025-06-17 18:30:00+00:00,AXISBANK,0.004855615031331917
2025-06-18 18:30:00+00:00,AXISBANK,-0.002866551176113452
2025-06-19 18:30:00+00:00,AXISBANK,0.0026283353050196023
2025-06-22 18:30:00+00:00,AXISBANK,-0.005406730864985887
2025-06-23 18:30:00+00:00,AXISBANK,0.005848000294644162
2025-06-24 18:30:00+00:00,AXISBANK,-0.006468992933639894
2025-06-25 18:30:00+00:00,AXISBANK,0.01664879813615472
2025-06-26 18:30:00+00:00,AXISBANK,-0.006809985218206749
2025-06-29 18:30:00+00:00,AXISBANK,-0.021141169603555166
2025-06-30 18:30:00+00:00,AXISBANK,-0.021597567999126266
2025-07-01 18:30:00+00:00,AXISBANK,0.0017045927267724803
2025-07-02 18:30:00+00:00,AXISBANK,-0.0035736572251692245
2025-07-03 18:30:00+00:00,AXISBANK,0.006409708705655159
2025-07-06 18:30:00+00:00,AXISBANK,-0.002122962000535078
2025-07-07 18:30:00+00:00,AXISBANK,-0.008254575247555684
2025-07-08 18:30:00+00:00,AXISBANK,-0.0006007149712730087
2025-07-09 18:30:00+00:00,AXISBANK,-0.00034335224565573697
2025-07-10 18:30:00+00:00,AXISBANK,0.008159408744817798
2025-07-13 18:30:00+00:00,AXISBANK,-0.0009372104366056622
2025-07-14 18:30:00+00:00,AXISBANK,-0.005798522248608773
2025-07-15 18:30:00+00:00,AXISBANK,0.0021442661871942104
2025-07-16 18:30:00+00:00,AXISBANK,-0.007360471932761459
2025-07-17 18:30:00+00:00,AXISBANK,-0.052164164039422034
2025-07-20 18:30:00+00:00,AXISBANK,0.0002728342986360044
2025-07-21 18:30:00+00:00,AXISBANK,-0.0014550524022018951
2025-07-22 18:30:00+00:00,AXISBANK,0.0061931227942850775
2025-07-23 18:30:00+00:00,AXISBANK,-0.008779935566147423
2025-07-24 18:30:00+00:00,AXISBANK,-0.008218427724084765
2025-07-27 18:30:00+00:00,AXISBANK,-0.011509069405195804
2025-07-28 18:30:00+00:00,AXISBANK,-0.008755611613098457
2025-07-29 18:30:00+00:00,AXISBANK,0.00855111640085049
2025-07-30 18:30:00+00:00,AXISBANK,-0.00456538171167753
2025-07-31 18:30:00+00:00,AXISBANK,-0.005615874076089211
2025-08-03 18:30:00+00:00,AXISBANK,0.005835797279178712
2025-08-04 18:30:00+00:00,AXISBANK,0.0020588370694853975
2025-08-05 18:30:00+00:00,AXISBANK,0.0001867306338787511
2025-08-06 18:30:00+00:00,AXISBANK,0.004855229852357645
2025-08-07 18:30:00+00:00,AXISBANK,-0.016818413312719827
2025-08-10 18:30:00+00:00,AXISBANK,0.01436544144495433
2025-08-11 18:30:00+00:00,AXISBANK,-0.0030746750004606582
2025-08-12 18:30:00+00:00,AXISBANK,-0.0037383177570093906
2025-08-13 18:30:00+00:00,AXISBANK,0.002063744063672601
2025-08-17 18:30:00+00:00,AXISBANK,0.01348064507797897
2025-08-18 18:30:00+00:00,AXISBANK,0.0005541987802215598
2025-08-19 18:30:00+00:00,AXISBANK,-0.002769571764432266
2025-08-20 18:30:00+00:00,AXISBANK,-0.001203413086995786
2025-08-21 18:30:00+00:00,AXISBANK,-0.007414959513366126
2025-08-24 18:30:00+00:00,AXISBANK,-0.00084043738308337
2025-08-25 18:30:00+00:00,AXISBANK,-0.018598153658002325
2025-08-27 18:30:00+00:00,AXISBANK,0.0017141690029280898
2025-08-28 18:30:00+00:00,AXISBANK,-0.006369496232229488
2025-08-31 18:30:00+00:00,AXISBANK,0.015595148861085706
2025-09-01 18:30:00+00:00,AXISBANK,-0.004992980525789004
2025-09-02 18:30:00+00:00,AXISBANK,-0.0014201856365697596
2025-09-03 18:30:00+00:00,AXISBANK,-0.004076919462293382
2025-09-04 18:30:00+00:00,AXISBANK,0.005236100411429412
2025-09-07 18:30:00+00:00,AXISBANK,-0.0003788468650566257
2025-09-08 18:30:00+00:00,AXISBANK,-0.003126526601729074
2025-09-09 18:30:00+00:00,AXISBANK,0.017011998902040082
2025-09-10 18:30:00+00:00,AXISBANK,0.016166759389609542
2025-09-11 18:30:00+00:00,AXISBANK,0.016461305878402666
2025-09-14 18:30:00+00:00,AXISBANK,-0.0008142806245388101
2025-09-15 18:30:00+00:00,AXISBANK,0.015211813098904736
2025-09-16 18:30:00+00:00,AXISBANK,0.004281171099863146
2025-09-17 18:30:00+00:00,AXISBANK,0.006216696269982336
2025-09-18 18:30:00+00:00,AXISBANK,0.0025595978941417297
2025-09-21 18:30:00+00:00,AXISBANK,0.007483052924824651
2025-09-22 18:30:00+00:00,AXISBANK,0.02306887788435641
2025-09-23 18:30:00+00:00,AXISBANK,-0.010164010862464101
2025-09-24 18:30:00+00:00,AXISBANK,0.006644189325794692
2025-09-25 18:30:00+00:00,AXISBANK,-0.010800596476619129
2025-09-28 18:30:00+00:00,AXISBANK,-0.018890856870125705
2025-09-29 18:30:00+00:00,AXISBANK,-0.0005299201658828245
2025-09-30 18:30:00+00:00,AXISBANK,0.024655377355956576
2025-10-02 18:30:00+00:00,AXISBANK,0.018542475204829767
2025-10-05 18:30:00+00:00,AXISBANK,0.02692637496030903
2025-10-06 18:30:00+00:00,AXISBANK,-0.02143799385984746
2025-10-07 18:30:00+00:00,AXISBANK,-0.0052241936190595695
2025-10-08 18:30:00+00:00,AXISBANK,-0.011180714420499505
2025-10-09 18:30:00+00:00,AXISBANK,0.011135857228138146
2025-10-12 18:30:00+00:00,AXISBANK,0.007793926619445557
2025-10-13 18:30:00+00:00,AXISBANK,-0.010759857952676866
2025-10-14 18:30:00+00:00,AXISBANK,-0.006118348864242007
2025-10-15 18:30:00+00:00,AXISBANK,0.022828380471546783
2025-10-16 18:30:00+00:00,AXISBANK,0.003259970061499473
2025-10-19 18:30:00+00:00,AXISBANK,0.021496458821660402
2025-10-20 18:30:00+00:00,AXISBANK,0.009217005569433168
2025-10-22 18:30:00+00:00,AXISBANK,0.01737654501861785
2025-10-23 18:30:00+00:00,AXISBANK,-0.013425503462440647
2025-10-26 18:30:00+00:00,AXISBANK,0.009823617788904615
2025-10-27 18:30:00+00:00,AXISBANK,-0.006219541431829012
2025-10-28 18:30:00+00:00,AXISBANK,0.0020059374966330257
2025-10-29 18:30:00+00:00,AXISBANK,-0.008167899458171313
2025-10-30 18:30:00+00:00,AXISBANK,-0.004682647240541682
2025-11-02 18:30:00+00:00,AXISBANK,0.0007299661811381863
2025-11-03 18:30:00+00:00,AXISBANK,-0.005755026235668814
2025-11-05 18:30:00+00:00,AXISBANK,0.001549017162791655
2025-11-06 18:30:00+00:00,AXISBANK,-0.004639764893671128
2025-11-09 18:30:00+00:00,AXISBANK,-0.004743252041642831
2025-11-10 18:30:00+00:00,AXISBANK,0.004519309778143077
2025-11-11 18:30:00+00:00,AXISBANK,-0.0007362162896217272
2025-11-12 18:30:00+00:00,AXISBANK,0.002946934886938646
2025-11-13 18:30:00+00:00,AXISBANK,0.013385590162957595
2025-11-16 18:30:00+00:00,AXISBANK,0.006443299095769239
2025-11-17 18:30:00+00:00,AXISBANK,0.012644085416788187
2025-11-18 18:30:00+00:00,AXISBANK,0.003951319664558417
2025-11-19 18:30:00+00:00,AXISBANK,0.01164981617867844
2025-11-20 18:30:00+00:00,AXISBANK,-0.007313961018422854
2025-11-23 18:30:00+00:00,AXISBANK,-0.005330027095053924
2025-11-24 18:30:00+00:00,AXISBANK,-0.0021276210968281806
2025-11-25 18:30:00+00:00,AXISBANK,0.01887380669839489
2025-11-26 18:30:00+00:00,AXISBANK,-0.00224763792706395
2025-11-27 18:30:00+00:00,AXISBANK,-0.00590390535848162
2025-11-30 18:30:00+00:00,AXISBANK,-0.0031257327128417778
2025-12-01 18:30:00+00:00,AXISBANK,-0.013874697694873817
2025-12-02 18:30:00+00:00,AXISBANK,0.010095350693064331
2025-12-03 18:30:00+00:00,AXISBANK,0.00731883936845068
2025-12-04 18:30:00+00:00,AXISBANK,0.001953125
2025-12-07 18:30:00+00:00,AXISBANK,-0.006783587658382051
2025-12-08 18:30:00+00:00,AXISBANK,0.0016485912273824788
2025-12-09 18:30:00+00:00,AXISBANK,0.002116114993504281
2025-12-10 18:30:00+00:00,AXISBANK,-0.004614441206569508
2025-12-11 18:30:00+00:00,AXISBANK,0.010528816632485949
2025-12-14 18:30:00+00:00,AXISBANK,-0.0010107509388764813
2025-12-15 18:30:00+00:00,AXISBANK,-0.05074725308553418
2025-12-16 18:30:00+00:00,AXISBANK,0.004181678983297132
2025-12-17 18:30:00+00:00,AXISBANK,0.00416436503599904
2025-12-18 18:30:00+00:00,AXISBANK,0.0006504526964157265
2025-12-21 18:30:00+00:00,AXISBANK,0.0021127707114567684
2025-12-22 18:30:00+00:00,AXISBANK,-0.0066493281678148275
2025-12-23 18:30:00+00:00,AXISBANK,0.0010612643494898322
2025-12-25 18:30:00+00:00,AXISBANK,0.0015492964756591565
2025-12-28 18:30:00+00:00,AXISBANK,0.0030939985175046925
2025-12-29 18:30:00+00:00,AXISBANK,0.011363636363636465
2025-12-30 18:30:00+00:00,AXISBANK,0.018780115902136796
2025-12-31 18:30:00+00:00,AXISBANK,0.003938868681137686
2026-01-01 18:30:00+00:00,AXISBANK,-0.005885122297803136
2026-01-04 18:30:00+00:00,AXISBANK,0.01491832350607436
2026-01-05 18:30:00+00:00,AXISBANK,0.006221807198787399
2026-01-06 18:30:00+00:00,AXISBANK,0.0013139210911412569
2026-01-07 18:30:00+00:00,AXISBANK,-0.006715516149652601
2026-01-08 18:30:00+00:00,AXISBANK,-0.011501436327736592
2026-01-11 18:30:00+00:00,AXISBANK,0.0017295213615369232
2026-01-12 18:30:00+00:00,AXISBANK,-0.009574597111430383
2026-01-13 18:30:00+00:00,AXISBANK,0.029160102082507855
2026-01-14 18:30:00+00:00,AXISBANK,0.0
2026-01-15 18:30:00+00:00,AXISBANK,-0.0035418058849016054
2026-01-18 18:30:00+00:00,AXISBANK,0.010276656876769374
2026-01-19 18:30:00+00:00,AXISBANK,-0.010707456978967467
2026-01-20 18:30:00+00:00,AXISBANK,-0.006648608879735174
2026-01-21 18:30:00+00:00,AXISBANK,0.007704898611529787
2026-01-22 18:30:00+00:00,AXISBANK,-0.02842141445810986
2026-01-26 18:30:00+00:00,AXISBANK,0.04594598476003586
2026-01-27 18:30:00+00:00,AXISBANK,0.003039975567383779
2026-01-28 18:30:00+00:00,AXISBANK,0.03326254032399034
2026-01-29 18:30:00+00:00,AXISBANK,0.004913157939493873
2026-02-01 18:30:00+00:00,AXISBANK,-0.04298016883008027
2026-02-02 18:30:00+00:00,AXISBANK,0.03408307371092256
2026-02-03 18:30:00+00:00,AXISBANK,-0.012903701983530191
2026-02-04 18:30:00+00:00,AXISBANK,-0.006050628132799218
2026-02-05 18:30:00+00:00,AXISBANK,0.008266947393529067
2025-01-01 18:30:00+00:00,BAJAJ-AUTO,0.03877905757219002
2025-01-02 18:30:00+00:00,BAJAJ-AUTO,-0.012533637625572136
2025-01-05 18:30:00+00:00,BAJAJ-AUTO,-0.01582151070996718
2025-01-06 18:30:00+00:00,BAJAJ-AUTO,-0.0015355837374283476
2025-01-07 18:30:00+00:00,BAJAJ-AUTO,-0.019074295991067802
2025-01-08 18:30:00+00:00,BAJAJ-AUTO,0.02240154643965031
2025-01-09 18:30:00+00:00,BAJAJ-AUTO,-0.008131552668164677
2025-01-12 18:30:00+00:00,BAJAJ-AUTO,-0.01914078847983436
2025-01-13 18:30:00+00:00,BAJAJ-AUTO,0.001739083234061134
2025-01-14 18:30:00+00:00,BAJAJ-AUTO,-0.0038553878393886576
2025-01-15 18:30:00+00:00,BAJAJ-AUTO,0.0004605009807094884
2025-01-16 18:30:00+00:00,BAJAJ-AUTO,-6.417210632225778e-05
2025-01-19 18:30:00+00:00,BAJAJ-AUTO,-0.0043115921397893775
2025-01-20 18:30:00+00:00,BAJAJ-AUTO,-0.008877207978576829
2025-01-21 18:30:00+00:00,BAJAJ-AUTO,-0.0009092575185192242
2025-01-22 18:30:00+00:00,BAJAJ-AUTO,-0.007197837571717991
2025-01-23 18:30:00+00:00,BAJAJ-AUTO,0.00018452867704388254
2025-01-26 18:30:00+00:00,BAJAJ-AUTO,-0.002011623161847109
2025-01-27 18:30:00+00:00,BAJAJ-AUTO,0.0016460046291864039
2025-01-28 18:30:00+00:00,BAJAJ-AUTO,0.027082373932065362
2025-01-29 18:30:00+00:00,BAJAJ-AUTO,0.014137836447040808
2025-01-30 18:30:00+00:00,BAJAJ-AUTO,0.011431453971425531
2025-01-31 18:30:00+00:00,BAJAJ-AUTO,0.0347882455846702
2025-02-02 18:30:00+00:00,BAJAJ-AUTO,-0.025017391948181422
2025-02-03 18:30:00+00:00,BAJAJ-AUTO,-0.0016971682081021733
2025-02-04 18:30:00+00:00,BAJAJ-AUTO,0.00184028261563296
2025-02-05 18:30:00+00:00,BAJAJ-AUTO,-0.009123273431942969
2025-02-06 18:30:00+00:00,BAJAJ-AUTO,0.016170682284984972
2025-02-09 18:30:00+00:00,BAJAJ-AUTO,-0.012108779856750407
2025-02-10 18:30:00+00:00,BAJAJ-AUTO,-0.013349442039664372
2025-02-11 18:30:00+00:00,BAJAJ-AUTO,-0.0057521185895915705
2025-02-12 18:30:00+00:00,BAJAJ-AUTO,-0.0023244343996980943
2025-02-13 18:30:00+00:00,BAJAJ-AUTO,-0.02126830567613347
2025-02-16 18:30:00+00:00,BAJAJ-AUTO,0.003603147604277712
2025-02-17 18:30:00+00:00,BAJAJ-AUTO,-0.01060666482132222
2025-02-18 18:30:00+00:00,BAJAJ-AUTO,0.0038951918599523516
2025-02-19 18:30:00+00:00,BAJAJ-AUTO,0.01777221775200144
2025-02-20 18:30:00+00:00,BAJAJ-AUTO,-0.014385498454092871
2025-02-23 18:30:00+00:00,BAJAJ-AUTO,-0.0069479326480673675
2025-02-24 18:30:00+00:00,BAJAJ-AUTO,-0.003439119977894367
2025-02-26 18:30:00+00:00,BAJAJ-AUTO,-0.022042456482301853
2025-02-27 18:30:00+00:00,BAJAJ-AUTO,-0.040018869900465326
2025-03-02 18:30:00+00:00,BAJAJ-AUTO,-0.023801395279328008
2025-03-03 18:30:00+00:00,BAJAJ-AUTO,-0.049450412528060816
2025-03-04 18:30:00+00:00,BAJAJ-AUTO,0.011863694903442079
2025-03-05 18:30:00+00:00,BAJAJ-AUTO,0.005653408224518097
2025-03-06 18:30:00+00:00,BAJAJ-AUTO,0.015075876196197546
2025-03-09 18:30:00+00:00,BAJAJ-AUTO,-0.025261534591397794
2025-03-10 18:30:00+00:00,BAJAJ-AUTO,0.015785446224752864
2025-03-11 18:30:00+00:00,BAJAJ-AUTO,0.002013252124131615
2025-03-12 18:30:00+00:00,BAJAJ-AUTO,-0.0013771785813287973
2025-03-16 18:30:00+00:00,BAJAJ-AUTO,-0.0024851686758537994
2025-03-17 18:30:00+00:00,BAJAJ-AUTO,0.0
2025-03-18 18:30:00+00:00,BAJAJ-AUTO,0.03149866493674125
2025-03-19 18:30:00+00:00,BAJAJ-AUTO,0.02566091209895993
2025-03-20 18:30:00+00:00,BAJAJ-AUTO,0.018667966181430407
2025-03-23 18:30:00+00:00,BAJAJ-AUTO,0.00715179715525438
2025-03-24 18:30:00+00:00,BAJAJ-AUTO,-0.01471281314081585
2025-03-25 18:30:00+00:00,BAJAJ-AUTO,-0.0036097775669371446
2025-03-26 18:30:00+00:00,BAJAJ-AUTO,-0.00035108884298773457
2025-03-27 18:30:00+00:00,BAJAJ-AUTO,-0.011969654115049244
2025-03-31 18:30:00+00:00,BAJAJ-AUTO,0.014494461031631989
2025-04-01 18:30:00+00:00,BAJAJ-AUTO,0.009996213000494913
2025-04-02 18:30:00+00:00,BAJAJ-AUTO,-0.019912138722014472
2025-04-03 18:30:00+00:00,BAJAJ-AUTO,-0.028702530217843858
2025-04-06 18:30:00+00:00,BAJAJ-AUTO,-0.049225168849568846
2025-04-07 18:30:00+00:00,BAJAJ-AUTO,0.02617427384186244
2025-04-08 18:30:00+00:00,BAJAJ-AUTO,0.009902550966037094
2025-04-10 18:30:00+00:00,BAJAJ-AUTO,0.025956463806440677
2025-04-14 18:30:00+00:00,BAJAJ-AUTO,0.02917421252903374
2025-04-15 18:30:00+00:00,BAJAJ-AUTO,-0.004252400119223232
2025-04-16 18:30:00+00:00,BAJAJ-AUTO,0.007096659824605833
2025-04-20 18:30:00+00:00,BAJAJ-AUTO,0.028623137298757984
2025-04-21 18:30:00+00:00,BAJAJ-AUTO,-0.0129130148154174
2025-04-22 18:30:00+00:00,BAJAJ-AUTO,0.014801614128923113
2025-04-23 18:30:00+00:00,BAJAJ-AUTO,-0.007262620987879553
2025-04-24 18:30:00+00:00,BAJAJ-AUTO,-0.0204230992277874
2025-04-27 18:30:00+00:00,BAJAJ-AUTO,0.00771723504401689
2025-04-28 18:30:00+00:00,BAJAJ-AUTO,-0.002161553523371218
2025-04-29 18:30:00+00:00,BAJAJ-AUTO,-0.006003598329009985
2025-05-01 18:30:00+00:00,BAJAJ-AUTO,-0.026089675446335336
2025-05-04 18:30:00+00:00,BAJAJ-AUTO,0.012786915450012204
2025-05-05 18:30:00+00:00,BAJAJ-AUTO,0.0031563370384399825
2025-05-06 18:30:00+00:00,BAJAJ-AUTO,-0.012145237754527027
2025-05-07 18:30:00+00:00,BAJAJ-AUTO,-0.01586185332488299
2025-05-08 18:30:00+00:00,BAJAJ-AUTO,-0.00543725153124841
2025-05-11 18:30:00+00:00,BAJAJ-AUTO,0.046469238137771374
2025-05-12 18:30:00+00:00,BAJAJ-AUTO,0.002923042672076326
2025-05-13 18:30:00+00:00,BAJAJ-AUTO,0.004898955054755794
2025-05-14 18:30:00+00:00,BAJAJ-AUTO,0.027584071933839827
2025-05-15 18:30:00+00:00,BAJAJ-AUTO,0.018796556187566038
2025-05-18 18:30:00+00:00,BAJAJ-AUTO,0.04344238047581839
2025-05-19 18:30:00+00:00,BAJAJ-AUTO,-0.03231271718812556
2025-05-20 18:30:00+00:00,BAJAJ-AUTO,0.014302341866876622
2025-05-21 18:30:00+00:00,BAJAJ-AUTO,0.0052949978867264935
2025-05-22 18:30:00+00:00,BAJAJ-AUTO,0.0008587427753534715
2025-05-25 18:30:00+00:00,BAJAJ-AUTO,0.02488274586653616
2025-05-26 18:30:00+00:00,BAJAJ-AUTO,0.0005023048572454503
2025-05-27 18:30:00+00:00,BAJAJ-AUTO,-0.012719002883618935
2025-05-28 18:30:00+00:00,BAJAJ-AUTO,0.002881729594481408
2025-05-29 18:30:00+00:00,BAJAJ-AUTO,-0.030142500147807727
2025-06-01 18:30:00+00:00,BAJAJ-AUTO,-0.010863314633714705
2025-06-02 18:30:00+00:00,BAJAJ-AUTO,0.005814281031541801
2025-06-03 18:30:00+00:00,BAJAJ-AUTO,5.8467387359151246e-05
2025-06-04 18:30:00+00:00,BAJAJ-AUTO,-0.0007007491339147132
2025-06-05 18:30:00+00:00,BAJAJ-AUTO,0.009290120629050103
2025-06-08 18:30:00+00:00,BAJAJ-AUTO,0.0004631519443281107
2025-06-09 18:30:00+00:00,BAJAJ-AUTO,-0.0017358709031186637
2025-06-10 18:30:00+00:00,BAJAJ-AUTO,0.010781346383284207
2025-06-11 18:30:00+00:00,BAJAJ-AUTO,-0.01743321789357588
2025-06-12 18:30:00+00:00,BAJAJ-AUTO,-0.012081202266867597
2025-06-15 18:30:00+00:00,BAJAJ-AUTO,0.0077981337150470065
2025-06-16 18:30:00+00:00,BAJAJ-AUTO,-0.004103391279031587
2025-06-17 18:30:00+00:00,BAJAJ-AUTO,-0.00311963435268503
2025-06-18 18:30:00+00:00,BAJAJ-AUTO,0.0033065303708770255
2025-06-19 18:30:00+00:00,BAJAJ-AUTO,0.010258266956311823
2025-06-22 18:30:00+00:00,BAJAJ-AUTO,-0.010094373432086967
2025-06-23 18:30:00+00:00,BAJAJ-AUTO,0.010921378145175797
2025-06-24 18:30:00+00:00,BAJAJ-AUTO,0.0014921809717083345
2025-06-25 18:30:00+00:00,BAJAJ-AUTO,0.005185052744502094
2025-06-26 18:30:00+00:00,BAJAJ-AUTO,0.0003557452863749422
2025-06-29 18:30:00+00:00,BAJAJ-AUTO,-0.007112375533428139
2025-06-30 18:30:00+00:00,BAJAJ-AUTO,0.002745940783190015
2025-07-01 18:30:00+00:00,BAJAJ-AUTO,-0.00506012620550067
2025-07-02 18:30:00+00:00,BAJAJ-AUTO,0.003111350445760719
2025-07-03 18:30:00+00:00,BAJAJ-AUTO,0.006024455711303389
2025-07-06 18:30:00+00:00,BAJAJ-AUTO,0.003616743744812023
2025-07-07 18:30:00+00:00,BAJAJ-AUTO,-0.014651149051810752
2025-07-08 18:30:00+00:00,BAJAJ-AUTO,0.0025780922117633054
2025-07-09 18:30:00+00:00,BAJAJ-AUTO,-0.009089821791651742
2025-07-10 18:30:00+00:00,BAJAJ-AUTO,-0.02631261315630662
2025-07-13 18:30:00+00:00,BAJAJ-AUTO,0.002541217305070065
2025-07-14 18:30:00+00:00,BAJAJ-AUTO,0.02763523956723346
2025-07-15 18:30:00+00:00,BAJAJ-AUTO,-0.0010227409457346237
2025-07-16 18:30:00+00:00,BAJAJ-AUTO,0.0033122553447757497
2025-07-17 18:30:00+00:00,BAJAJ-AUTO,0.0021008403361344463
2025-07-20 18:30:00+00:00,BAJAJ-AUTO,0.010901467505241014
2025-07-21 18:30:00+00:00,BAJAJ-AUTO,-0.017005391953546223
2025-07-22 18:30:00+00:00,BAJAJ-AUTO,0.012296564195298343
2025-07-23 18:30:00+00:00,BAJAJ-AUTO,-0.012921281410027352
2025-07-24 18:30:00+00:00,BAJAJ-AUTO,-0.025698256620618976
2025-07-27 18:30:00+00:00,BAJAJ-AUTO,0.0017336387839761436
2025-07-28 18:30:00+00:00,BAJAJ-AUTO,0.004697447308239067
2025-07-29 18:30:00+00:00,BAJAJ-AUTO,-0.010335281451860912
2025-07-30 18:30:00+00:00,BAJAJ-AUTO,-0.0044135015851308745
2025-07-31 18:30:00+00:00,BAJAJ-AUTO,0.0045579420579420216
2025-08-03 18:30:00+00:00,BAJAJ-AUTO,0.017776120330660783
2025-08-04 18:30:00+00:00,BAJAJ-AUTO,0.0052519083969466696
2025-08-05 18:30:00+00:00,BAJAJ-AUTO,-0.006317963671708893
2025-08-06 18:30:00+00:00,BAJAJ-AUTO,0.006174726416824594
2025-08-07 18:30:00+00:00,BAJAJ-AUTO,-0.0006076072426783874
2025-08-10 18:30:00+00:00,BAJAJ-AUTO,0.006201361867704369
2025-08-11 18:30:00+00:00,BAJAJ-AUTO,-0.009486404833836892
2025-08-12 18:30:00+00:00,BAJAJ-AUTO,0.006344171292624878
2025-08-13 18:30:00+00:00,BAJAJ-AUTO,-0.004243195732557381
2025-08-17 18:30:00+00:00,BAJAJ-AUTO,0.04565654106044925
2025-08-18 18:30:00+00:00,BAJAJ-AUTO,0.024101996856261243
2025-08-19 18:30:00+00:00,BAJAJ-AUTO,0.0036382240918650943
2025-08-20 18:30:00+00:00,BAJAJ-AUTO,-0.016199376947040545
2025-08-21 18:30:00+00:00,BAJAJ-AUTO,-0.0005757383844781083
2025-08-24 18:30:00+00:00,BAJAJ-AUTO,0.008180194711676858
2025-08-25 18:30:00+00:00,BAJAJ-AUTO,-0.006742471858750876
2025-08-27 18:30:00+00:00,BAJAJ-AUTO,-0.00023010987746652223
2025-08-28 18:30:00+00:00,BAJAJ-AUTO,-0.006674722366074026
2025-08-31 18:30:00+00:00,BAJAJ-AUTO,0.03886925795053009
2025-09-01 18:30:00+00:00,BAJAJ-AUTO,0.007081521133043278
2025-09-02 18:30:00+00:00,BAJAJ-AUTO,0.009467914290460122
2025-09-03 18:30:00+00:00,BAJAJ-AUTO,-0.004936375603334819
2025-09-04 18:30:00+00:00,BAJAJ-AUTO,0.0014882592878404655
2025-09-07 18:30:00+00:00,BAJAJ-AUTO,0.03841708404425126
2025-09-08 18:30:00+00:00,BAJAJ-AUTO,-0.005353262309853224
2025-09-09 18:30:00+00:00,BAJAJ-AUTO,-0.014814025365021855
2025-09-10 18:30:00+00:00,BAJAJ-AUTO,-0.014117265253137168
2025-09-11 18:30:00+00:00,BAJAJ-AUTO,-0.0125089153453668
2025-09-14 18:30:00+00:00,BAJAJ-AUTO,0.002833490749486023
2025-09-15 18:30:00+00:00,BAJAJ-AUTO,0.0052631578947368585
2025-09-16 18:30:00+00:00,BAJAJ-AUTO,0.0012675668228161463
2025-09-17 18:30:00+00:00,BAJAJ-AUTO,-0.0009907529722589237
2025-09-18 18:30:00+00:00,BAJAJ-AUTO,-0.011404958677685983
2025-09-21 18:30:00+00:00,BAJAJ-AUTO,0.009251518698099481
2025-09-22 18:30:00+00:00,BAJAJ-AUTO,-0.007730962504831851
2025-09-23 18:30:00+00:00,BAJAJ-AUTO,-0.01619455729311592
2025-09-24 18:30:00+00:00,BAJAJ-AUTO,0.0003959723950672789
2025-09-25 18:30:00+00:00,BAJAJ-AUTO,-0.01588917161436243
2025-09-28 18:30:00+00:00,BAJAJ-AUTO,0.0017811997242014321
2025-09-29 18:30:00+00:00,BAJAJ-AUTO,-0.004473759678807032
2025-09-30 18:30:00+00:00,BAJAJ-AUTO,-0.0059918188627067215
2025-10-02 18:30:00+00:00,BAJAJ-AUTO,0.006143859039007715
2025-10-05 18:30:00+00:00,BAJAJ-AUTO,0.012961576127657137
2025-10-06 18:30:00+00:00,BAJAJ-AUTO,0.01273885350318471
2025-10-07 18:30:00+00:00,BAJAJ-AUTO,-0.012578616352201255
2025-10-08 18:30:00+00:00,BAJAJ-AUTO,0.0020473157415832333
2025-10-09 18:30:00+00:00,BAJAJ-AUTO,0.01549375709421108
2025-10-12 18:30:00+00:00,BAJAJ-AUTO,0.013357178784999757
2025-10-13 18:30:00+00:00,BAJAJ-AUTO,0.00402603132583268
2025-10-14 18:30:00+00:00,BAJAJ-AUTO,-0.0114803625377643
2025-10-15 18:30:00+00:00,BAJAJ-AUTO,0.017059346521449248
2025-10-16 18:30:00+00:00,BAJAJ-AUTO,-0.00010927170409225084
2025-10-19 18:30:00+00:00,BAJAJ-AUTO,-0.0028413747882629625
2025-10-20 18:30:00+00:00,BAJAJ-AUTO,-0.0007123678009753887
2025-10-22 18:30:00+00:00,BAJAJ-AUTO,-0.007786795349857378
2025-10-23 18:30:00+00:00,BAJAJ-AUTO,0.0032607494196972286
2025-10-26 18:30:00+00:00,BAJAJ-AUTO,0.0020933179088855614
2025-10-27 18:30:00+00:00,BAJAJ-AUTO,-0.004177890165466436
2025-10-28 18:30:00+00:00,BAJAJ-AUTO,-0.0025945349158156272
2025-10-29 18:30:00+00:00,BAJAJ-AUTO,-0.012286916094753186
2025-10-30 18:30:00+00:00,BAJAJ-AUTO,-0.003418132914938976
2025-11-02 18:30:00+00:00,BAJAJ-AUTO,0.0033736294630306585
2025-11-03 18:30:00+00:00,BAJAJ-AUTO,-0.019221070327822942
2025-11-05 18:30:00+00:00,BAJAJ-AUTO,-0.00348531596388979
2025-11-06 18:30:00+00:00,BAJAJ-AUTO,0.00011467232383455261
2025-11-09 18:30:00+00:00,BAJAJ-AUTO,0.00579028836782669
2025-11-10 18:30:00+00:00,BAJAJ-AUTO,0.014021887824897439
2025-11-11 18:30:00+00:00,BAJAJ-AUTO,-0.0030354131534570117
2025-11-12 18:30:00+00:00,BAJAJ-AUTO,-5.638249887229829e-05
2025-11-13 18:30:00+00:00,BAJAJ-AUTO,-0.002762898223851118
2025-11-16 18:30:00+00:00,BAJAJ-AUTO,0.01159108899694683
2025-11-17 18:30:00+00:00,BAJAJ-AUTO,-0.0027388072215079884
2025-11-18 18:30:00+00:00,BAJAJ-AUTO,-0.0040914695661921074
2025-11-19 18:30:00+00:00,BAJAJ-AUTO,0.010692779559907661
2025-11-20 18:30:00+00:00,BAJAJ-AUTO,-0.009744417840636954
2025-11-23 18:30:00+00:00,BAJAJ-AUTO,0.012989203778677405
2025-11-24 18:30:00+00:00,BAJAJ-AUTO,0.004496253122397986
2025-11-25 18:30:00+00:00,BAJAJ-AUTO,0.012820512820512775
2025-11-26 18:30:00+00:00,BAJAJ-AUTO,-0.015440855521606234
2025-11-27 18:30:00+00:00,BAJAJ-AUTO,0.005652535328345865
2025-11-30 18:30:00+00:00,BAJAJ-AUTO,0.002479748718796415
2025-12-01 18:30:00+00:00,BAJAJ-AUTO,-0.001154353562005328
2025-12-02 18:30:00+00:00,BAJAJ-AUTO,-0.009355566562104456
2025-12-03 18:30:00+00:00,BAJAJ-AUTO,0.009388367312927137
2025-12-04 18:30:00+00:00,BAJAJ-AUTO,0.002641717116125486
2025-12-07 18:30:00+00:00,BAJAJ-AUTO,-0.009111867383906014
2025-12-08 18:30:00+00:00,BAJAJ-AUTO,-0.007201418125415415
2025-12-09 18:30:00+00:00,BAJAJ-AUTO,0.0033478406427853713
2025-12-10 18:30:00+00:00,BAJAJ-AUTO,0.006951395840284702
2025-12-11 18:30:00+00:00,BAJAJ-AUTO,-0.004252499033522983
2025-12-14 18:30:00+00:00,BAJAJ-AUTO,-0.008319467554076532
2025-12-15 18:30:00+00:00,BAJAJ-AUTO,0.0076062639821028455
2025-12-16 18:30:00+00:00,BAJAJ-AUTO,-0.01254440497335707
2025-12-17 18:30:00+00:00,BAJAJ-AUTO,-0.007195053400786966
2025-12-18 18:30:00+00:00,BAJAJ-AUTO,0.019363605480692936
2025-12-21 18:30:00+00:00,BAJAJ-AUTO,0.017996000888691466
2025-12-22 18:30:00+00:00,BAJAJ-AUTO,-0.007092972501091199
2025-12-23 18:30:00+00:00,BAJAJ-AUTO,0.007803055280800164
2025-12-25 18:30:00+00:00,BAJAJ-AUTO,-0.011504907306434053
2025-12-28 18:30:00+00:00,BAJAJ-AUTO,0.002482210822439157
2025-12-29 18:30:00+00:00,BAJAJ-AUTO,0.02145922746781115
2025-12-30 18:30:00+00:00,BAJAJ-AUTO,0.00657185951303596
2025-12-31 18:30:00+00:00,BAJAJ-AUTO,0.023011880552285202
2026-01-01 18:30:00+00:00,BAJAJ-AUTO,-0.005806654111738863
2026-01-04 18:30:00+00:00,BAJAJ-AUTO,-0.000526177321757415
2026-01-05 18:30:00+00:00,BAJAJ-AUTO,0.017215056593840483
2026-01-06 18:30:00+00:00,BAJAJ-AUTO,0.013300900527895676
2026-01-07 18:30:00+00:00,BAJAJ-AUTO,-0.002962357628070844
2026-01-08 18:30:00+00:00,BAJAJ-AUTO,-0.02028584601198713
2026-01-11 18:30:00+00:00,BAJAJ-AUTO,-0.0074771241830065005
2026-01-12 18:30:00+00:00,BAJAJ-AUTO,0.006637867453376911
2026-01-13 18:30:00+00:00,BAJAJ-AUTO,0.002669039145907437
2026-01-14 18:30:00+00:00,BAJAJ-AUTO,0.0
2026-01-15 18:30:00+00:00,BAJAJ-AUTO,-0.009447257163735068
2026-01-18 18:30:00+00:00,BAJAJ-AUTO,-0.006270418379175857
2026-01-19 18:30:00+00:00,BAJAJ-AUTO,-0.026459515350760965
2026-01-20 18:30:00+00:00,BAJAJ-AUTO,-0.00010893246187360095
2026-01-21 18:30:00+00:00,BAJAJ-AUTO,0.02080836692450161
2026-01-22 18:30:00+00:00,BAJAJ-AUTO,0.004642475987193251
2026-01-26 18:30:00+00:00,BAJAJ-AUTO,0.008339087480745633
2026-01-27 18:30:00+00:00,BAJAJ-AUTO,-0.006163084702907717
2026-01-28 18:30:00+00:00,BAJAJ-AUTO,0.008321407748979714
2026-01-29 18:30:00+00:00,BAJAJ-AUTO,0.008988645920942062
2026-02-01 18:30:00+00:00,BAJAJ-AUTO,-0.010523573847356027
2026-02-02 18:30:00+00:00,BAJAJ-AUTO,0.010424893381772327
2026-02-03 18:30:00+00:00,BAJAJ-AUTO,0.004533375019540431
2026-02-04 18:30:00+00:00,BAJAJ-AUTO,0.0008299616142752875
2026-02-05 18:30:00+00:00,BAJAJ-AUTO,-0.01332020317197058
2025-01-01 18:30:00+00:00,BAJAJFINSV,0.07881888006892068
2025-01-02 18:30:00+00:00,BAJAJFINSV,0.0002645612645684192
2025-01-05 18:30:00+00:00,BAJAJFINSV,-0.009699593463102119
2025-01-06 18:30:00+00:00,BAJAJFINSV,-0.001098196595605061
2025-01-07 18:30:00+00:00,BAJAJFINSV,0.008468270024585722
2025-01-08 18:30:00+00:00,BAJAJFINSV,-0.003948095487790071
2025-01-09 18:30:00+00:00,BAJAJFINSV,0.006478087917113795
2025-01-12 18:30:00+00:00,BAJAJFINSV,-0.015929457403462854
2025-01-13 18:30:00+00:00,BAJAJFINSV,0.023504449021509943
2025-01-14 18:30:00+00:00,BAJAJFINSV,-0.02442367711378257
2025-01-15 18:30:00+00:00,BAJAJFINSV,0.015374040875871353
2025-01-16 18:30:00+00:00,BAJAJFINSV,-0.009838882365130863
2025-01-19 18:30:00+00:00,BAJAJFINSV,0.032457681681367534
2025-01-20 18:30:00+00:00,BAJAJFINSV,-0.010488719042083483
2025-01-21 18:30:00+00:00,BAJAJFINSV,0.015317508290528581
2025-01-22 18:30:00+00:00,BAJAJFINSV,0.0016347722037584056
2025-01-23 18:30:00+00:00,BAJAJFINSV,-0.009993428918842029
2025-01-26 18:30:00+00:00,BAJAJFINSV,-0.009891827498793027
2025-01-27 18:30:00+00:00,BAJAJFINSV,0.033506631192230296
2025-01-28 18:30:00+00:00,BAJAJFINSV,0.012125918614245501
2025-01-29 18:30:00+00:00,BAJAJFINSV,-0.025245816539976818
2025-01-30 18:30:00+00:00,BAJAJFINSV,-0.005214309367659986
2025-01-31 18:30:00+00:00,BAJAJFINSV,0.010310509064062057
2025-02-02 18:30:00+00:00,BAJAJFINSV,0.023289606831915055
2025-02-03 18:30:00+00:00,BAJAJFINSV,0.010251526052460491
2025-02-04 18:30:00+00:00,BAJAJFINSV,-0.009099671244723662
2025-02-05 18:30:00+00:00,BAJAJFINSV,-0.00486989770393953
2025-02-06 18:30:00+00:00,BAJAJFINSV,0.005788596752645425
2025-02-09 18:30:00+00:00,BAJAJFINSV,-0.0033085433668893494
2025-02-10 18:30:00+00:00,BAJAJFINSV,-0.026528749864321077
2025-02-11 18:30:00+00:00,BAJAJFINSV,0.025131082078974742
2025-02-12 18:30:00+00:00,BAJAJFINSV,0.033851467175714856
2025-02-13 18:30:00+00:00,BAJAJFINSV,-0.004298994847268922
2025-02-16 18:30:00+00:00,BAJAJFINSV,0.02908264703180463
2025-02-17 18:30:00+00:00,BAJAJFINSV,-0.0006068945176593843
2025-02-18 18:30:00+00:00,BAJAJFINSV,-0.009690024968985522
2025-02-19 18:30:00+00:00,BAJAJFINSV,0.0031460622351011658
2025-02-20 18:30:00+00:00,BAJAJFINSV,-0.0010099524821803874
2025-02-23 18:30:00+00:00,BAJAJFINSV,-0.011466689472111602
2025-02-24 18:30:00+00:00,BAJAJFINSV,0.009312050662099391
2025-02-26 18:30:00+00:00,BAJAJFINSV,0.02690522237540649
2025-02-27 18:30:00+00:00,BAJAJFINSV,-0.027654400262228096
2025-03-02 18:30:00+00:00,BAJAJFINSV,-0.018025933156530116
2025-03-03 18:30:00+00:00,BAJAJFINSV,-0.026243537627171576
2025-03-04 18:30:00+00:00,BAJAJFINSV,0.006423495851966887
2025-03-05 18:30:00+00:00,BAJAJFINSV,0.024225728484708053
2025-03-06 18:30:00+00:00,BAJAJFINSV,-8.120146938261907e-05
2025-03-09 18:30:00+00:00,BAJAJFINSV,-0.002682579652568462
2025-03-10 18:30:00+00:00,BAJAJFINSV,-0.018990888793106175
2025-03-11 18:30:00+00:00,BAJAJFINSV,0.0077821714464303415
2025-03-12 18:30:00+00:00,BAJAJFINSV,-0.006595391120064686
2025-03-16 18:30:00+00:00,BAJAJFINSV,0.035491999010772046
2025-03-17 18:30:00+00:00,BAJAJFINSV,0.0
2025-03-18 18:30:00+00:00,BAJAJFINSV,-0.015681761989042475
2025-03-19 18:30:00+00:00,BAJAJFINSV,0.005210959189990483
2025-03-20 18:30:00+00:00,BAJAJFINSV,-0.002483946578529128
2025-03-23 18:30:00+00:00,BAJAJFINSV,0.025389111213176996
2025-03-24 18:30:00+00:00,BAJAJFINSV,0.02687222735282857
2025-03-25 18:30:00+00:00,BAJAJFINSV,-0.000848356322966981
2025-03-26 18:30:00+00:00,BAJAJFINSV,0.03208298088682038
2025-03-27 18:30:00+00:00,BAJAJFINSV,0.0007976568130880768
2025-03-31 18:30:00+00:00,BAJAJFINSV,-0.03499640397481096
2025-04-01 18:30:00+00:00,BAJAJFINSV,-0.0031748323481596286
2025-04-02 18:30:00+00:00,BAJAJFINSV,-0.005437730884880754
2025-04-03 18:30:00+00:00,BAJAJFINSV,-0.004243778802282883
2025-04-06 18:30:00+00:00,BAJAJFINSV,-0.031192814530500268
2025-04-07 18:30:00+00:00,BAJAJFINSV,0.027285244000501585
2025-04-08 18:30:00+00:00,BAJAJFINSV,-0.003940726241001502
2025-04-10 18:30:00+00:00,BAJAJFINSV,0.026692029358049707
2025-04-14 18:30:00+00:00,BAJAJFINSV,0.011149307563110833
2025-04-15 18:30:00+00:00,BAJAJFINSV,0.000609718068226961
2025-04-16 18:30:00+00:00,BAJAJFINSV,0.03356702470814921
2025-04-20 18:30:00+00:00,BAJAJFINSV,0.033508492229160636
2025-04-21 18:30:00+00:00,BAJAJFINSV,-0.012598034775782807
2025-04-22 18:30:00+00:00,BAJAJFINSV,0.01145891411623956
2025-04-23 18:30:00+00:00,BAJAJFINSV,0.001999142626629702
2025-04-24 18:30:00+00:00,BAJAJFINSV,-0.028265997174943602
2025-04-27 18:30:00+00:00,BAJAJFINSV,0.0020533088902603414
2025-04-28 18:30:00+00:00,BAJAJFINSV,0.008391365387977245
2025-04-29 18:30:00+00:00,BAJAJFINSV,-0.05578393218827127
2025-05-01 18:30:00+00:00,BAJAJFINSV,0.007737180909655361
2025-05-04 18:30:00+00:00,BAJAJFINSV,0.030253748286071858
2025-05-05 18:30:00+00:00,BAJAJFINSV,0.00473799929562313
2025-05-06 18:30:00+00:00,BAJAJFINSV,-0.002701636969796861
2025-05-07 18:30:00+00:00,BAJAJFINSV,-0.011968694401188973
2025-05-08 18:30:00+00:00,BAJAJFINSV,-0.0179461983604412
2025-05-11 18:30:00+00:00,BAJAJFINSV,0.04081211720913469
2025-05-12 18:30:00+00:00,BAJAJFINSV,-0.015704197633931938
2025-05-13 18:30:00+00:00,BAJAJFINSV,0.001090103063574599
2025-05-14 18:30:00+00:00,BAJAJFINSV,0.0106414431141717
2025-05-15 18:30:00+00:00,BAJAJFINSV,-0.004064872156089194
2025-05-18 18:30:00+00:00,BAJAJFINSV,0.0023112534410560936
2025-05-19 18:30:00+00:00,BAJAJFINSV,-0.016288145034791923
2025-05-20 18:30:00+00:00,BAJAJFINSV,0.01605911396059634
2025-05-21 18:30:00+00:00,BAJAJFINSV,-0.017817771672520855
2025-05-22 18:30:00+00:00,BAJAJFINSV,0.0177411677304653
2025-05-25 18:30:00+00:00,BAJAJFINSV,0.007905782133177164
2025-05-26 18:30:00+00:00,BAJAJFINSV,-0.011059212533659268
2025-05-27 18:30:00+00:00,BAJAJFINSV,-0.003694758442757573
2025-05-28 18:30:00+00:00,BAJAJFINSV,-0.005686305805277292
2025-05-29 18:30:00+00:00,BAJAJFINSV,0.003232379230199145
2025-06-01 18:30:00+00:00,BAJAJFINSV,0.005749979734834154
2025-06-02 18:30:00+00:00,BAJAJFINSV,-0.018284857218905715
2025-06-03 18:30:00+00:00,BAJAJFINSV,-0.017972802563676837
2025-06-04 18:30:00+00:00,BAJAJFINSV,-0.006185782122612005
2025-06-05 18:30:00+00:00,BAJAJFINSV,0.023662520222248462
2025-06-08 18:30:00+00:00,BAJAJFINSV,0.013768875573127781
2025-06-09 18:30:00+00:00,BAJAJFINSV,-0.009566792806099178
2025-06-10 18:30:00+00:00,BAJAJFINSV,0.00740706376053879
2025-06-11 18:30:00+00:00,BAJAJFINSV,0.007899089211169219
2025-06-12 18:30:00+00:00,BAJAJFINSV,-0.008773683488466633
2025-06-15 18:30:00+00:00,BAJAJFINSV,0.008552910861048257
2025-06-16 18:30:00+00:00,BAJAJFINSV,-0.012276867906233946
2025-06-17 18:30:00+00:00,BAJAJFINSV,-0.010931935673882953
2025-06-18 18:30:00+00:00,BAJAJFINSV,-0.006964800007396521
2025-06-19 18:30:00+00:00,BAJAJFINSV,0.009453140857055953
2025-06-22 18:30:00+00:00,BAJAJFINSV,0.005739583412116556
2025-06-23 18:30:00+00:00,BAJAJFINSV,0.005806973063094079
2025-06-24 18:30:00+00:00,BAJAJFINSV,0.0012940578557956162
2025-06-25 18:30:00+00:00,BAJAJFINSV,0.02077748314781358
2025-06-26 18:30:00+00:00,BAJAJFINSV,-0.0041898554258426035
2025-06-29 18:30:00+00:00,BAJAJFINSV,0.005870841487279899
2025-06-30 18:30:00+00:00,BAJAJFINSV,-0.0010700151614178033
2025-07-01 18:30:00+00:00,BAJAJFINSV,-0.022348828183275438
2025-07-02 18:30:00+00:00,BAJAJFINSV,-0.01354652767142872
2025-07-03 18:30:00+00:00,BAJAJFINSV,0.0069167837531787235
2025-07-06 18:30:00+00:00,BAJAJFINSV,0.006016847098427647
2025-07-07 18:30:00+00:00,BAJAJFINSV,0.005931032829576299
2025-07-08 18:30:00+00:00,BAJAJFINSV,0.0040132663082679265
2025-07-09 18:30:00+00:00,BAJAJFINSV,0.006415317727682668
2025-07-10 18:30:00+00:00,BAJAJFINSV,-0.010885590358157282
2025-07-13 18:30:00+00:00,BAJAJFINSV,-0.006742006699949066
2025-07-14 18:30:00+00:00,BAJAJFINSV,0.016420455587419003
2025-07-15 18:30:00+00:00,BAJAJFINSV,-0.00024551927326299516
2025-07-16 18:30:00+00:00,BAJAJFINSV,-0.004666011787819224
2025-07-17 18:30:00+00:00,BAJAJFINSV,0.0015297190160066254
2025-07-20 18:30:00+00:00,BAJAJFINSV,0.011972766579679162
2025-07-21 18:30:00+00:00,BAJAJFINSV,-0.0069623289535653
2025-07-22 18:30:00+00:00,BAJAJFINSV,0.01024711936861955
2025-07-23 18:30:00+00:00,BAJAJFINSV,-0.013685974846821214
2025-07-24 18:30:00+00:00,BAJAJFINSV,-0.022880479694331046
2025-07-27 18:30:00+00:00,BAJAJFINSV,-0.0040286029828234815
2025-07-28 18:30:00+00:00,BAJAJFINSV,-0.002629220908993757
2025-07-29 18:30:00+00:00,BAJAJFINSV,-0.00648886085178535
2025-07-30 18:30:00+00:00,BAJAJFINSV,-0.006021047318159223
2025-07-31 18:30:00+00:00,BAJAJFINSV,-0.01627307555024382
2025-08-03 18:30:00+00:00,BAJAJFINSV,0.009027775565935814
2025-08-04 18:30:00+00:00,BAJAJFINSV,0.0029996115542811896
2025-08-05 18:30:00+00:00,BAJAJFINSV,-0.007940612674125935
2025-08-06 18:30:00+00:00,BAJAJFINSV,-0.00519750519750517
2025-08-07 18:30:00+00:00,BAJAJFINSV,0.0027167978954414362
2025-08-10 18:30:00+00:00,BAJAJFINSV,0.0018758325072130155
2025-08-11 18:30:00+00:00,BAJAJFINSV,-0.0076971335824258524
2025-08-12 18:30:00+00:00,BAJAJFINSV,0.0033543104895505937
2025-08-13 18:30:00+00:00,BAJAJFINSV,0.00558919297713123
2025-08-17 18:30:00+00:00,BAJAJFINSV,0.03553063491845099
2025-08-18 18:30:00+00:00,BAJAJFINSV,-0.010684749851078479
2025-08-19 18:30:00+00:00,BAJAJFINSV,-0.00694653255808797
2025-08-20 18:30:00+00:00,BAJAJFINSV,0.010977789124329895
2025-08-21 18:30:00+00:00,BAJAJFINSV,-0.007121199790877553
2025-08-24 18:30:00+00:00,BAJAJFINSV,-0.0010682006001619948
2025-08-25 18:30:00+00:00,BAJAJFINSV,-0.020165035477965776
2025-08-27 18:30:00+00:00,BAJAJFINSV,-0.003429984280956977
2025-08-28 18:30:00+00:00,BAJAJFINSV,-0.0021380765739134056
2025-08-31 18:30:00+00:00,BAJAJFINSV,0.01567807682257638
2025-09-01 18:30:00+00:00,BAJAJFINSV,0.006380254393651974
2025-09-02 18:30:00+00:00,BAJAJFINSV,0.005214965511813663
2025-09-03 18:30:00+00:00,BAJAJFINSV,0.018361210535684513
2025-09-04 18:30:00+00:00,BAJAJFINSV,0.006093334102344139
2025-09-07 18:30:00+00:00,BAJAJFINSV,-0.002978554372161102
2025-09-08 18:30:00+00:00,BAJAJFINSV,0.008414670488262388
2025-09-09 18:30:00+00:00,BAJAJFINSV,0.006369378379867285
2025-09-10 18:30:00+00:00,BAJAJFINSV,-0.0001962036862576122
2025-09-11 18:30:00+00:00,BAJAJFINSV,0.021444670784557918
2025-09-14 18:30:00+00:00,BAJAJFINSV,-0.0007206341580591191
2025-09-15 18:30:00+00:00,BAJAJFINSV,0.00014425424429087563
2025-09-16 18:30:00+00:00,BAJAJFINSV,-0.011200330856719676
2025-09-17 18:30:00+00:00,BAJAJFINSV,0.005930943690751089
2025-09-18 18:30:00+00:00,BAJAJFINSV,-0.0009181820938445329
2025-09-21 18:30:00+00:00,BAJAJFINSV,0.0010641663618795594
2025-09-22 18:30:00+00:00,BAJAJFINSV,0.007199759528267791
2025-09-23 18:30:00+00:00,BAJAJFINSV,-0.007292243275766719
2025-09-24 18:30:00+00:00,BAJAJFINSV,-0.016238148259624996
2025-09-25 18:30:00+00:00,BAJAJFINSV,-0.01591669522629857
2025-09-28 18:30:00+00:00,BAJAJFINSV,0.010732827737651718
2025-09-29 18:30:00+00:00,BAJAJFINSV,-0.009038340099342013
2025-09-30 18:30:00+00:00,BAJAJFINSV,0.00029903089046889875
2025-10-02 18:30:00+00:00,BAJAJFINSV,-0.0030393500677317054
2025-10-05 18:30:00+00:00,BAJAJFINSV,0.01614269896731657
2025-10-06 18:30:00+00:00,BAJAJFINSV,-0.00029508931750266143
2025-10-07 18:30:00+00:00,BAJAJFINSV,-0.009347633685040657
2025-10-08 18:30:00+00:00,BAJAJFINSV,0.0004966229698672997
2025-10-09 18:30:00+00:00,BAJAJFINSV,-0.005112641160842202
2025-10-12 18:30:00+00:00,BAJAJFINSV,0.008032717254759847
2025-10-13 18:30:00+00:00,BAJAJFINSV,-0.0004949514887726547
2025-10-14 18:30:00+00:00,BAJAJFINSV,0.032039255452104065
2025-10-15 18:30:00+00:00,BAJAJFINSV,0.0029268524685952535
2025-10-16 18:30:00+00:00,BAJAJFINSV,-0.0031097503357780942
2025-10-19 18:30:00+00:00,BAJAJFINSV,0.02692330900363049
2025-10-20 18:30:00+00:00,BAJAJFINSV,0.013692890998937557
2025-10-22 18:30:00+00:00,BAJAJFINSV,0.003457655093051626
2025-10-23 18:30:00+00:00,BAJAJFINSV,-0.007856334139956789
2025-10-26 18:30:00+00:00,BAJAJFINSV,0.004954828049027471
2025-10-27 18:30:00+00:00,BAJAJFINSV,-0.013823611038144445
2025-10-28 18:30:00+00:00,BAJAJFINSV,-0.0014951645850299622
2025-10-29 18:30:00+00:00,BAJAJFINSV,-0.010481938392021495
2025-10-30 18:30:00+00:00,BAJAJFINSV,-0.01243736291191655
2025-11-02 18:30:00+00:00,BAJAJFINSV,-0.003208327833749136
2025-11-03 18:30:00+00:00,BAJAJFINSV,-0.004035427599101804
2025-11-05 18:30:00+00:00,BAJAJFINSV,-0.004823461429442677
2025-11-06 18:30:00+00:00,BAJAJFINSV,0.01885427850183885
2025-11-09 18:30:00+00:00,BAJAJFINSV,0.007706555548870897
2025-11-10 18:30:00+00:00,BAJAJFINSV,-0.06085069227344442
2025-11-11 18:30:00+00:00,BAJAJFINSV,0.023172803367947692
2025-11-12 18:30:00+00:00,BAJAJFINSV,0.010169467537153087
2025-11-13 18:30:00+00:00,BAJAJFINSV,0.004668854140755574
2025-11-16 18:30:00+00:00,BAJAJFINSV,0.006680244216255682
2025-11-17 18:30:00+00:00,BAJAJFINSV,-0.014137403877557797
2025-11-18 18:30:00+00:00,BAJAJFINSV,0.0
2025-11-19 18:30:00+00:00,BAJAJFINSV,0.022144253031722405
2025-11-20 18:30:00+00:00,BAJAJFINSV,-0.020614713351471803
2025-11-23 18:30:00+00:00,BAJAJFINSV,-0.0105241934044914
2025-11-24 18:30:00+00:00,BAJAJFINSV,-0.0002954981494097675
2025-11-25 18:30:00+00:00,BAJAJFINSV,0.02704174357441258
2025-11-26 18:30:00+00:00,BAJAJFINSV,0.008680568158799806
2025-11-27 18:30:00+00:00,BAJAJFINSV,-0.004374263686507285
2025-11-30 18:30:00+00:00,BAJAJFINSV,-0.005826146691439882
2025-12-01 18:30:00+00:00,BAJAJFINSV,-0.00763769147441673
2025-12-02 18:30:00+00:00,BAJAJFINSV,-0.009632558828805649
2025-12-03 18:30:00+00:00,BAJAJFINSV,0.00156400350531527
2025-12-04 18:30:00+00:00,BAJAJFINSV,0.023082202788983874
2025-12-07 18:30:00+00:00,BAJAJFINSV,-0.017791580647805838
2025-12-08 18:30:00+00:00,BAJAJFINSV,0.005001966332731866
2025-12-09 18:30:00+00:00,BAJAJFINSV,-0.0017878478723725166
2025-12-10 18:30:00+00:00,BAJAJFINSV,0.0
2025-12-11 18:30:00+00:00,BAJAJFINSV,0.008374503058966809
2025-12-14 18:30:00+00:00,BAJAJFINSV,-0.006048724048559495
2025-12-15 18:30:00+00:00,BAJAJFINSV,-0.01704904555813813
2025-12-16 18:30:00+00:00,BAJAJFINSV,-0.006878930982648024
2025-12-17 18:30:00+00:00,BAJAJFINSV,0.002523301889698182
2025-12-18 18:30:00+00:00,BAJAJFINSV,0.00863643072511433
2025-12-21 18:30:00+00:00,BAJAJFINSV,0.002935707924774933
2025-12-22 18:30:00+00:00,BAJAJFINSV,-0.001073311147321676
2025-12-23 18:30:00+00:00,BAJAJFINSV,-0.00581169396168657
2025-12-25 18:30:00+00:00,BAJAJFINSV,-0.008891278685504878
2025-12-28 18:30:00+00:00,BAJAJFINSV,-0.0027260111352860328
2025-12-29 18:30:00+00:00,BAJAJFINSV,0.00710702698754373
2025-12-30 18:30:00+00:00,BAJAJFINSV,0.006662060717208762
2025-12-31 18:30:00+00:00,BAJAJFINSV,-0.0014216502668533693
2026-01-01 18:30:00+00:00,BAJAJFINSV,0.0006872972086708895
2026-01-04 18:30:00+00:00,BAJAJFINSV,0.0003924287422643058
2026-01-05 18:30:00+00:00,BAJAJFINSV,0.0026481093288370783
2026-01-06 18:30:00+00:00,BAJAJFINSV,-0.006211460101497535
2026-01-07 18:30:00+00:00,BAJAJFINSV,-0.011319454561566133
2026-01-08 18:30:00+00:00,BAJAJFINSV,-0.008213450047028892
2026-01-11 18:30:00+00:00,BAJAJFINSV,0.003262397069038192
2026-01-12 18:30:00+00:00,BAJAJFINSV,0.006153347644996865
2026-01-13 18:30:00+00:00,BAJAJFINSV,-0.005121284311791596
2026-01-14 18:30:00+00:00,BAJAJFINSV,0.0
2026-01-15 18:30:00+00:00,BAJAJFINSV,0.0007996279506299331
2026-01-18 18:30:00+00:00,BAJAJFINSV,0.007640473821785232
2026-01-19 18:30:00+00:00,BAJAJFINSV,-0.02928937269605747
2026-01-20 18:30:00+00:00,BAJAJFINSV,0.0006126886568151857
2026-01-21 18:30:00+00:00,BAJAJFINSV,0.016939614652946577
2026-01-22 18:30:00+00:00,BAJAJFINSV,-0.02212632388045288
2026-01-26 18:30:00+00:00,BAJAJFINSV,-0.016059542754297107
2026-01-27 18:30:00+00:00,BAJAJFINSV,0.01178500194591936
2026-01-28 18:30:00+00:00,BAJAJFINSV,0.004019959058663813
2026-01-29 18:30:00+00:00,BAJAJFINSV,0.0023099430503541463
2026-02-01 18:30:00+00:00,BAJAJFINSV,-0.0115230975526609
2026-02-02 18:30:00+00:00,BAJAJFINSV,0.04279569795904603
2026-02-03 18:30:00+00:00,BAJAJFINSV,0.0034282429480085863
2026-02-04 18:30:00+00:00,BAJAJFINSV,-0.009655377419155786
2026-02-05 18:30:00+00:00,BAJAJFINSV,0.012049385470782603
2025-01-01 18:30:00+00:00,BAJFINANCE,0.06544768173732796
2025-01-02 18:30:00+00:00,BAJFINANCE,0.0024427744838442234
2025-01-05 18:30:00+00:00,BAJFINANCE,-0.007816616883381755
2025-01-06 18:30:00+00:00,BAJFINANCE,0.0006258705470751913
2025-01-07 18:30:00+00:00,BAJFINANCE,0.00019716369873079564
2025-01-08 18:30:00+00:00,BAJFINANCE,-0.010597651434202104
2025-01-09 18:30:00+00:00,BAJFINANCE,0.0014565091105236405
2025-01-12 18:30:00+00:00,BAJFINANCE,-0.01881160937524229
2025-01-13 18:30:00+00:00,BAJFINANCE,0.025737820291791724
2025-01-14 18:30:00+00:00,BAJFINANCE,-0.02148600091946029
2025-01-15 18:30:00+00:00,BAJFINANCE,0.011473530963217904
2025-01-16 18:30:00+00:00,BAJFINANCE,-0.010695914115297356
2025-01-19 18:30:00+00:00,BAJFINANCE,0.035922650290650227
2025-01-20 18:30:00+00:00,BAJFINANCE,-0.019952779604698434
2025-01-21 18:30:00+00:00,BAJFINANCE,0.014468675879324655
2025-01-22 18:30:00+00:00,BAJFINANCE,0.006232126647320646
2025-01-23 18:30:00+00:00,BAJFINANCE,-0.0006247404649729615
2025-01-26 18:30:00+00:00,BAJFINANCE,-0.01924424368848432
2025-01-27 18:30:00+00:00,BAJFINANCE,0.04264988894371702
2025-01-28 18:30:00+00:00,BAJFINANCE,0.020120740590514163
2025-01-29 18:30:00+00:00,BAJFINANCE,0.018299713092788883
2025-01-30 18:30:00+00:00,BAJFINANCE,-0.0020944814854567673
2025-01-31 18:30:00+00:00,BAJFINANCE,0.01458450807338485
2025-02-02 18:30:00+00:00,BAJFINANCE,0.05321179174207735
2025-02-03 18:30:00+00:00,BAJFINANCE,0.00588075803725463
2025-02-04 18:30:00+00:00,BAJFINANCE,0.0040234463734312165
2025-02-05 18:30:00+00:00,BAJFINANCE,-0.000252663357577787
2025-02-06 18:30:00+00:00,BAJFINANCE,-0.003884895856681392
2025-02-09 18:30:00+00:00,BAJFINANCE,-0.02211997857245973
2025-02-10 18:30:00+00:00,BAJFINANCE,-0.011536384520657528
2025-02-11 18:30:00+00:00,BAJFINANCE,0.0027896653503680646
2025-02-12 18:30:00+00:00,BAJFINANCE,0.023733702130662948
2025-02-13 18:30:00+00:00,BAJFINANCE,-0.001986078100083888
2025-02-16 18:30:00+00:00,BAJFINANCE,0.004087117891467873
2025-02-17 18:30:00+00:00,BAJFINANCE,0.004663857881730404
2025-02-18 18:30:00+00:00,BAJFINANCE,-0.0031243770614098887
2025-02-19 18:30:00+00:00,BAJFINANCE,-0.004739638943628277
2025-02-20 18:30:00+00:00,BAJFINANCE,-0.00032740468615688467
2025-02-23 18:30:00+00:00,BAJFINANCE,-0.004972213049499463
2025-02-24 18:30:00+00:00,BAJFINANCE,0.01602044748761844
2025-02-26 18:30:00+00:00,BAJFINANCE,0.025515968016797785
2025-02-27 18:30:00+00:00,BAJFINANCE,-0.020113848886847197
2025-03-02 18:30:00+00:00,BAJFINANCE,0.011435650143473808
2025-03-03 18:30:00+00:00,BAJFINANCE,-0.004856369187124732
2025-03-04 18:30:00+00:00,BAJFINANCE,-0.03345587864516508
2025-03-05 18:30:00+00:00,BAJFINANCE,0.013514261530535476
2025-03-06 18:30:00+00:00,BAJFINANCE,-0.0007549744896748756
2025-03-09 18:30:00+00:00,BAJFINANCE,-0.007365101439210764
2025-03-10 18:30:00+00:00,BAJFINANCE,-0.00025779016557758716
2025-03-11 18:30:00+00:00,BAJFINANCE,0.017265276459573764
2025-03-12 18:30:00+00:00,BAJFINANCE,-0.0075432445455244634
2025-03-16 18:30:00+00:00,BAJFINANCE,0.01898944663652835
2025-03-17 18:30:00+00:00,BAJFINANCE,0.0
2025-03-18 18:30:00+00:00,BAJFINANCE,0.01762753929674643
2025-03-19 18:30:00+00:00,BAJFINANCE,-0.005949591085178674
2025-03-20 18:30:00+00:00,BAJFINANCE,0.027241818178730837
2025-03-23 18:30:00+00:00,BAJFINANCE,0.019509729311141255
2025-03-24 18:30:00+00:00,BAJFINANCE,-0.002508275342654187
2025-03-25 18:30:00+00:00,BAJFINANCE,-0.02218978444296482
2025-03-26 18:30:00+00:00,BAJFINANCE,0.015542508262767152
2025-03-27 18:30:00+00:00,BAJFINANCE,-0.0064695555143287065
2025-03-31 18:30:00+00:00,BAJFINANCE,-0.027655963610418777
2025-04-01 18:30:00+00:00,BAJFINANCE,-0.003328359597829178
2025-04-02 18:30:00+00:00,BAJFINANCE,-0.008610789346323866
2025-04-03 18:30:00+00:00,BAJFINANCE,0.014456696327419527
2025-04-06 18:30:00+00:00,BAJFINANCE,-0.017301598135258778
2025-04-07 18:30:00+00:00,BAJFINANCE,0.02967432980674367
2025-04-08 18:30:00+00:00,BAJFINANCE,-0.00979908434865473
2025-04-10 18:30:00+00:00,BAJFINANCE,0.02121159013533891
2025-04-14 18:30:00+00:00,BAJFINANCE,0.024649381658991443
2025-04-15 18:30:00+00:00,BAJFINANCE,-0.009244014367171483
2025-04-16 18:30:00+00:00,BAJFINANCE,0.011704277945629116
2025-04-20 18:30:00+00:00,BAJFINANCE,0.01211459125696046
2025-04-21 18:30:00+00:00,BAJFINANCE,-0.001401871882061867
2025-04-22 18:30:00+00:00,BAJFINANCE,0.006749161353386768
2025-04-23 18:30:00+00:00,BAJFINANCE,-0.002359771948434952
2025-04-24 18:30:00+00:00,BAJFINANCE,-0.020320358046296172
2025-04-27 18:30:00+00:00,BAJFINANCE,-0.0020851830889014877
2025-04-28 18:30:00+00:00,BAJFINANCE,0.0
2025-04-29 18:30:00+00:00,BAJFINANCE,-0.05042336843275441
2025-05-01 18:30:00+00:00,BAJFINANCE,0.02710055357009744
2025-05-04 18:30:00+00:00,BAJFINANCE,0.007160217385975276
2025-05-05 18:30:00+00:00,BAJFINANCE,-0.015058259707848576
2025-05-06 18:30:00+00:00,BAJFINANCE,0.02148340548824046
2025-05-07 18:30:00+00:00,BAJFINANCE,-0.01713686723631247
2025-05-08 18:30:00+00:00,BAJFINANCE,-0.020350329057952088
2025-05-11 18:30:00+00:00,BAJFINANCE,0.043687056121854306
2025-05-12 18:30:00+00:00,BAJFINANCE,0.002605799973927736
2025-05-13 18:30:00+00:00,BAJFINANCE,0.0043131958616327015
2025-05-14 18:30:00+00:00,BAJFINANCE,0.011837902466802719
2025-05-15 18:30:00+00:00,BAJFINANCE,-0.0023398678589046096
2025-05-18 18:30:00+00:00,BAJFINANCE,0.009654178953910186
2025-05-19 18:30:00+00:00,BAJFINANCE,-0.0190697308285247
2025-05-20 18:30:00+00:00,BAJFINANCE,0.013052080857216097
2025-05-21 18:30:00+00:00,BAJFINANCE,-0.006360410598150512
2025-05-22 18:30:00+00:00,BAJFINANCE,0.011434490577185041
2025-05-25 18:30:00+00:00,BAJFINANCE,0.002812803560686028
2025-05-26 18:30:00+00:00,BAJFINANCE,-0.010626253676425224
2025-05-27 18:30:00+00:00,BAJFINANCE,0.010522314026375046
2025-05-28 18:30:00+00:00,BAJFINANCE,-0.006851899093955227
2025-05-29 18:30:00+00:00,BAJFINANCE,0.0022379779399221977
2025-06-01 18:30:00+00:00,BAJFINANCE,-0.0067534581879753475
2025-06-02 18:30:00+00:00,BAJFINANCE,-0.015298515704747495
2025-06-03 18:30:00+00:00,BAJFINANCE,0.000890954194472604
2025-06-04 18:30:00+00:00,BAJFINANCE,-0.005897393703103493
2025-06-05 18:30:00+00:00,BAJFINANCE,0.048970224764313564
2025-06-08 18:30:00+00:00,BAJFINANCE,0.025182708180254476
2025-06-09 18:30:00+00:00,BAJFINANCE,-0.011449388498568802
2025-06-10 18:30:00+00:00,BAJFINANCE,-0.007633587786259555
2025-06-11 18:30:00+00:00,BAJFINANCE,-0.005994720863726655
2025-06-12 18:30:00+00:00,BAJFINANCE,-0.004002775361823141
2025-06-15 18:30:00+00:00,BAJFINANCE,0.005251339130070587
2025-06-16 18:30:00+00:00,BAJFINANCE,-0.015991471215351827
2025-06-17 18:30:00+00:00,BAJFINANCE,-0.004333694474539573
2025-06-18 18:30:00+00:00,BAJFINANCE,-0.020130576713819348
2025-06-19 18:30:00+00:00,BAJFINANCE,0.0049972237645752315
2025-06-22 18:30:00+00:00,BAJFINANCE,0.011602209944751474
2025-06-23 18:30:00+00:00,BAJFINANCE,0.0010922992900055384
2025-06-24 18:30:00+00:00,BAJFINANCE,0.012547735951991212
2025-06-25 18:30:00+00:00,BAJFINANCE,0.02532327586206895
2025-06-26 18:30:00+00:00,BAJFINANCE,-0.004729374671571196
2025-06-29 18:30:00+00:00,BAJFINANCE,-0.011087645195353768
2025-06-30 18:30:00+00:00,BAJFINANCE,0.00016019691837954042
2025-07-01 18:30:00+00:00,BAJFINANCE,-0.01457323873193872
2025-07-02 18:30:00+00:00,BAJFINANCE,-0.013921967048686423
2025-07-03 18:30:00+00:00,BAJFINANCE,0.01664556718400312
2025-07-06 18:30:00+00:00,BAJFINANCE,-0.0007024353047454523
2025-07-07 18:30:00+00:00,BAJFINANCE,0.0032444707952081764
2025-07-08 18:30:00+00:00,BAJFINANCE,0.013959953464190322
2025-07-09 18:30:00+00:00,BAJFINANCE,0.007495267925913929
2025-07-10 18:30:00+00:00,BAJFINANCE,-0.014931698464115462
2025-07-13 18:30:00+00:00,BAJFINANCE,-0.015693652291443372
2025-07-14 18:30:00+00:00,BAJFINANCE,0.01039347998244744
2025-07-15 18:30:00+00:00,BAJFINANCE,-0.007162886944406699
2025-07-16 18:30:00+00:00,BAJFINANCE,0.0016815707002644231
2025-07-17 18:30:00+00:00,BAJFINANCE,0.02025345224116304
2025-07-20 18:30:00+00:00,BAJFINANCE,0.006847146716593588
2025-07-21 18:30:00+00:00,BAJFINANCE,0.004322816735904622
2025-07-22 18:30:00+00:00,BAJFINANCE,0.016534565326584483
2025-07-23 18:30:00+00:00,BAJFINANCE,-0.00965607322504336
2025-07-24 18:30:00+00:00,BAJFINANCE,-0.04713489924568959
2025-07-27 18:30:00+00:00,BAJFINANCE,-0.036388508891928906
2025-07-28 18:30:00+00:00,BAJFINANCE,0.006871082104450643
2025-07-29 18:30:00+00:00,BAJFINANCE,-0.0019175593372500188
2025-07-30 18:30:00+00:00,BAJFINANCE,-0.004124951663686538
2025-07-31 18:30:00+00:00,BAJFINANCE,-0.006355011964954471
2025-08-03 18:30:00+00:00,BAJFINANCE,0.011078132112258388
2025-08-04 18:30:00+00:00,BAJFINANCE,0.007455141434653756
2025-08-05 18:30:00+00:00,BAJFINANCE,-0.017098328941092422
2025-08-06 18:30:00+00:00,BAJFINANCE,0.002794674161461952
2025-08-07 18:30:00+00:00,BAJFINANCE,-0.002218122200009498
2025-08-10 18:30:00+00:00,BAJFINANCE,0.0007409945400622675
2025-08-11 18:30:00+00:00,BAJFINANCE,-0.02825243579157799
2025-08-12 18:30:00+00:00,BAJFINANCE,0.008206330597889888
2025-08-13 18:30:00+00:00,BAJFINANCE,0.0016860607058502008
2025-08-17 18:30:00+00:00,BAJFINANCE,0.05078646396198039
2025-08-18 18:30:00+00:00,BAJFINANCE,-0.0032037388145761403
2025-08-19 18:30:00+00:00,BAJFINANCE,-0.016070043440283177
2025-08-20 18:30:00+00:00,BAJFINANCE,0.008785748930183246
2025-08-21 18:30:00+00:00,BAJFINANCE,-0.0012281996604766032
2025-08-24 18:30:00+00:00,BAJFINANCE,0.00704302715815408
2025-08-25 18:30:00+00:00,BAJFINANCE,-0.027253539215867595
2025-08-27 18:30:00+00:00,BAJFINANCE,0.0006847082293153228
2025-08-28 18:30:00+00:00,BAJFINANCE,0.0011404459461059613
2025-08-31 18:30:00+00:00,BAJFINANCE,0.013100188323550421
2025-09-01 18:30:00+00:00,BAJFINANCE,0.0008433125547744336
2025-09-02 18:30:00+00:00,BAJFINANCE,0.006965523398593465
2025-09-03 18:30:00+00:00,BAJFINANCE,0.042898597267316596
2025-09-04 18:30:00+00:00,BAJFINANCE,0.00304891744951874
2025-09-07 18:30:00+00:00,BAJFINANCE,0.007145917642376265
2025-09-08 18:30:00+00:00,BAJFINANCE,0.004341879354119449
2025-09-09 18:30:00+00:00,BAJFINANCE,0.020613651718373927
2025-09-10 18:30:00+00:00,BAJFINANCE,0.0023761431519842002
2025-09-11 18:30:00+00:00,BAJFINANCE,0.03401185261530526
2025-09-14 18:30:00+00:00,BAJFINANCE,0.006578595151694566
2025-09-15 18:30:00+00:00,BAJFINANCE,-0.00653560008466425
2025-09-16 18:30:00+00:00,BAJFINANCE,0.0042362322452031975
2025-09-17 18:30:00+00:00,BAJFINANCE,-0.010918114143920632
2025-09-18 18:30:00+00:00,BAJFINANCE,-0.004064212536847744
2025-09-21 18:30:00+00:00,BAJFINANCE,0.014156872003783905
2025-09-22 18:30:00+00:00,BAJFINANCE,0.018877297565822238
2025-09-23 18:30:00+00:00,BAJFINANCE,0.004144319843978561
2025-09-24 18:30:00+00:00,BAJFINANCE,-0.016508861374119888
2025-09-25 18:30:00+00:00,BAJFINANCE,-0.02730192487194505
2025-09-28 18:30:00+00:00,BAJFINANCE,0.005938520724877661
2025-09-29 18:30:00+00:00,BAJFINANCE,0.00802261679105798
2025-09-30 18:30:00+00:00,BAJFINANCE,-0.011212345513356925
2025-10-02 18:30:00+00:00,BAJFINANCE,0.0020755166220844945
2025-10-05 18:30:00+00:00,BAJFINANCE,0.019348344949797758
2025-10-06 18:30:00+00:00,BAJFINANCE,0.0075824791295344696
2025-10-07 18:30:00+00:00,BAJFINANCE,0.00649258442806433
2025-10-08 18:30:00+00:00,BAJFINANCE,0.0009284573612937663
2025-10-09 18:30:00+00:00,BAJFINANCE,-0.00024411679128966135
2025-10-12 18:30:00+00:00,BAJFINANCE,0.012599526025949048
2025-10-13 18:30:00+00:00,BAJFINANCE,-0.016976103772305406
2025-10-14 18:30:00+00:00,BAJFINANCE,0.03998429968485584
2025-10-15 18:30:00+00:00,BAJFINANCE,0.005519365460125769
2025-10-16 18:30:00+00:00,BAJFINANCE,0.004081609745191228
2025-10-19 18:30:00+00:00,BAJFINANCE,0.010185986975744132
2025-10-20 18:30:00+00:00,BAJFINANCE,0.005087881591119281
2025-10-22 18:30:00+00:00,BAJFINANCE,0.007040979672399805
2025-10-23 18:30:00+00:00,BAJFINANCE,-0.004021408687916228
2025-10-26 18:30:00+00:00,BAJFINANCE,-0.004909360482622138
2025-10-27 18:30:00+00:00,BAJFINANCE,-0.010743290438745001
2025-10-28 18:30:00+00:00,BAJFINANCE,-0.009135445190515012
2025-10-29 18:30:00+00:00,BAJFINANCE,-0.010019194536872389
2025-10-30 18:30:00+00:00,BAJFINANCE,-0.00902784335188378
2025-11-02 18:30:00+00:00,BAJFINANCE,0.0002876167469971769
2025-11-03 18:30:00+00:00,BAJFINANCE,0.013325687603678249
2025-11-05 18:30:00+00:00,BAJFINANCE,-0.014285691188209548
2025-11-06 18:30:00+00:00,BAJFINANCE,0.02370664228150443
2025-11-09 18:30:00+00:00,BAJFINANCE,0.017251101476872366
2025-11-10 18:30:00+00:00,BAJFINANCE,-0.07354837584605411
2025-11-11 18:30:00+00:00,BAJFINANCE,0.00795861510430651
2025-11-12 18:30:00+00:00,BAJFINANCE,-0.007698369225221713
2025-11-13 18:30:00+00:00,BAJFINANCE,0.013029615344968937
2025-11-16 18:30:00+00:00,BAJFINANCE,0.008149287018286655
2025-11-17 18:30:00+00:00,BAJFINANCE,-0.012855544034354627
2025-11-18 18:30:00+00:00,BAJFINANCE,-0.007892660016467934
2025-11-19 18:30:00+00:00,BAJFINANCE,0.022871917818612086
2025-11-20 18:30:00+00:00,BAJFINANCE,-0.023818783376932884
2025-11-23 18:30:00+00:00,BAJFINANCE,-0.010058735017938636
2025-11-24 18:30:00+00:00,BAJFINANCE,-0.007847070214254237
2025-11-25 18:30:00+00:00,BAJFINANCE,0.024842830761248047
2025-11-26 18:30:00+00:00,BAJFINANCE,0.022855482677447414
2025-11-27 18:30:00+00:00,BAJFINANCE,0.0035789814249564955
2025-11-30 18:30:00+00:00,BAJFINANCE,-0.01580725244728909
2025-12-01 18:30:00+00:00,BAJFINANCE,0.004309102457413561
2025-12-02 18:30:00+00:00,BAJFINANCE,-0.003998025924853876
2025-12-03 18:30:00+00:00,BAJFINANCE,0.007538624425128981
2025-12-04 18:30:00+00:00,BAJFINANCE,0.01836558630107965
2025-12-07 18:30:00+00:00,BAJFINANCE,-0.02061066372703957
2025-12-08 18:30:00+00:00,BAJFINANCE,-0.009450518293360965
2025-12-09 18:30:00+00:00,BAJFINANCE,-0.0062948995153147
2025-12-10 18:30:00+00:00,BAJFINANCE,-0.0038602033317113316
2025-12-11 18:30:00+00:00,BAJFINANCE,0.01083064697385372
2025-12-14 18:30:00+00:00,BAJFINANCE,-0.004521749376914075
2025-12-15 18:30:00+00:00,BAJFINANCE,-0.014120655298309082
2025-12-16 18:30:00+00:00,BAJFINANCE,0.0012018741411583544
2025-12-17 18:30:00+00:00,BAJFINANCE,0.0007002923410646122
2025-12-18 18:30:00+00:00,BAJFINANCE,0.007997600817381656
2025-12-21 18:30:00+00:00,BAJFINANCE,-0.0004958841674633785
2025-12-22 18:30:00+00:00,BAJFINANCE,0.003572173709763149
2025-12-23 18:30:00+00:00,BAJFINANCE,0.00029660647194740264
2025-12-25 18:30:00+00:00,BAJFINANCE,-0.011564705017159782
2025-12-28 18:30:00+00:00,BAJFINANCE,-0.0020000000000000018
2025-12-29 18:30:00+00:00,BAJFINANCE,-0.008717447101233677
2025-12-30 18:30:00+00:00,BAJFINANCE,-0.0025270393519131185
2025-12-31 18:30:00+00:00,BAJFINANCE,-0.013883271561111354
2026-01-01 18:30:00+00:00,BAJFINANCE,0.017829654769692782
2026-01-04 18:30:00+00:00,BAJFINANCE,-0.011812824537161593
2026-01-05 18:30:00+00:00,BAJFINANCE,-0.001430420857279624
2026-01-06 18:30:00+00:00,BAJFINANCE,-0.00874813322407153
2026-01-07 18:30:00+00:00,BAJFINANCE,0.00325147032798645
2026-01-08 18:30:00+00:00,BAJFINANCE,-0.012706452457416084
2026-01-11 18:30:00+00:00,BAJFINANCE,-0.00802412606062608
2026-01-12 18:30:00+00:00,BAJFINANCE,-0.0030465640715237052
2026-01-13 18:30:00+00:00,BAJFINANCE,-0.003213896515246284
2026-01-14 18:30:00+00:00,BAJFINANCE,0.0
2026-01-15 18:30:00+00:00,BAJFINANCE,0.004545681840984583
2026-01-18 18:30:00+00:00,BAJFINANCE,0.020205222001611345
2026-01-19 18:30:00+00:00,BAJFINANCE,-0.0373923353897061
2026-01-20 18:30:00+00:00,BAJFINANCE,0.0032683109227094054
2026-01-21 18:30:00+00:00,BAJFINANCE,0.00704937312249676
2026-01-22 18:30:00+00:00,BAJFINANCE,-0.015909211845371418
2026-01-26 18:30:00+00:00,BAJFINANCE,-0.014172510346408318
2026-01-27 18:30:00+00:00,BAJFINANCE,0.022357070005594837
2026-01-28 18:30:00+00:00,BAJFINANCE,0.0
2026-01-29 18:30:00+00:00,BAJFINANCE,-0.00566759203310252
2026-02-01 18:30:00+00:00,BAJFINANCE,-0.028122776862394616
2026-02-02 18:30:00+00:00,BAJFINANCE,0.06716832066737344
2026-02-03 18:30:00+00:00,BAJFINANCE,-0.001140643501914007
2026-02-04 18:30:00+00:00,BAJFINANCE,0.0015052550871026416
2026-02-05 18:30:00+00:00,BAJFINANCE,0.01756933112934056
2025-01-01 18:30:00+00:00,BEL,0.00986729567864053
2025-01-02 18:30:00+00:00,BEL,-0.016340904917391263
2025-01-05 18:30:00+00:00,BEL,-0.033567445101905236
2025-01-06 18:30:00+00:00,BEL,0.017189369218402195
2025-01-07 18:30:00+00:00,BEL,-0.017073039252407773
2025-01-08 18:30:00+00:00,BEL,-0.0030131946656117847
2025-01-09 18:30:00+00:00,BEL,-0.036444454165424967
2025-01-12 18:30:00+00:00,BEL,-0.04206632877739713
2025-01-13 18:30:00+00:00,BEL,0.03967636078031411
2025-01-14 18:30:00+00:00,BEL,-0.007595316383007034
2025-01-15 18:30:00+00:00,BEL,0.030987450685341145
2025-01-16 18:30:00+00:00,BEL,0.021727261123426045
2025-01-19 18:30:00+00:00,BEL,0.012936367622245815
2025-01-20 18:30:00+00:00,BEL,-0.02379284015043126
2025-01-21 18:30:00+00:00,BEL,-0.03100352082980329
2025-01-22 18:30:00+00:00,BEL,0.013316125203705731
2025-01-23 18:30:00+00:00,BEL,-0.013871261685600711
2025-01-26 18:30:00+00:00,BEL,-0.02665185495712774
2025-01-27 18:30:00+00:00,BEL,-0.017874141396229115
2025-01-28 18:30:00+00:00,BEL,0.034656436381635736
2025-01-29 18:30:00+00:00,BEL,0.04322597154375196
2025-01-30 18:30:00+00:00,BEL,0.049865465706030676
2025-01-31 18:30:00+00:00,BEL,-0.037074986260679954
2025-02-02 18:30:00+00:00,BEL,-0.027146968420439066
2025-02-03 18:30:00+00:00,BEL,0.03775315434240212
2025-02-04 18:30:00+00:00,BEL,0.015641389062768685
2025-02-05 18:30:00+00:00,BEL,-0.03183939568899152
2025-02-06 18:30:00+00:00,BEL,-0.009651513970413417
2025-02-09 18:30:00+00:00,BEL,-0.012993986993467876
2025-02-10 18:30:00+00:00,BEL,-0.030718645698954328
2025-02-11 18:30:00+00:00,BEL,-0.022259913715723334
2025-02-12 18:30:00+00:00,BEL,0.009261043963165294
2025-02-13 18:30:00+00:00,BEL,-0.042821651743268685
2025-02-16 18:30:00+00:00,BEL,-0.007389671095595962
2025-02-17 18:30:00+00:00,BEL,-0.015694085122215484
2025-02-18 18:30:00+00:00,BEL,0.035977054891522586
2025-02-19 18:30:00+00:00,BEL,0.027032321836203632
2025-02-20 18:30:00+00:00,BEL,-0.015946126769843416
2025-02-23 18:30:00+00:00,BEL,0.0009761784475339486
2025-02-24 18:30:00+00:00,BEL,0.0011701997528459351
2025-02-26 18:30:00+00:00,BEL,-0.016364726393186202
2025-02-27 18:30:00+00:00,BEL,-0.02455926473222969
2025-03-02 18:30:00+00:00,BEL,0.045238619243172185
2025-03-03 18:30:00+00:00,BEL,0.02843915367625427
2025-03-04 18:30:00+00:00,BEL,0.038570698539228454
2025-03-05 18:30:00+00:00,BEL,-0.007165741203174147
2025-03-06 18:30:00+00:00,BEL,0.01480115052948583
2025-03-09 18:30:00+00:00,BEL,-0.016823675870907273
2025-03-10 18:30:00+00:00,BEL,0.023446419856659517
2025-03-11 18:30:00+00:00,BEL,-0.001262689243370807
2025-03-12 18:30:00+00:00,BEL,0.011703979041277623
2025-03-16 18:30:00+00:00,BEL,-0.0004998857045248606
2025-03-17 18:30:00+00:00,BEL,0.0
2025-03-18 18:30:00+00:00,BEL,0.03597327481042489
2025-03-19 18:30:00+00:00,BEL,0.024310269065892287
2025-03-20 18:30:00+00:00,BEL,-0.004409957363684547
2025-03-23 18:30:00+00:00,BEL,0.021505362998285538
2025-03-24 18:30:00+00:00,BEL,-0.006852059288188994
2025-03-25 18:30:00+00:00,BEL,-0.0016331539946259355
2025-03-26 18:30:00+00:00,BEL,0.0037056518850084874
2025-03-27 18:30:00+00:00,BEL,0.0022285308310789897
2025-03-31 18:30:00+00:00,BEL,-0.030930581178119643
2025-04-01 18:30:00+00:00,BEL,-0.032876742463683994
2025-04-02 18:30:00+00:00,BEL,0.018059490276763013
2025-04-03 18:30:00+00:00,BEL,-0.02608693801837325
2025-04-06 18:30:00+00:00,BEL,-0.028214281188454593
2025-04-07 18:30:00+00:00,BEL,0.03436240379444255
2025-04-08 18:30:00+00:00,BEL,-0.0046189587280278666
2025-04-10 18:30:00+00:00,BEL,0.017312158003071954
2025-04-14 18:30:00+00:00,BEL,0.030526340079411796
2025-04-15 18:30:00+00:00,BEL,-0.00034046100440476845
2025-04-16 18:30:00+00:00,BEL,0.005279203302044122
2025-04-20 18:30:00+00:00,BEL,0.016262984385055912
2025-04-21 18:30:00+00:00,BEL,0.011335187909703892
2025-04-22 18:30:00+00:00,BEL,0.008241366535560957
2025-04-23 18:30:00+00:00,BEL,-0.0004904540970869231
2025-04-24 18:30:00+00:00,BEL,-0.026496616517542093
2025-04-27 18:30:00+00:00,BEL,0.0250335434022948
2025-04-28 18:30:00+00:00,BEL,0.03950187420871809
2025-04-29 18:30:00+00:00,BEL,-0.009460788039839962
2025-05-01 18:30:00+00:00,BEL,-0.0093919262856198
2025-05-04 18:30:00+00:00,BEL,0.013337573663030344
2025-05-05 18:30:00+00:00,BEL,-0.015223562421485703
2025-05-06 18:30:00+00:00,BEL,-0.0017712688954640843
2025-05-07 18:30:00+00:00,BEL,-0.009033809059270537
2025-05-08 18:30:00+00:00,BEL,0.0283249460533177
2025-05-11 18:30:00+00:00,BEL,0.02200406786174236
2025-05-12 18:30:00+00:00,BEL,0.04011777472778433
2025-05-13 18:30:00+00:00,BEL,0.025614336659988135
2025-05-14 18:30:00+00:00,BEL,0.01756928353384324
2025-05-15 18:30:00+00:00,BEL,0.03852738619884599
2025-05-18 18:30:00+00:00,BEL,-0.0004121319265986134
2025-05-19 18:30:00+00:00,BEL,0.00013740591920141654
2025-05-20 18:30:00+00:00,BEL,0.05277629866698419
2025-05-21 18:30:00+00:00,BEL,0.0010443174427927637
2025-05-22 18:30:00+00:00,BEL,0.00104330776350392
2025-05-25 18:30:00+00:00,BEL,0.001954133375839273
2025-05-26 18:30:00+00:00,BEL,0.002210428778957274
2025-05-27 18:30:00+00:00,BEL,0.013103316798890763
2025-05-28 18:30:00+00:00,BEL,-0.00934831449407092
2025-05-29 18:30:00+00:00,BEL,-0.005687635099324462
2025-06-01 18:30:00+00:00,BEL,0.007540281056744869
2025-06-02 18:30:00+00:00,BEL,-0.003870949102442345
2025-06-03 18:30:00+00:00,BEL,0.011917104234960618
2025-06-04 18:30:00+00:00,BEL,0.007424454896908239
2025-06-05 18:30:00+00:00,BEL,-0.00711554803642056
2025-06-08 18:30:00+00:00,BEL,0.004479118052722608
2025-06-09 18:30:00+00:00,BEL,0.012612979010662162
2025-06-10 18:30:00+00:00,BEL,-0.011323549209224293
2025-06-11 18:30:00+00:00,BEL,-0.01399848295984607
2025-06-12 18:30:00+00:00,BEL,0.017552942603290322
2025-06-15 18:30:00+00:00,BEL,0.024479933615001892
2025-06-16 18:30:00+00:00,BEL,-0.0051999102003768005
2025-06-17 18:30:00+00:00,BEL,-0.003111448655501059
2025-06-18 18:30:00+00:00,BEL,-0.00486893625542828
2025-06-19 18:30:00+00:00,BEL,0.02433830905795853
2025-06-22 18:30:00+00:00,BEL,0.03098585449719149
2025-06-23 18:30:00+00:00,BEL,-0.005702054101382359
2025-06-24 18:30:00+00:00,BEL,-0.02974915046908011
2025-06-25 18:30:00+00:00,BEL,0.009974198943098145
2025-06-26 18:30:00+00:00,BEL,0.010729128114200126
2025-06-29 18:30:00+00:00,BEL,0.01688780818986202
2025-06-30 18:30:00+00:00,BEL,0.025504100402438556
2025-07-01 18:30:00+00:00,BEL,-0.012261392091321377
2025-07-02 18:30:00+00:00,BEL,-0.001639571291332409
2025-07-03 18:30:00+00:00,BEL,0.0030498674132932724
2025-07-06 18:30:00+00:00,BEL,-0.024441582390939964
2025-07-07 18:30:00+00:00,BEL,0.0117478136205027
2025-07-08 18:30:00+00:00,BEL,-0.010308064798934757
2025-07-09 18:30:00+00:00,BEL,-0.009936589452961386
2025-07-10 18:30:00+00:00,BEL,-0.010157190225005386
2025-07-13 18:30:00+00:00,BEL,-0.004886367882578901
2025-07-14 18:30:00+00:00,BEL,0.004051063436069757
2025-07-15 18:30:00+00:00,BEL,-0.006846799623440369
2025-07-16 18:30:00+00:00,BEL,-0.004801128490004469
2025-07-17 18:30:00+00:00,BEL,-0.023379597554776588
2025-07-20 18:30:00+00:00,BEL,0.013172954931679248
2025-07-21 18:30:00+00:00,BEL,0.007875961484116178
2025-07-22 18:30:00+00:00,BEL,-0.0071942249512052525
2025-07-23 18:30:00+00:00,BEL,-0.004872585891651293
2025-07-24 18:30:00+00:00,BEL,-0.007658499628100612
2025-07-27 18:30:00+00:00,BEL,-0.01505564150796046
2025-07-28 18:30:00+00:00,BEL,-0.0025691090975913378
2025-07-29 18:30:00+00:00,BEL,-0.004507383360396244
2025-07-30 18:30:00+00:00,BEL,-0.008796868573423877
2025-07-31 18:30:00+00:00,BEL,-0.015400699724041789
2025-08-03 18:30:00+00:00,BEL,0.032741239049774995
2025-08-04 18:30:00+00:00,BEL,-0.007444467041427649
2025-08-05 18:30:00+00:00,BEL,0.007888264498743691
2025-08-06 18:30:00+00:00,BEL,-0.0050038720157890015
2025-08-07 18:30:00+00:00,BEL,-0.008123767787406866
2025-08-10 18:30:00+00:00,BEL,-0.0018201117215354001
2025-08-11 18:30:00+00:00,BEL,-0.009247107629572926
2025-08-12 18:30:00+00:00,BEL,0.022347808666928426
2025-08-13 18:30:00+00:00,BEL,-0.007861884816539932
2025-08-17 18:30:00+00:00,BEL,-0.00623537005596797
2025-08-18 18:30:00+00:00,BEL,-0.006405260671976998
2025-08-19 18:30:00+00:00,BEL,-0.02157606092049158
2025-08-20 18:30:00+00:00,BEL,0.006319768898595868
2025-08-21 18:30:00+00:00,BEL,0.0017370226490658336
2025-08-24 18:30:00+00:00,BEL,-0.007469703254516125
2025-08-25 18:30:00+00:00,BEL,-0.016664378155827886
2025-08-27 18:30:00+00:00,BEL,-0.0054667212426781076
2025-08-28 18:30:00+00:00,BEL,0.01525350474060394
2025-08-31 18:30:00+00:00,BEL,0.012181916822827654
2025-09-01 18:30:00+00:00,BEL,0.007221214899989503
2025-09-02 18:30:00+00:00,BEL,0.005576224294957743
2025-09-03 18:30:00+00:00,BEL,-0.01637182996350639
2025-09-04 18:30:00+00:00,BEL,-0.004563791159815311
2025-09-07 18:30:00+00:00,BEL,0.0029665753498615555
2025-09-08 18:30:00+00:00,BEL,0.00013449398055342954
2025-09-09 18:30:00+00:00,BEL,0.043285320762339596
2025-09-10 18:30:00+00:00,BEL,-0.007473248261076204
2025-09-11 18:30:00+00:00,BEL,0.03673891761838499
2025-09-14 18:30:00+00:00,BEL,-0.0021286641921416383
2025-09-15 18:30:00+00:00,BEL,0.011168230777066412
2025-09-16 18:30:00+00:00,BEL,0.023082696578387907
2025-09-17 18:30:00+00:00,BEL,-0.00557985987975107
2025-09-18 18:30:00+00:00,BEL,-0.0024396194556971507
2025-09-21 18:30:00+00:00,BEL,-0.006113964385709658
2025-09-22 18:30:00+00:00,BEL,-0.0047981833630385
2025-09-23 18:30:00+00:00,BEL,-0.022252440915721983
2025-09-24 18:30:00+00:00,BEL,0.0194714412739021
2025-09-25 18:30:00+00:00,BEL,-0.01798338114786513
2025-09-28 18:30:00+00:00,BEL,0.0102299024323953
2025-09-29 18:30:00+00:00,BEL,0.010001249851017358
2025-09-30 18:30:00+00:00,BEL,0.006312632048298461
2025-10-02 18:30:00+00:00,BEL,0.015129136276714306
2025-10-05 18:30:00+00:00,BEL,0.0014540315337219223
2025-10-06 18:30:00+00:00,BEL,-0.007138565534255736
2025-10-07 18:30:00+00:00,BEL,-0.016207638543337954
2025-10-08 18:30:00+00:00,BEL,0.014121175011074127
2025-10-09 18:30:00+00:00,BEL,0.010138008634681617
2025-10-12 18:30:00+00:00,BEL,-0.009915371471621803
2025-10-13 18:30:00+00:00,BEL,-0.017098192731702655
2025-10-14 18:30:00+00:00,BEL,0.014165040490774938
2025-10-15 18:30:00+00:00,BEL,0.009066360289430309
2025-10-16 18:30:00+00:00,BEL,0.002428363355131413
2025-10-19 18:30:00+00:00,BEL,0.008963208130923883
2025-10-20 18:30:00+00:00,BEL,0.0028811817695830744
2025-10-22 18:30:00+00:00,BEL,0.0022743156851579016
2025-10-23 18:30:00+00:00,BEL,0.008121327949487833
2025-10-26 18:30:00+00:00,BEL,-0.01634875985322648
2025-10-27 18:30:00+00:00,BEL,-0.003854043422952591
2025-10-28 18:30:00+00:00,BEL,-0.015354795728144022
2025-10-29 18:30:00+00:00,BEL,0.006630603164324844
2025-10-30 18:30:00+00:00,BEL,0.03952186496280441
2025-11-02 18:30:00+00:00,BEL,-0.008918137188722919
2025-11-03 18:30:00+00:00,BEL,-0.016931077677391992
2025-11-05 18:30:00+00:00,BEL,-0.015295691188421223
2025-11-06 18:30:00+00:00,BEL,0.013331732802769336
2025-11-09 18:30:00+00:00,BEL,0.006276417872095763
2025-11-10 18:30:00+00:00,BEL,0.02506892536030847
2025-11-11 18:30:00+00:00,BEL,-0.005967675791753835
2025-11-12 18:30:00+00:00,BEL,-0.011653942806430173
2025-11-13 18:30:00+00:00,BEL,0.016793755396733445
2025-11-16 18:30:00+00:00,BEL,-0.0053883525305351565
2025-11-17 18:30:00+00:00,BEL,-0.008597324229024261
2025-11-18 18:30:00+00:00,BEL,0.005464524456877395
2025-11-19 18:30:00+00:00,BEL,-0.00047261862301994917
2025-11-20 18:30:00+00:00,BEL,-0.015721025760010332
2025-11-23 18:30:00+00:00,BEL,-0.03014295214739726
2025-11-24 18:30:00+00:00,BEL,0.01597328479944915
2025-11-25 18:30:00+00:00,BEL,0.012309537581886243
2025-11-26 18:30:00+00:00,BEL,-0.005417770445785952
2025-11-27 18:30:00+00:00,BEL,-0.0031472892661611462
2025-11-30 18:30:00+00:00,BEL,0.013357619914996954
2025-12-01 18:30:00+00:00,BEL,-0.010065936985095725
2025-12-02 18:30:00+00:00,BEL,-0.022031172630123996
2025-12-03 18:30:00+00:00,BEL,0.007921726928462158
2025-12-04 18:30:00+00:00,BEL,-0.0006140243245675858
2025-12-07 18:30:00+00:00,BEL,-0.05038092973089403
2025-12-08 18:30:00+00:00,BEL,0.007893422253427929
2025-12-09 18:30:00+00:00,BEL,-0.005392235300275994
2025-12-10 18:30:00+00:00,BEL,0.0003872309129233642
2025-12-11 18:30:00+00:00,BEL,0.005032289566532455
2025-12-14 18:30:00+00:00,BEL,0.0033380093778958564
2025-12-15 18:30:00+00:00,BEL,-0.00703774792066536
2025-12-16 18:30:00+00:00,BEL,-0.006185551279598855
2025-12-17 18:30:00+00:00,BEL,-0.005575710224203556
2025-12-18 18:30:00+00:00,BEL,0.02451426156536174
2025-12-21 18:30:00+00:00,BEL,0.01552757034171548
2025-12-22 18:30:00+00:00,BEL,0.0011279149659972898
2025-12-23 18:30:00+00:00,BEL,0.0015022686847390165
2025-12-25 18:30:00+00:00,BEL,-0.0038749694824217196
2025-12-28 18:30:00+00:00,BEL,-0.013050601198951406
2025-12-29 18:30:00+00:00,BEL,0.00012711454028946356
2025-12-30 18:30:00+00:00,BEL,0.016018353689507547
2025-12-31 18:30:00+00:00,BEL,-0.0047547394080672545
2026-01-01 18:30:00+00:00,BEL,0.013703750370055223
2026-01-04 18:30:00+00:00,BEL,0.02641695165005764
2026-01-05 18:30:00+00:00,BEL,-0.0016915942728432665
2026-01-06 18:30:00+00:00,BEL,0.006172809865148565
2026-01-07 18:30:00+00:00,BEL,0.0
2026-01-08 18:30:00+00:00,BEL,0.007217611076753894
2026-01-11 18:30:00+00:00,BEL,-0.0022691549105526843
2026-01-12 18:30:00+00:00,BEL,-0.00957625061791334
2026-01-13 18:30:00+00:00,BEL,0.009427106070600377
2026-01-14 18:30:00+00:00,BEL,0.0
2026-01-15 18:30:00+00:00,BEL,-0.017600589071097072
2026-01-18 18:30:00+00:00,BEL,0.006215692365554748
2026-01-19 18:30:00+00:00,BEL,-0.008357514029732616
2026-01-20 18:30:00+00:00,BEL,-0.016367441326816445
2026-01-21 18:30:00+00:00,BEL,0.03638394168273784
2026-01-22 18:30:00+00:00,BEL,-0.015815901699024026
2026-01-26 18:30:00+00:00,BEL,0.012783052943649453
2026-01-27 18:30:00+00:00,BEL,0.08907317395275793
2026-01-28 18:30:00+00:00,BEL,-0.01876379690949226
2026-01-29 18:30:00+00:00,BEL,0.01012373453318327
2026-02-01 18:30:00+00:00,BEL,-0.022048984179252495
2026-02-02 18:30:00+00:00,BEL,-0.00034159392939969724
2026-02-03 18:30:00+00:00,BEL,0.0005695409341555102
2026-02-04 18:30:00+00:00,BEL,-0.014344303587080054
2026-02-05 18:30:00+00:00,BEL,-0.007507507613356834
2025-01-01 18:30:00+00:00,BHARTIARTL,0.008773565984757425
2025-01-02 18:30:00+00:00,BHARTIARTL,-0.0067403631182709756
2025-01-05 18:30:00+00:00,BHARTIARTL,-0.006504716113574727
2025-01-06 18:30:00+00:00,BHARTIARTL,0.0015109223771183622
2025-01-07 18:30:00+00:00,BHARTIARTL,0.005248758955874955
2025-01-08 18:30:00+00:00,BHARTIARTL,0.004908777178384893
2025-01-09 18:30:00+00:00,BHARTIARTL,0.005506973945467397
2025-01-12 18:30:00+00:00,BHARTIARTL,-0.011572546523166638
2025-01-13 18:30:00+00:00,BHARTIARTL,0.0018156896237344622
2025-01-14 18:30:00+00:00,BHARTIARTL,0.0045934618556964235
2025-01-15 18:30:00+00:00,BHARTIARTL,0.014152858498675869
2025-01-16 18:30:00+00:00,BHARTIARTL,-0.001656236566909608
2025-01-19 18:30:00+00:00,BHARTIARTL,0.008387116389675153
2025-01-20 18:30:00+00:00,BHARTIARTL,-0.009139913176787529
2025-01-21 18:30:00+00:00,BHARTIARTL,0.0034436509209498922
2025-01-22 18:30:00+00:00,BHARTIARTL,0.002604614364620117
2025-01-23 18:30:00+00:00,BHARTIARTL,0.005378977851254296
2025-01-26 18:30:00+00:00,BHARTIARTL,-0.02565666451611981
2025-01-27 18:30:00+00:00,BHARTIARTL,0.009827755817818806
2025-01-28 18:30:00+00:00,BHARTIARTL,-0.011060641439775032
2025-01-29 18:30:00+00:00,BHARTIARTL,0.025180452306915457
2025-01-30 18:30:00+00:00,BHARTIARTL,-0.008806947550524802
2025-01-31 18:30:00+00:00,BHARTIARTL,-0.0018753883248940895
2025-02-02 18:30:00+00:00,BHARTIARTL,0.017926934755011503
2025-02-03 18:30:00+00:00,BHARTIARTL,0.0055072960181479225
2025-02-04 18:30:00+00:00,BHARTIARTL,-0.0006018777340651704
2025-02-05 18:30:00+00:00,BHARTIARTL,-0.024511413727014375
2025-02-06 18:30:00+00:00,BHARTIARTL,0.03519063477849049
2025-02-09 18:30:00+00:00,BHARTIARTL,0.009721219049369623
2025-02-10 18:30:00+00:00,BHARTIARTL,0.002185397048816151
2025-02-11 18:30:00+00:00,BHARTIARTL,0.008722598557702854
2025-02-12 18:30:00+00:00,BHARTIARTL,0.0017819057279311323
2025-02-13 18:30:00+00:00,BHARTIARTL,0.0014289762205579315
2025-02-16 18:30:00+00:00,BHARTIARTL,-0.02416939783610228
2025-02-17 18:30:00+00:00,BHARTIARTL,-0.003968834675207145
2025-02-18 18:30:00+00:00,BHARTIARTL,-0.014200986953879058
2025-02-19 18:30:00+00:00,BHARTIARTL,-0.001033313376840539
2025-02-20 18:30:00+00:00,BHARTIARTL,-0.0025859180967906514
2025-02-23 18:30:00+00:00,BHARTIARTL,-0.023150833300544127
2025-02-24 18:30:00+00:00,BHARTIARTL,0.02504217241860407
2025-02-26 18:30:00+00:00,BHARTIARTL,0.005483142656573126
2025-02-27 18:30:00+00:00,BHARTIARTL,-0.04859431556770488
2025-03-02 18:30:00+00:00,BHARTIARTL,0.016303691720791047
2025-03-03 18:30:00+00:00,BHARTIARTL,-0.012814926522319192
2025-03-04 18:30:00+00:00,BHARTIARTL,0.027232029316450745
2025-03-05 18:30:00+00:00,BHARTIARTL,0.005345331996429836
2025-03-06 18:30:00+00:00,BHARTIARTL,0.0023356912938055086
2025-03-09 18:30:00+00:00,BHARTIARTL,0.00015330681902847587
2025-03-10 18:30:00+00:00,BHARTIARTL,0.019620415858929263
2025-03-11 18:30:00+00:00,BHARTIARTL,-0.012086948694976063
2025-03-12 18:30:00+00:00,BHARTIARTL,-0.006300007867142687
2025-03-16 18:30:00+00:00,BHARTIARTL,0.004073570680062977
2025-03-17 18:30:00+00:00,BHARTIARTL,0.0
2025-03-18 18:30:00+00:00,BHARTIARTL,-0.0012202070920247499
2025-03-19 18:30:00+00:00,BHARTIARTL,0.04159667160463454
2025-03-20 18:30:00+00:00,BHARTIARTL,0.012051097502286945
2025-03-23 18:30:00+00:00,BHARTIARTL,-0.004056119363128885
2025-03-24 18:30:00+00:00,BHARTIARTL,0.00680701892589175
2025-03-25 18:30:00+00:00,BHARTIARTL,0.0046519151166328765
2025-03-26 18:30:00+00:00,BHARTIARTL,-0.007966510635773139
2025-03-27 18:30:00+00:00,BHARTIARTL,0.005044460998974598
2025-03-31 18:30:00+00:00,BHARTIARTL,-0.005336349131359164
2025-04-01 18:30:00+00:00,BHARTIARTL,0.017660851370147723
2025-04-02 18:30:00+00:00,BHARTIARTL,-0.004901393712603563
2025-04-03 18:30:00+00:00,BHARTIARTL,-0.0014605224661869975
2025-04-06 18:30:00+00:00,BHARTIARTL,-0.03257901601200741
2025-04-07 18:30:00+00:00,BHARTIARTL,0.020010018619978975
2025-04-08 18:30:00+00:00,BHARTIARTL,-0.002819054291389622
2025-04-10 18:30:00+00:00,BHARTIARTL,0.023928140313254964
2025-04-14 18:30:00+00:00,BHARTIARTL,0.02402372963187327
2025-04-15 18:30:00+00:00,BHARTIARTL,0.013230961127858931
2025-04-16 18:30:00+00:00,BHARTIARTL,0.036486369850274425
2025-04-20 18:30:00+00:00,BHARTIARTL,-0.0030172918771014245
2025-04-21 18:30:00+00:00,BHARTIARTL,-0.01656582400811879
2025-04-22 18:30:00+00:00,BHARTIARTL,0.015873012708418566
2025-04-23 18:30:00+00:00,BHARTIARTL,-0.01913265331154901
2025-04-24 18:30:00+00:00,BHARTIARTL,-0.015387952146646122
2025-04-27 18:30:00+00:00,BHARTIARTL,0.0025314493909267544
2025-04-28 18:30:00+00:00,BHARTIARTL,0.0010978040136060407
2025-04-29 18:30:00+00:00,BHARTIARTL,0.02231602925994869
2025-05-01 18:30:00+00:00,BHARTIARTL,-0.00874231895550881
2025-05-04 18:30:00+00:00,BHARTIARTL,0.009631013289371992
2025-05-05 18:30:00+00:00,BHARTIARTL,0.01875670369945248
2025-05-06 18:30:00+00:00,BHARTIARTL,-0.002209353696864813
2025-05-07 18:30:00+00:00,BHARTIARTL,-0.011545798046718736
2025-05-08 18:30:00+00:00,BHARTIARTL,-0.014134073326906416
2025-05-11 18:30:00+00:00,BHARTIARTL,0.012118624270438527
2025-05-12 18:30:00+00:00,BHARTIARTL,-0.026833505542902314
2025-05-13 18:30:00+00:00,BHARTIARTL,0.0074700964240652645
2025-05-14 18:30:00+00:00,BHARTIARTL,0.017991444175547322
2025-05-15 18:30:00+00:00,BHARTIARTL,-0.028491844838070213
2025-05-18 18:30:00+00:00,BHARTIARTL,0.002370482036239574
2025-05-19 18:30:00+00:00,BHARTIARTL,-0.0051696379256434
2025-05-20 18:30:00+00:00,BHARTIARTL,0.007518344708010716
2025-05-21 18:30:00+00:00,BHARTIARTL,0.004883446342740738
2025-05-22 18:30:00+00:00,BHARTIARTL,0.00016372676530007624
2025-05-25 18:30:00+00:00,BHARTIARTL,0.008571332762981942
2025-05-26 18:30:00+00:00,BHARTIARTL,-0.0019486379389932473
2025-05-27 18:30:00+00:00,BHARTIARTL,0.006670923239754156
2025-05-28 18:30:00+00:00,BHARTIARTL,0.004040755453023737
2025-05-29 18:30:00+00:00,BHARTIARTL,-0.003970860847017588
2025-06-01 18:30:00+00:00,BHARTIARTL,-0.0011313055113079118
2025-06-02 18:30:00+00:00,BHARTIARTL,-0.006903601260929038
2025-06-03 18:30:00+00:00,BHARTIARTL,0.018519507650140987
2025-06-04 18:30:00+00:00,BHARTIARTL,0.0018129542148659361
2025-06-05 18:30:00+00:00,BHARTIARTL,-0.0045773821098241685
2025-06-08 18:30:00+00:00,BHARTIARTL,-0.0027269925266859563
2025-06-09 18:30:00+00:00,BHARTIARTL,-0.0042893361953108
2025-06-10 18:30:00+00:00,BHARTIARTL,0.0016692919544238904
2025-06-11 18:30:00+00:00,BHARTIARTL,-0.008601269684140544
2025-06-12 18:30:00+00:00,BHARTIARTL,-0.0020604796256737945
2025-06-15 18:30:00+00:00,BHARTIARTL,0.011356270912947553
2025-06-16 18:30:00+00:00,BHARTIARTL,-0.0034922130335259816
2025-06-17 18:30:00+00:00,BHARTIARTL,0.005984517422047864
2025-06-18 18:30:00+00:00,BHARTIARTL,0.005948850061825661
2025-06-19 18:30:00+00:00,BHARTIARTL,0.031806021481542546
2025-06-22 18:30:00+00:00,BHARTIARTL,-0.00020649664241167986
2025-06-23 18:30:00+00:00,BHARTIARTL,-0.0013944103945269237
2025-06-24 18:30:00+00:00,BHARTIARTL,0.016549398525456782
2025-06-25 18:30:00+00:00,BHARTIARTL,0.02477622158049453
2025-06-26 18:30:00+00:00,BHARTIARTL,0.006354487091506655
2025-06-29 18:30:00+00:00,BHARTIARTL,-0.008632994883694622
2025-06-30 18:30:00+00:00,BHARTIARTL,0.0048765912960049285
2025-07-01 18:30:00+00:00,BHARTIARTL,0.006883247324996455
2025-07-02 18:30:00+00:00,BHARTIARTL,-0.0068853485374361645
2025-07-03 18:30:00+00:00,BHARTIARTL,-0.0010399902175939335
2025-07-06 18:30:00+00:00,BHARTIARTL,0.008278851574707424
2025-07-07 18:30:00+00:00,BHARTIARTL,-0.0019175633552401816
2025-07-08 18:30:00+00:00,BHARTIARTL,-0.005073888139800253
2025-07-09 18:30:00+00:00,BHARTIARTL,-0.027330767504147646
2025-07-10 18:30:00+00:00,BHARTIARTL,-0.02168490983762794
2025-07-13 18:30:00+00:00,BHARTIARTL,-0.0005203130896273
2025-07-14 18:30:00+00:00,BHARTIARTL,0.006923817882251049
2025-07-15 18:30:00+00:00,BHARTIARTL,0.0012408358058197955
2025-07-16 18:30:00+00:00,BHARTIARTL,-0.0034596487659774855
2025-07-17 18:30:00+00:00,BHARTIARTL,-0.006740176733114223
2025-07-20 18:30:00+00:00,BHARTIARTL,0.00431349351492627
2025-07-21 18:30:00+00:00,BHARTIARTL,-0.0012570199063104415
2025-07-22 18:30:00+00:00,BHARTIARTL,0.01940423696902016
2025-07-23 18:30:00+00:00,BHARTIARTL,-0.0039613504726629944
2025-07-24 18:30:00+00:00,BHARTIARTL,0.0009297292757728393
2025-07-27 18:30:00+00:00,BHARTIARTL,-0.02456265802480173
2025-07-28 18:30:00+00:00,BHARTIARTL,0.014812463247492635
2025-07-29 18:30:00+00:00,BHARTIARTL,0.00745447864975457
2025-07-30 18:30:00+00:00,BHARTIARTL,-0.009469071193723866
2025-07-31 18:30:00+00:00,BHARTIARTL,-0.015619298778353108
2025-08-03 18:30:00+00:00,BHARTIARTL,0.01602629525610677
2025-08-04 18:30:00+00:00,BHARTIARTL,0.008983638076629497
2025-08-05 18:30:00+00:00,BHARTIARTL,-0.0010871195792359067
2025-08-06 18:30:00+00:00,BHARTIARTL,-0.003679315834374197
2025-08-07 18:30:00+00:00,BHARTIARTL,-0.03328825591007056
2025-08-10 18:30:00+00:00,BHARTIARTL,-0.0006456209984058159
2025-08-11 18:30:00+00:00,BHARTIARTL,-0.0038225344527909044
2025-08-12 18:30:00+00:00,BHARTIARTL,0.00924173114342608
2025-08-13 18:30:00+00:00,BHARTIARTL,0.0034272380477613495
2025-08-17 18:30:00+00:00,BHARTIARTL,0.009872985120034539
2025-08-18 18:30:00+00:00,BHARTIARTL,0.009195107485478138
2025-08-19 18:30:00+00:00,BHARTIARTL,0.00979215254768806
2025-08-20 18:30:00+00:00,BHARTIARTL,0.0007778469098784768
2025-08-21 18:30:00+00:00,BHARTIARTL,0.001761761941577733
2025-08-24 18:30:00+00:00,BHARTIARTL,-0.0013449012520462267
2025-08-25 18:30:00+00:00,BHARTIARTL,-0.013466618665535668
2025-08-27 18:30:00+00:00,BHARTIARTL,-0.012390390187923206
2025-08-28 18:30:00+00:00,BHARTIARTL,0.004093388624806682
2025-08-31 18:30:00+00:00,BHARTIARTL,0.006247313878000593
2025-09-01 18:30:00+00:00,BHARTIARTL,-0.007050418071236297
2025-09-02 18:30:00+00:00,BHARTIARTL,-0.001748583532849013
2025-09-03 18:30:00+00:00,BHARTIARTL,-0.00185784805703193
2025-09-04 18:30:00+00:00,BHARTIARTL,0.007923858870776845
2025-09-07 18:30:00+00:00,BHARTIARTL,-0.004009970696169818
2025-09-08 18:30:00+00:00,BHARTIARTL,0.003178471237590186
2025-09-09 18:30:00+00:00,BHARTIARTL,-0.0012145148741168343
2025-09-10 18:30:00+00:00,BHARTIARTL,0.011420099030943431
2025-09-11 18:30:00+00:00,BHARTIARTL,-0.005436499955077223
2025-09-14 18:30:00+00:00,BHARTIARTL,0.0009986462937263685
2025-09-15 18:30:00+00:00,BHARTIARTL,0.018377526909950204
2025-09-16 18:30:00+00:00,BHARTIARTL,0.0009280994215647986
2025-09-17 18:30:00+00:00,BHARTIARTL,-0.00010306147280447764
2025-09-18 18:30:00+00:00,BHARTIARTL,0.010973184841597705
2025-09-21 18:30:00+00:00,BHARTIARTL,-0.0031594339406099126
2025-09-22 18:30:00+00:00,BHARTIARTL,-0.008945915773853508
2025-09-23 18:30:00+00:00,BHARTIARTL,-0.00392014018535658
2025-09-24 18:30:00+00:00,BHARTIARTL,0.0023302781093115232
2025-09-25 18:30:00+00:00,BHARTIARTL,-0.009816077825816505
2025-09-28 18:30:00+00:00,BHARTIARTL,-0.00751331764452301
2025-09-29 18:30:00+00:00,BHARTIARTL,-0.012511790226442887
2025-09-30 18:30:00+00:00,BHARTIARTL,-0.005749600025422796
2025-10-02 18:30:00+00:00,BHARTIARTL,0.015581482098064425
2025-10-05 18:30:00+00:00,BHARTIARTL,0.003374294605801076
2025-10-06 18:30:00+00:00,BHARTIARTL,0.013609387182136112
2025-10-07 18:30:00+00:00,BHARTIARTL,0.007516848107827823
2025-10-08 18:30:00+00:00,BHARTIARTL,-0.000771803447388697
2025-10-09 18:30:00+00:00,BHARTIARTL,-0.0010813468516670532
2025-10-12 18:30:00+00:00,BHARTIARTL,0.007732357240693766
2025-10-13 18:30:00+00:00,BHARTIARTL,-0.004245766394428752
2025-10-14 18:30:00+00:00,BHARTIARTL,0.011250397970168802
2025-10-15 18:30:00+00:00,BHARTIARTL,-0.0005587887152336268
2025-10-16 18:30:00+00:00,BHARTIARTL,0.02266950037231008
2025-10-19 18:30:00+00:00,BHARTIARTL,0.019632206759443438
2025-10-20 18:30:00+00:00,BHARTIARTL,-0.0038995856690227093
2025-10-22 18:30:00+00:00,BHARTIARTL,-0.017421079317806454
2025-10-23 18:30:00+00:00,BHARTIARTL,0.010657913319318535
2025-10-26 18:30:00+00:00,BHARTIARTL,0.02503328616064482
2025-10-27 18:30:00+00:00,BHARTIARTL,0.0048554651418002415
2025-10-28 18:30:00+00:00,BHARTIARTL,0.00497567061875781
2025-10-29 18:30:00+00:00,BHARTIARTL,-0.016328690485350017
2025-10-30 18:30:00+00:00,BHARTIARTL,-0.005710714102154402
2025-11-02 18:30:00+00:00,BHARTIARTL,0.009491360428327988
2025-11-03 18:30:00+00:00,BHARTIARTL,0.018948914574794973
2025-11-05 18:30:00+00:00,BHARTIARTL,-0.008706831050601771
2025-11-06 18:30:00+00:00,BHARTIARTL,-0.044727650742187985
2025-11-09 18:30:00+00:00,BHARTIARTL,0.009294472371617957
2025-11-10 18:30:00+00:00,BHARTIARTL,0.011139716534344313
2025-11-11 18:30:00+00:00,BHARTIARTL,0.015423786538160567
2025-11-12 18:30:00+00:00,BHARTIARTL,0.008679718186992869
2025-11-13 18:30:00+00:00,BHARTIARTL,0.004254662078593929
2025-11-16 18:30:00+00:00,BHARTIARTL,0.005474365814872595
2025-11-17 18:30:00+00:00,BHARTIARTL,0.017517280965503312
2025-11-18 18:30:00+00:00,BHARTIARTL,0.004932113296610696
2025-11-19 18:30:00+00:00,BHARTIARTL,-0.0006945087351090118
2025-11-20 18:30:00+00:00,BHARTIARTL,0.0020385962304634297
2025-11-23 18:30:00+00:00,BHARTIARTL,-0.004901213184880904
2025-11-24 18:30:00+00:00,BHARTIARTL,0.004414292815815513
2025-11-25 18:30:00+00:00,BHARTIARTL,-0.016099207649859726
2025-11-26 18:30:00+00:00,BHARTIARTL,-0.005266104436120411
2025-11-27 18:30:00+00:00,BHARTIARTL,-0.006617507730080852
2025-11-30 18:30:00+00:00,BHARTIARTL,-0.0056624219315778435
2025-12-01 18:30:00+00:00,BHARTIARTL,0.006843111050514938
2025-12-02 18:30:00+00:00,BHARTIARTL,-0.008555133079847899
2025-12-03 18:30:00+00:00,BHARTIARTL,0.008533101068132876
2025-12-04 18:30:00+00:00,BHARTIARTL,0.002376651717821421
2025-12-07 18:30:00+00:00,BHARTIARTL,-0.010717041508420455
2025-12-08 18:30:00+00:00,BHARTIARTL,0.0016776915357676891
2025-12-09 18:30:00+00:00,BHARTIARTL,-0.010862780160924679
2025-12-10 18:30:00+00:00,BHARTIARTL,-0.006676366148101076
2025-12-11 18:30:00+00:00,BHARTIARTL,0.014708723889574449
2025-12-14 18:30:00+00:00,BHARTIARTL,-0.006575766446212827
2025-12-15 18:30:00+00:00,BHARTIARTL,0.015606150451825895
2025-12-16 18:30:00+00:00,BHARTIARTL,0.0028544243577546258
2025-12-17 18:30:00+00:00,BHARTIARTL,-0.007590132827324458
2025-12-18 18:30:00+00:00,BHARTIARTL,0.002724642051565418
2025-12-21 18:30:00+00:00,BHARTIARTL,0.02378802862463636
2025-12-22 18:30:00+00:00,BHARTIARTL,-0.011501301075305448
2025-12-23 18:30:00+00:00,BHARTIARTL,0.0003768660157936754
2025-12-25 18:30:00+00:00,BHARTIARTL,-0.008617059494693158
2025-12-28 18:30:00+00:00,BHARTIARTL,-0.011304172979682336
2025-12-29 18:30:00+00:00,BHARTIARTL,0.008743250537107006
2025-12-30 18:30:00+00:00,BHARTIARTL,0.0027621910149786544
2025-12-31 18:30:00+00:00,BHARTIARTL,0.002279542394038936
2026-01-01 18:30:00+00:00,BHARTIARTL,-0.0019426903455936895
2026-01-04 18:30:00+00:00,BHARTIARTL,-0.0006172191985887032
2026-01-05 18:30:00+00:00,BHARTIARTL,0.00014254101098565286
2026-01-06 18:30:00+00:00,BHARTIARTL,-0.010022370762777899
2026-01-07 18:30:00+00:00,BHARTIARTL,-0.008588380559977238
2026-01-08 18:30:00+00:00,BHARTIARTL,-0.01897114277494183
2026-01-11 18:30:00+00:00,BHARTIARTL,0.008337045344385619
2026-01-12 18:30:00+00:00,BHARTIARTL,-0.008365937175116245
2026-01-13 18:30:00+00:00,BHARTIARTL,-0.002170814722514236
2026-01-14 18:30:00+00:00,BHARTIARTL,0.0
2026-01-15 18:30:00+00:00,BHARTIARTL,-0.0030160571500309485
2026-01-18 18:30:00+00:00,BHARTIARTL,-0.0031739854872905315
2026-01-19 18:30:00+00:00,BHARTIARTL,-0.006965174129353269
2026-01-20 18:30:00+00:00,BHARTIARTL,5.0087968906487035e-05
2026-01-21 18:30:00+00:00,BHARTIARTL,0.0030559469267801287
2026-01-22 18:30:00+00:00,BHARTIARTL,-0.008740385789020366
2026-01-26 18:30:00+00:00,BHARTIARTL,-0.005693518937782249
2026-01-27 18:30:00+00:00,BHARTIARTL,-0.00795584931993154
2026-01-28 18:30:00+00:00,BHARTIARTL,0.0052102331800549795
2026-01-29 18:30:00+00:00,BHARTIARTL,0.00040648749829186315
2026-02-01 18:30:00+00:00,BHARTIARTL,-0.0016761958854361048
2026-02-02 18:30:00+00:00,BHARTIARTL,0.016230804934264098
2026-02-03 18:30:00+00:00,BHARTIARTL,0.014269263156891032
2026-02-04 18:30:00+00:00,BHARTIARTL,-0.016487325308034984
2026-02-05 18:30:00+00:00,BHARTIARTL,0.023087733103962282
2025-01-01 18:30:00+00:00,CIPLA,0.005755047406041047
2025-01-02 18:30:00+00:00,CIPLA,-0.017328880017340897
2025-01-05 18:30:00+00:00,CIPLA,-0.013134782797526223
2025-01-06 18:30:00+00:00,CIPLA,0.0040565281671312015
2025-01-07 18:30:00+00:00,CIPLA,-0.0017028284270184102
2025-01-08 18:30:00+00:00,CIPLA,-0.0044819644815022874
2025-01-09 18:30:00+00:00,CIPLA,-0.013035795795855565
2025-01-12 18:30:00+00:00,CIPLA,-0.02015256482988914
2025-01-13 18:30:00+00:00,CIPLA,0.0059408607381559175
2025-01-14 18:30:00+00:00,CIPLA,-0.0003799869019989188
2025-01-15 18:30:00+00:00,CIPLA,-0.0025565729901630974
2025-01-16 18:30:00+00:00,CIPLA,-0.0008312701861434846
2025-01-19 18:30:00+00:00,CIPLA,0.0021839210342877724
2025-01-20 18:30:00+00:00,CIPLA,-0.012072323149969977
2025-01-21 18:30:00+00:00,CIPLA,0.007983216255895487
2025-01-22 18:30:00+00:00,CIPLA,0.00816306939226119
2025-01-23 18:30:00+00:00,CIPLA,-0.027392047370838668
2025-01-26 18:30:00+00:00,CIPLA,-0.01084031331165436
2025-01-27 18:30:00+00:00,CIPLA,0.017548827011736545
2025-01-28 18:30:00+00:00,CIPLA,0.0023581464567619115
2025-01-29 18:30:00+00:00,CIPLA,0.023526160129720974
2025-01-30 18:30:00+00:00,CIPLA,0.015060562993868709
2025-01-31 18:30:00+00:00,CIPLA,-0.026970388413922852
2025-02-02 18:30:00+00:00,CIPLA,-0.013164240390923898
2025-02-03 18:30:00+00:00,CIPLA,0.020062622088929283
2025-02-04 18:30:00+00:00,CIPLA,-0.008453785868416164
2025-02-05 18:30:00+00:00,CIPLA,0.024150812035280245
2025-02-06 18:30:00+00:00,CIPLA,0.0005096788679377351
2025-02-09 18:30:00+00:00,CIPLA,-0.00910166822855607
2025-02-10 18:30:00+00:00,CIPLA,-0.0039071984344482
2025-02-11 18:30:00+00:00,CIPLA,-0.0027182846135768157
2025-02-12 18:30:00+00:00,CIPLA,0.015836385837425304
2025-02-13 18:30:00+00:00,CIPLA,-0.008626857308600577
2025-02-16 18:30:00+00:00,CIPLA,0.010414856213071033
2025-02-17 18:30:00+00:00,CIPLA,0.005052017753385263
2025-02-18 18:30:00+00:00,CIPLA,-0.012111094323790761
2025-02-19 18:30:00+00:00,CIPLA,0.010620394582063541
2025-02-20 18:30:00+00:00,CIPLA,-0.0026694276989143173
2025-02-23 18:30:00+00:00,CIPLA,0.0006776704655560017
2025-02-24 18:30:00+00:00,CIPLA,-0.009074016397441764
2025-02-26 18:30:00+00:00,CIPLA,-0.015170652131483386
2025-02-27 18:30:00+00:00,CIPLA,-0.023349389728843595
2025-03-02 18:30:00+00:00,CIPLA,3.55002449079489e-05
2025-03-03 18:30:00+00:00,CIPLA,-0.004085100445034517
2025-03-04 18:30:00+00:00,CIPLA,0.012804947223554297
2025-03-05 18:30:00+00:00,CIPLA,0.029582635501230747
2025-03-06 18:30:00+00:00,CIPLA,-0.0022575790697065834
2025-03-09 18:30:00+00:00,CIPLA,0.0029483962142369258
2025-03-10 18:30:00+00:00,CIPLA,-0.011621940123122121
2025-03-11 18:30:00+00:00,CIPLA,0.005913859942019428
2025-03-12 18:30:00+00:00,CIPLA,0.005225868818400148
2025-03-16 18:30:00+00:00,CIPLA,0.021000048441655483
2025-03-17 18:30:00+00:00,CIPLA,0.0
2025-03-18 18:30:00+00:00,CIPLA,0.004388359799380792
2025-03-19 18:30:00+00:00,CIPLA,0.008604888080081974
2025-03-20 18:30:00+00:00,CIPLA,0.007803982981762214
2025-03-23 18:30:00+00:00,CIPLA,0.00013123979015561282
2025-03-24 18:30:00+00:00,CIPLA,-0.008431515500048614
2025-03-25 18:30:00+00:00,CIPLA,-0.02316044138809814
2025-03-26 18:30:00+00:00,CIPLA,0.004538740764581384
2025-03-27 18:30:00+00:00,CIPLA,-0.027446270732941036
2025-03-31 18:30:00+00:00,CIPLA,0.0014215164570234862
2025-04-01 18:30:00+00:00,CIPLA,0.005608373512738352
2025-04-02 18:30:00+00:00,CIPLA,0.029848200362575295
2025-04-03 18:30:00+00:00,CIPLA,-0.05378747266929407
2025-04-06 18:30:00+00:00,CIPLA,-0.021586341224087535
2025-04-07 18:30:00+00:00,CIPLA,0.03455630152550415
2025-04-08 18:30:00+00:00,CIPLA,-0.011832151694199489
2025-04-10 18:30:00+00:00,CIPLA,0.03351944936497864
2025-04-14 18:30:00+00:00,CIPLA,0.01281564781355815
2025-04-15 18:30:00+00:00,CIPLA,0.009852876674645072
2025-04-16 18:30:00+00:00,CIPLA,0.012563419582398927
2025-04-20 18:30:00+00:00,CIPLA,-0.002705897181769612
2025-04-21 18:30:00+00:00,CIPLA,0.011316293182644266
2025-04-22 18:30:00+00:00,CIPLA,0.0035990229839355514
2025-04-23 18:30:00+00:00,CIPLA,0.011736286100983095
2025-04-24 18:30:00+00:00,CIPLA,-0.016626869696939828
2025-04-27 18:30:00+00:00,CIPLA,0.019136237530676725
2025-04-28 18:30:00+00:00,CIPLA,-0.008745446451812411
2025-04-29 18:30:00+00:00,CIPLA,0.005579016106050494
2025-05-01 18:30:00+00:00,CIPLA,-0.02296627784776495
2025-05-04 18:30:00+00:00,CIPLA,0.018752080846873298
2025-05-05 18:30:00+00:00,CIPLA,-0.02041613341601467
2025-05-06 18:30:00+00:00,CIPLA,-0.0017201713167535049
2025-05-07 18:30:00+00:00,CIPLA,-0.014581194200786296
2025-05-08 18:30:00+00:00,CIPLA,-0.004573595623514559
2025-05-11 18:30:00+00:00,CIPLA,0.0213513422041689
2025-05-12 18:30:00+00:00,CIPLA,0.0056231786352511914
2025-05-13 18:30:00+00:00,CIPLA,-0.01664356120558319
2025-05-14 18:30:00+00:00,CIPLA,0.004950406384958805
2025-05-15 18:30:00+00:00,CIPLA,-0.0015310504622471077
2025-05-18 18:30:00+00:00,CIPLA,-0.005533706793080628
2025-05-19 18:30:00+00:00,CIPLA,-0.02493962590850629
2025-05-20 18:30:00+00:00,CIPLA,0.019251871906523332
2025-05-21 18:30:00+00:00,CIPLA,-0.00937666426115602
2025-05-22 18:30:00+00:00,CIPLA,0.010691180110363963
2025-05-25 18:30:00+00:00,CIPLA,0.0
2025-05-26 18:30:00+00:00,CIPLA,-0.0024929225189872506
2025-05-27 18:30:00+00:00,CIPLA,-0.008105371411676332
2025-05-28 18:30:00+00:00,CIPLA,0.005720165722323145
2025-05-29 18:30:00+00:00,CIPLA,-0.0075835643938861885
2025-06-01 18:30:00+00:00,CIPLA,0.003070258800721204
2025-06-02 18:30:00+00:00,CIPLA,0.0020405181654032933
2025-06-03 18:30:00+00:00,CIPLA,-0.0008823457735210871
2025-06-04 18:30:00+00:00,CIPLA,0.01216115757100722
2025-06-05 18:30:00+00:00,CIPLA,0.009665645531329314
2025-06-08 18:30:00+00:00,CIPLA,0.00159553286885461
2025-06-09 18:30:00+00:00,CIPLA,0.002787755070622122
2025-06-10 18:30:00+00:00,CIPLA,0.007214718748134619
2025-06-11 18:30:00+00:00,CIPLA,-0.012420291535356287
2025-06-12 18:30:00+00:00,CIPLA,0.0015969370858344156
2025-06-15 18:30:00+00:00,CIPLA,0.014483204060238064
2025-06-16 18:30:00+00:00,CIPLA,-0.015389632146610377
2025-06-17 18:30:00+00:00,CIPLA,-0.003591681675087499
2025-06-18 18:30:00+00:00,CIPLA,-0.00941189298412659
2025-06-19 18:30:00+00:00,CIPLA,0.010579513413048858
2025-06-22 18:30:00+00:00,CIPLA,-0.00040014179366687497
2025-06-23 18:30:00+00:00,CIPLA,0.0022014139449109127
2025-06-24 18:30:00+00:00,CIPLA,0.0050585600943899856
2025-06-25 18:30:00+00:00,CIPLA,0.0025165907805728693
2025-06-26 18:30:00+00:00,CIPLA,0.0030711546508070953
2025-06-29 18:30:00+00:00,CIPLA,0.0023296059259350077
2025-06-30 18:30:00+00:00,CIPLA,0.006507687495141301
2025-07-01 18:30:00+00:00,CIPLA,-0.011941661390134195
2025-07-02 18:30:00+00:00,CIPLA,0.007411842793062728
2025-07-03 18:30:00+00:00,CIPLA,0.003049047395194071
2025-07-06 18:30:00+00:00,CIPLA,-0.0018502932252552062
2025-07-07 18:30:00+00:00,CIPLA,-0.014697087833085098
2025-07-08 18:30:00+00:00,CIPLA,0.002284419963855422
2025-07-09 18:30:00+00:00,CIPLA,-0.0093181623642411
2025-07-10 18:30:00+00:00,CIPLA,0.004872073984288017
2025-07-13 18:30:00+00:00,CIPLA,-0.0006734006734007147
2025-07-14 18:30:00+00:00,CIPLA,0.004649612138856174
2025-07-15 18:30:00+00:00,CIPLA,-0.010128093996022214
2025-07-16 18:30:00+00:00,CIPLA,0.004472134007027728
2025-07-17 18:30:00+00:00,CIPLA,-6.7441705538962e-05
2025-07-20 18:30:00+00:00,CIPLA,-0.005666885338567851
2025-07-21 18:30:00+00:00,CIPLA,-0.006445484661537049
2025-07-22 18:30:00+00:00,CIPLA,0.006214132364261937
2025-07-23 18:30:00+00:00,CIPLA,0.009772666721453938
2025-07-24 18:30:00+00:00,CIPLA,0.02997511583716861
2025-07-27 18:30:00+00:00,CIPLA,0.025774877650897254
2025-07-28 18:30:00+00:00,CIPLA,0.0012722646310432406
2025-07-29 18:30:00+00:00,CIPLA,-0.009275715111777272
2025-07-30 18:30:00+00:00,CIPLA,-0.00307813822814873
2025-07-31 18:30:00+00:00,CIPLA,-0.0333204216977353
2025-08-03 18:30:00+00:00,CIPLA,0.008184672849461228
2025-08-04 18:30:00+00:00,CIPLA,-0.010098295164908566
2025-08-05 18:30:00+00:00,CIPLA,-0.008734562761539943
2025-08-06 18:30:00+00:00,CIPLA,0.0028923447698612215
2025-08-07 18:30:00+00:00,CIPLA,-0.003487559471411772
2025-08-10 18:30:00+00:00,CIPLA,0.012787723364920955
2025-08-11 18:30:00+00:00,CIPLA,0.011164225287536134
2025-08-12 18:30:00+00:00,CIPLA,0.025893812464665933
2025-08-13 18:30:00+00:00,CIPLA,0.0019218449711724261
2025-08-17 18:30:00+00:00,CIPLA,0.0007672322070813031
2025-08-18 18:30:00+00:00,CIPLA,-0.01041395813078616
2025-08-19 18:30:00+00:00,CIPLA,-0.001807766017167034
2025-08-20 18:30:00+00:00,CIPLA,0.030205079865219808
2025-08-21 18:30:00+00:00,CIPLA,0.0
2025-08-24 18:30:00+00:00,CIPLA,0.005273670320345758
2025-08-25 18:30:00+00:00,CIPLA,-0.013364915685944112
2025-08-27 18:30:00+00:00,CIPLA,0.00031649574917458345
2025-08-28 18:30:00+00:00,CIPLA,0.005758384676812334
2025-08-31 18:30:00+00:00,CIPLA,-0.0013842161874878522
2025-09-01 18:30:00+00:00,CIPLA,-0.011340726155334213
2025-09-02 18:30:00+00:00,CIPLA,0.005862906913371324
2025-09-03 18:30:00+00:00,CIPLA,-0.00038011630553558273
2025-09-04 18:30:00+00:00,CIPLA,-0.015464585916437956
2025-09-07 18:30:00+00:00,CIPLA,-0.007853787208989771
2025-09-08 18:30:00+00:00,CIPLA,0.006748004635060312
2025-09-09 18:30:00+00:00,CIPLA,0.007862898578340216
2025-09-10 18:30:00+00:00,CIPLA,-0.001918403828064963
2025-09-11 18:30:00+00:00,CIPLA,0.008841572479558524
2025-09-14 18:30:00+00:00,CIPLA,-0.01670260838663218
2025-09-15 18:30:00+00:00,CIPLA,0.006910773644923429
2025-09-16 18:30:00+00:00,CIPLA,0.0003848464310054478
2025-09-17 18:30:00+00:00,CIPLA,0.011926119439024552
2025-09-18 18:30:00+00:00,CIPLA,-0.0015206579761759542
2025-09-21 18:30:00+00:00,CIPLA,-0.021322564167476354
2025-09-22 18:30:00+00:00,CIPLA,-0.009791191845430536
2025-09-23 18:30:00+00:00,CIPLA,0.007137728104461782
2025-09-24 18:30:00+00:00,CIPLA,-0.01840055190385237
2025-09-25 18:30:00+00:00,CIPLA,-0.006822499232259638
2025-09-28 18:30:00+00:00,CIPLA,-0.007603057375244138
2025-09-29 18:30:00+00:00,CIPLA,0.010282290879116252
2025-09-30 18:30:00+00:00,CIPLA,0.006452438539755523
2025-10-02 18:30:00+00:00,CIPLA,0.0031063788313780982
2025-10-05 18:30:00+00:00,CIPLA,-0.0030308860340844124
2025-10-06 18:30:00+00:00,CIPLA,0.0001322273778439076
2025-10-07 18:30:00+00:00,CIPLA,-0.012357148376931915
2025-10-08 18:30:00+00:00,CIPLA,0.012377893953027241
2025-10-09 18:30:00+00:00,CIPLA,0.03218562819904136
2025-10-12 18:30:00+00:00,CIPLA,0.0011524693952744691
2025-10-13 18:30:00+00:00,CIPLA,-0.007226865524590509
2025-10-14 18:30:00+00:00,CIPLA,0.004122851344739331
2025-10-15 18:30:00+00:00,CIPLA,0.006864742142413505
2025-10-16 18:30:00+00:00,CIPLA,0.005224895529701845
2025-10-19 18:30:00+00:00,CIPLA,0.03898326632336446
2025-10-20 18:30:00+00:00,CIPLA,0.014947227359479287
2025-10-22 18:30:00+00:00,CIPLA,-0.011120461812632598
2025-10-23 18:30:00+00:00,CIPLA,-0.036897423908997085
2025-10-26 18:30:00+00:00,CIPLA,-0.0002524769047579367
2025-10-27 18:30:00+00:00,CIPLA,-0.010037894200797037
2025-10-28 18:30:00+00:00,CIPLA,0.008290287738281776
2025-10-29 18:30:00+00:00,CIPLA,-0.025931314042811127
2025-10-30 18:30:00+00:00,CIPLA,-0.02519312211731639
2025-11-02 18:30:00+00:00,CIPLA,0.006794079024933675
2025-11-03 18:30:00+00:00,CIPLA,-0.005425042124958646
2025-11-05 18:30:00+00:00,CIPLA,-0.0011973982369841707
2025-11-06 18:30:00+00:00,CIPLA,0.0027971702776390384
2025-11-09 18:30:00+00:00,CIPLA,0.003852061510403182
2025-11-10 18:30:00+00:00,CIPLA,0.002249437257070719
2025-11-11 18:30:00+00:00,CIPLA,0.002904498213183615
2025-11-12 18:30:00+00:00,CIPLA,0.004278285915289448
2025-11-13 18:30:00+00:00,CIPLA,0.004128933383277245
2025-11-16 18:30:00+00:00,CIPLA,0.0022844462213775785
2025-11-17 18:30:00+00:00,CIPLA,-0.01374054175657724
2025-11-18 18:30:00+00:00,CIPLA,0.008121524482089804
2025-11-19 18:30:00+00:00,CIPLA,0.0015718511049249706
2025-11-20 18:30:00+00:00,CIPLA,-0.011378435063652659
2025-11-23 18:30:00+00:00,CIPLA,-0.0051594447520829645
2025-11-24 18:30:00+00:00,CIPLA,0.002327127659574435
2025-11-25 18:30:00+00:00,CIPLA,0.0108126360385572
2025-11-26 18:30:00+00:00,CIPLA,0.0009186916254706468
2025-11-27 18:30:00+00:00,CIPLA,0.00399953963515598
2025-11-30 18:30:00+00:00,CIPLA,-0.005354974845369398
2025-12-01 18:30:00+00:00,CIPLA,-0.0042676121752937
2025-12-02 18:30:00+00:00,CIPLA,-0.005670562919938615
2025-12-03 18:30:00+00:00,CIPLA,0.008620689655172376
2025-12-04 18:30:00+00:00,CIPLA,-0.00013146033653843592
2025-12-07 18:30:00+00:00,CIPLA,-0.01525517655004327
2025-12-08 18:30:00+00:00,CIPLA,-0.00467414537534383
2025-12-09 18:30:00+00:00,CIPLA,0.0002012939977453776
2025-12-10 18:30:00+00:00,CIPLA,0.014353762199764475
2025-12-11 18:30:00+00:00,CIPLA,0.003372330504048726
2025-12-14 18:30:00+00:00,CIPLA,-0.006194822896284258
2025-12-15 18:30:00+00:00,CIPLA,-0.0055703079668849576
2025-12-16 18:30:00+00:00,CIPLA,-0.001800447596579935
2025-12-17 18:30:00+00:00,CIPLA,0.0013360945737059815
2025-12-18 18:30:00+00:00,CIPLA,0.012142204867192197
2025-12-21 18:30:00+00:00,CIPLA,-0.002768407645813098
2025-12-22 18:30:00+00:00,CIPLA,-0.008064031360507484
2025-12-23 18:30:00+00:00,CIPLA,-0.00293190010455735
2025-12-25 18:30:00+00:00,CIPLA,0.006482624377023738
2025-12-28 18:30:00+00:00,CIPLA,-0.007968127490039834
2025-12-29 18:30:00+00:00,CIPLA,-0.0010040160642570406
2025-12-30 18:30:00+00:00,CIPLA,0.012596347623534232
2025-12-31 18:30:00+00:00,CIPLA,-0.006881508686595206
2026-01-01 18:30:00+00:00,CIPLA,0.007129023251266853
2026-01-04 18:30:00+00:00,CIPLA,0.005424764074244637
2026-01-05 18:30:00+00:00,CIPLA,0.007237794214101978
2026-01-06 18:30:00+00:00,CIPLA,-0.041089640977092
2026-01-07 18:30:00+00:00,CIPLA,-0.004973123991219297
2026-01-08 18:30:00+00:00,CIPLA,0.003491699076533017
2026-01-11 18:30:00+00:00,CIPLA,-0.00034113394054513524
2026-01-12 18:30:00+00:00,CIPLA,-0.011534195268184
2026-01-13 18:30:00+00:00,CIPLA,-0.009528446014547276
2026-01-14 18:30:00+00:00,CIPLA,0.0
2026-01-15 18:30:00+00:00,CIPLA,-0.025792959219240186
2026-01-18 18:30:00+00:00,CIPLA,-0.0037208952929338457
2026-01-19 18:30:00+00:00,CIPLA,-0.009983497756652304
2026-01-20 18:30:00+00:00,CIPLA,-0.006384248891656674
2026-01-21 18:30:00+00:00,CIPLA,0.0005841478113217669
2026-01-22 18:30:00+00:00,CIPLA,-0.04042617004312277
2026-01-26 18:30:00+00:00,CIPLA,-0.001520912547528508
2026-01-27 18:30:00+00:00,CIPLA,0.011728883788318711
2026-01-28 18:30:00+00:00,CIPLA,-0.00564588968846802
2026-01-29 18:30:00+00:00,CIPLA,0.002346866173549067
2026-02-01 18:30:00+00:00,CIPLA,-0.009365577352010934
2026-02-02 18:30:00+00:00,CIPLA,0.008539244777878263
2026-02-03 18:30:00+00:00,CIPLA,0.0029482175686377232
2026-02-04 18:30:00+00:00,CIPLA,0.004974823169639819
2026-02-05 18:30:00+00:00,CIPLA,-0.0024750984079131566
2025-01-01 18:30:00+00:00,COALINDIA,0.0169514354990552
2025-01-02 18:30:00+00:00,COALINDIA,0.0017813631848888622
2025-01-05 18:30:00+00:00,COALINDIA,-0.03785093455819799
2025-01-06 18:30:00+00:00,COALINDIA,0.0027723973934852264
2025-01-07 18:30:00+00:00,COALINDIA,0.0014480414361035532
2025-01-08 18:30:00+00:00,COALINDIA,-0.02142758173513204
2025-01-09 18:30:00+00:00,COALINDIA,-0.009940903540646029
2025-01-12 18:30:00+00:00,COALINDIA,-0.015196720596928448
2025-01-13 18:30:00+00:00,COALINDIA,0.01749801190710354
2025-01-14 18:30:00+00:00,COALINDIA,0.014488741290157536
2025-01-15 18:30:00+00:00,COALINDIA,0.01134544355812328
2025-01-16 18:30:00+00:00,COALINDIA,0.023228142622425896
2025-01-19 18:30:00+00:00,COALINDIA,-0.001547746472360001
2025-01-20 18:30:00+00:00,COALINDIA,-0.014210105638275738
2025-01-21 18:30:00+00:00,COALINDIA,-0.006159044416589654
2025-01-22 18:30:00+00:00,COALINDIA,0.01740502766475993
2025-01-23 18:30:00+00:00,COALINDIA,-0.007128031278715308
2025-01-26 18:30:00+00:00,COALINDIA,-0.019057494615062565
2025-01-27 18:30:00+00:00,COALINDIA,-0.013572968285862519
2025-01-28 18:30:00+00:00,COALINDIA,0.023742115939552555
2025-01-29 18:30:00+00:00,COALINDIA,0.014758180657469921
2025-01-30 18:30:00+00:00,COALINDIA,0.043352228916460955
2025-01-31 18:30:00+00:00,COALINDIA,-0.026774343584234805
2025-02-02 18:30:00+00:00,COALINDIA,-0.02932793022025726
2025-02-03 18:30:00+00:00,COALINDIA,0.00681820277925671
2025-02-04 18:30:00+00:00,COALINDIA,0.016730856636673952
2025-02-05 18:30:00+00:00,COALINDIA,-0.008488882859984281
2025-02-06 18:30:00+00:00,COALINDIA,-0.0035564256249476234
2025-02-09 18:30:00+00:00,COALINDIA,-0.020489067645022452
2025-02-10 18:30:00+00:00,COALINDIA,-0.03103909755320211
2025-02-11 18:30:00+00:00,COALINDIA,0.003760409213554805
2025-02-12 18:30:00+00:00,COALINDIA,0.003607568863046806
2025-02-13 18:30:00+00:00,COALINDIA,-0.020600007612432192
2025-02-16 18:30:00+00:00,COALINDIA,0.016657277114947355
2025-02-17 18:30:00+00:00,COALINDIA,0.002777069060132975
2025-02-18 18:30:00+00:00,COALINDIA,0.0033230575629130676
2025-02-19 18:30:00+00:00,COALINDIA,0.01559492800472384
2025-02-20 18:30:00+00:00,COALINDIA,0.0054354682703225965
2025-02-23 18:30:00+00:00,COALINDIA,-0.013920926876705764
2025-02-24 18:30:00+00:00,COALINDIA,-0.01000538696545239
2025-02-26 18:30:00+00:00,COALINDIA,0.007476045884573068
2025-02-27 18:30:00+00:00,COALINDIA,0.015116151836647163
2025-03-02 18:30:00+00:00,COALINDIA,-0.024367072063017692
2025-03-03 18:30:00+00:00,COALINDIA,0.009712685400510734
2025-03-04 18:30:00+00:00,COALINDIA,0.012092956909150354
2025-03-05 18:30:00+00:00,COALINDIA,0.03896806724895985
2025-03-06 18:30:00+00:00,COALINDIA,-0.005096657787601044
2025-03-09 18:30:00+00:00,COALINDIA,-0.014448998748886055
2025-03-10 18:30:00+00:00,COALINDIA,0.010395827541952452
2025-03-11 18:30:00+00:00,COALINDIA,0.004353115992490109
2025-03-12 18:30:00+00:00,COALINDIA,-0.006304369161286294
2025-03-16 18:30:00+00:00,COALINDIA,0.019693517959726847
2025-03-17 18:30:00+00:00,COALINDIA,0.0
2025-03-18 18:30:00+00:00,COALINDIA,0.026182757746667562
2025-03-19 18:30:00+00:00,COALINDIA,0.0013893202803461069
2025-03-20 18:30:00+00:00,COALINDIA,0.02270444647176917
2025-03-23 18:30:00+00:00,COALINDIA,0.0014800053754762121
2025-03-24 18:30:00+00:00,COALINDIA,-0.018965571727143193
2025-03-25 18:30:00+00:00,COALINDIA,-0.008787423459487465
2025-03-26 18:30:00+00:00,COALINDIA,0.005192534580221064
2025-03-27 18:30:00+00:00,COALINDIA,0.0034018377137063904
2025-03-31 18:30:00+00:00,COALINDIA,-0.0013812021631951499
2025-04-01 18:30:00+00:00,COALINDIA,-0.0003771314371155965
2025-04-02 18:30:00+00:00,COALINDIA,-0.0011321455536931202
2025-04-03 18:30:00+00:00,COALINDIA,-0.03022292660074488
2025-04-06 18:30:00+00:00,COALINDIA,-0.01960782179648546
2025-04-07 18:30:00+00:00,COALINDIA,0.014172134068501041
2025-04-08 18:30:00+00:00,COALINDIA,-0.021548786847153223
2025-04-10 18:30:00+00:00,COALINDIA,0.04671647359061226
2025-04-14 18:30:00+00:00,COALINDIA,0.008033586942759463
2025-04-15 18:30:00+00:00,COALINDIA,0.01012024282645152
2025-04-16 18:30:00+00:00,COALINDIA,-0.001001868814774154
2025-04-20 18:30:00+00:00,COALINDIA,0.0041368534454016
2025-04-21 18:30:00+00:00,COALINDIA,-0.0047440240895776364
2025-04-22 18:30:00+00:00,COALINDIA,0.0008780647346493531
2025-04-23 18:30:00+00:00,COALINDIA,0.002255899920076354
2025-04-24 18:30:00+00:00,COALINDIA,-0.01675628273933405
2025-04-27 18:30:00+00:00,COALINDIA,0.010174217307821198
2025-04-28 18:30:00+00:00,COALINDIA,-0.020269386167468872
2025-04-29 18:30:00+00:00,COALINDIA,-0.009766115142180065
2025-05-01 18:30:00+00:00,COALINDIA,-0.00467172272839933
2025-05-04 18:30:00+00:00,COALINDIA,0.005475911177312831
2025-05-05 18:30:00+00:00,COALINDIA,-0.01906126927320051
2025-05-06 18:30:00+00:00,COALINDIA,0.0133509150096629
2025-05-07 18:30:00+00:00,COALINDIA,0.00560929783483366
2025-05-08 18:30:00+00:00,COALINDIA,-0.007912836028109549
2025-05-11 18:30:00+00:00,COALINDIA,0.03425724296656529
2025-05-12 18:30:00+00:00,COALINDIA,-0.0008849472406143866
2025-05-13 18:30:00+00:00,COALINDIA,0.02011899324104882
2025-05-14 18:30:00+00:00,COALINDIA,0.00384516249352318
2025-05-15 18:30:00+00:00,COALINDIA,0.0003706074807900972
2025-05-18 18:30:00+00:00,COALINDIA,-0.005187617822578261
2025-05-19 18:30:00+00:00,COALINDIA,0.013409516185520554
2025-05-20 18:30:00+00:00,COALINDIA,-0.006738557994720895
2025-05-21 18:30:00+00:00,COALINDIA,-0.016035528327760673
2025-05-22 18:30:00+00:00,COALINDIA,0.006644037351705823
2025-05-25 18:30:00+00:00,COALINDIA,0.002988843524305951
2025-05-26 18:30:00+00:00,COALINDIA,-0.006828838745184251
2025-05-27 18:30:00+00:00,COALINDIA,-0.00437566547401913
2025-05-28 18:30:00+00:00,COALINDIA,0.0
2025-05-29 18:30:00+00:00,COALINDIA,-0.0022602299510139368
2025-06-01 18:30:00+00:00,COALINDIA,0.0060408796754136684
2025-06-02 18:30:00+00:00,COALINDIA,-0.017137848829734792
2025-06-03 18:30:00+00:00,COALINDIA,0.0044545833136733215
2025-06-04 18:30:00+00:00,COALINDIA,0.0007602562290605075
2025-06-05 18:30:00+00:00,COALINDIA,0.010255825427700982
2025-06-08 18:30:00+00:00,COALINDIA,0.005138438706840498
2025-06-09 18:30:00+00:00,COALINDIA,-0.003616005608104711
2025-06-10 18:30:00+00:00,COALINDIA,0.006382280041568045
2025-06-11 18:30:00+00:00,COALINDIA,-0.0233772830734027
2025-06-12 18:30:00+00:00,COALINDIA,-0.0038196727017438814
2025-06-15 18:30:00+00:00,COALINDIA,0.00805206894159105
2025-06-16 18:30:00+00:00,COALINDIA,-0.0077343351163731144
2025-06-17 18:30:00+00:00,COALINDIA,-0.0024276991676387416
2025-06-18 18:30:00+00:00,COALINDIA,-0.015627015583906445
2025-06-19 18:30:00+00:00,COALINDIA,0.012491830647969104
2025-06-22 18:30:00+00:00,COALINDIA,0.008867835273254299
2025-06-23 18:30:00+00:00,COALINDIA,0.0003820797689255695
2025-06-24 18:30:00+00:00,COALINDIA,-0.002292095644377712
2025-06-25 18:30:00+00:00,COALINDIA,0.0061263794002106575
2025-06-26 18:30:00+00:00,COALINDIA,0.0
2025-06-29 18:30:00+00:00,COALINDIA,-0.005581577490025635
2025-06-30 18:30:00+00:00,COALINDIA,-0.0056129886094451464
2025-07-01 18:30:00+00:00,COALINDIA,-0.007312474390335
2025-07-02 18:30:00+00:00,COALINDIA,-0.0011629967722215362
2025-07-03 18:30:00+00:00,COALINDIA,-0.0009056711430248665
2025-07-06 18:30:00+00:00,COALINDIA,-0.004791541878233163
2025-07-07 18:30:00+00:00,COALINDIA,-0.0036435100318384928
2025-07-08 18:30:00+00:00,COALINDIA,0.012015286809556658
2025-07-09 18:30:00+00:00,COALINDIA,-0.008775406828759214
2025-07-10 18:30:00+00:00,COALINDIA,-0.00807178772445627
2025-07-13 18:30:00+00:00,COALINDIA,0.007612473496223959
2025-07-14 18:30:00+00:00,COALINDIA,0.006773497788133964
2025-07-15 18:30:00+00:00,COALINDIA,0.0
2025-07-16 18:30:00+00:00,COALINDIA,-0.0014232809286445214
2025-07-17 18:30:00+00:00,COALINDIA,0.006737515572354802
2025-07-20 18:30:00+00:00,COALINDIA,-0.0043757622567232035
2025-07-21 18:30:00+00:00,COALINDIA,0.005946251295562144
2025-07-22 18:30:00+00:00,COALINDIA,0.004240514021583541
2025-07-23 18:30:00+00:00,COALINDIA,-0.013307778069828524
2025-07-24 18:30:00+00:00,COALINDIA,-0.012320111011184354
2025-07-27 18:30:00+00:00,COALINDIA,-0.006433761982721942
2025-07-28 18:30:00+00:00,COALINDIA,0.014008229008062978
2025-07-29 18:30:00+00:00,COALINDIA,-0.009774607682184522
2025-07-30 18:30:00+00:00,COALINDIA,-0.00934447475610356
2025-07-31 18:30:00+00:00,COALINDIA,-0.010229911542174452
2025-08-03 18:30:00+00:00,COALINDIA,0.0059060700761337515
2025-08-04 18:30:00+00:00,COALINDIA,0.012810210795448418
2025-08-05 18:30:00+00:00,COALINDIA,0.007620408856354288
2025-08-06 18:30:00+00:00,COALINDIA,0.007164612248008684
2025-08-07 18:30:00+00:00,COALINDIA,0.0003952490428895672
2025-08-10 18:30:00+00:00,COALINDIA,0.007374230439053608
2025-08-11 18:30:00+00:00,COALINDIA,0.007450982802472472
2025-08-12 18:30:00+00:00,COALINDIA,0.001946252851115604
2025-08-13 18:30:00+00:00,COALINDIA,-0.004273488449707652
2025-08-17 18:30:00+00:00,COALINDIA,0.008713646895708083
2025-08-18 18:30:00+00:00,COALINDIA,-0.00631757729316107
2025-08-19 18:30:00+00:00,COALINDIA,-0.0016868019372994203
2025-08-20 18:30:00+00:00,COALINDIA,-0.003688578133854592
2025-08-21 18:30:00+00:00,COALINDIA,-0.009784458109881933
2025-08-24 18:30:00+00:00,COALINDIA,0.014821751415124984
2025-08-25 18:30:00+00:00,COALINDIA,-0.01986842095495156
2025-08-27 18:30:00+00:00,COALINDIA,0.004967057822154564
2025-08-28 18:30:00+00:00,COALINDIA,0.0013358446856126527
2025-08-31 18:30:00+00:00,COALINDIA,0.008271070946505255
2025-09-01 18:30:00+00:00,COALINDIA,0.005821657131865887
2025-09-02 18:30:00+00:00,COALINDIA,0.025519626399893358
2025-09-03 18:30:00+00:00,COALINDIA,0.004232947952615751
2025-09-04 18:30:00+00:00,COALINDIA,0.0030655022498420337
2025-09-07 18:30:00+00:00,COALINDIA,-0.014262063541620185
2025-09-08 18:30:00+00:00,COALINDIA,0.0023253442848190087
2025-09-09 18:30:00+00:00,COALINDIA,0.010181632970140742
2025-09-10 18:30:00+00:00,COALINDIA,0.003699988746710625
2025-09-11 18:30:00+00:00,COALINDIA,0.002542219182116723
2025-09-14 18:30:00+00:00,COALINDIA,0.0010143726639204598
2025-09-15 18:30:00+00:00,COALINDIA,0.002659851323696394
2025-09-16 18:30:00+00:00,COALINDIA,0.009979857350285393
2025-09-17 18:30:00+00:00,COALINDIA,-0.01651034954841646
2025-09-18 18:30:00+00:00,COALINDIA,0.0034338176103101414
2025-09-21 18:30:00+00:00,COALINDIA,0.0005069934667683018
2025-09-22 18:30:00+00:00,COALINDIA,-0.0016468739492623286
2025-09-23 18:30:00+00:00,COALINDIA,-0.0030452756863802444
2025-09-24 18:30:00+00:00,COALINDIA,-0.0008909052030905418
2025-09-25 18:30:00+00:00,COALINDIA,-0.008535113048442122
2025-09-28 18:30:00+00:00,COALINDIA,-0.002184244635399124
2025-09-29 18:30:00+00:00,COALINDIA,0.004249380739251185
2025-09-30 18:30:00+00:00,COALINDIA,-0.003718490772297578
2025-10-02 18:30:00+00:00,COALINDIA,-0.01325607995585798
2025-10-05 18:30:00+00:00,COALINDIA,-0.0037824290553346573
2025-10-06 18:30:00+00:00,COALINDIA,0.007331760994933267
2025-10-07 18:30:00+00:00,COALINDIA,-0.006758488707117816
2025-10-08 18:30:00+00:00,COALINDIA,0.0032713562039241584
2025-10-09 18:30:00+00:00,COALINDIA,0.0029998603461127704
2025-10-12 18:30:00+00:00,COALINDIA,-0.007672338422220704
2025-10-13 18:30:00+00:00,COALINDIA,-0.0015724390319440396
2025-10-14 18:30:00+00:00,COALINDIA,0.008662487736212698
2025-10-15 18:30:00+00:00,COALINDIA,0.008718284087812167
2025-10-16 18:30:00+00:00,COALINDIA,0.003095951697848598
2025-10-19 18:30:00+00:00,COALINDIA,0.0046296751641190514
2025-10-20 18:30:00+00:00,COALINDIA,0.0012800989155672404
2025-10-22 18:30:00+00:00,COALINDIA,0.003963137134402661
2025-10-23 18:30:00+00:00,COALINDIA,0.0035655158854051017
2025-10-26 18:30:00+00:00,COALINDIA,0.00672507660915822
2025-10-27 18:30:00+00:00,COALINDIA,-0.013360225136413884
2025-10-28 18:30:00+00:00,COALINDIA,-0.024016381758396266
2025-10-29 18:30:00+00:00,COALINDIA,0.01492151661838359
2025-10-30 18:30:00+00:00,COALINDIA,0.0024503159790305595
2025-11-02 18:30:00+00:00,COALINDIA,-0.0002573527187970104
2025-11-03 18:30:00+00:00,COALINDIA,-0.0019825535929185456
2025-11-05 18:30:00+00:00,COALINDIA,-0.011654069762272568
2025-11-06 18:30:00+00:00,COALINDIA,0.007637695699135527
2025-11-09 18:30:00+00:00,COALINDIA,0.014228739637009546
2025-11-10 18:30:00+00:00,COALINDIA,0.0038022332928968616
2025-11-11 18:30:00+00:00,COALINDIA,0.009665653931609564
2025-11-12 18:30:00+00:00,COALINDIA,-0.008538131417771488
2025-11-13 18:30:00+00:00,COALINDIA,0.009786012214357598
2025-11-16 18:30:00+00:00,COALINDIA,0.0023258660501159767
2025-11-17 18:30:00+00:00,COALINDIA,-0.010055417906693065
2025-11-18 18:30:00+00:00,COALINDIA,-0.012762141576441288
2025-11-19 18:30:00+00:00,COALINDIA,0.0015829207831112857
2025-11-20 18:30:00+00:00,COALINDIA,-0.0038192590880126165
2025-11-23 18:30:00+00:00,COALINDIA,-0.014939249687198841
2025-11-24 18:30:00+00:00,COALINDIA,-0.006710508876433763
2025-11-25 18:30:00+00:00,COALINDIA,0.019727114042308536
2025-11-26 18:30:00+00:00,COALINDIA,0.0018549931843943046
2025-11-27 18:30:00+00:00,COALINDIA,-0.005025774256934845
2025-11-30 18:30:00+00:00,COALINDIA,0.009304798768555056
2025-12-01 18:30:00+00:00,COALINDIA,-0.001843755302795902
2025-12-02 18:30:00+00:00,COALINDIA,-0.009763852982830556
2025-12-03 18:30:00+00:00,COALINDIA,0.01012654974808469
2025-12-04 18:30:00+00:00,COALINDIA,0.0023744214300147615
2025-12-07 18:30:00+00:00,COALINDIA,-0.006843021502783819
2025-12-08 18:30:00+00:00,COALINDIA,0.005300119166955497
2025-12-09 18:30:00+00:00,COALINDIA,0.007381014229388638
2025-12-10 18:30:00+00:00,COALINDIA,0.004841047057603021
2025-12-11 18:30:00+00:00,COALINDIA,-0.0016926924387613562
2025-12-14 18:30:00+00:00,COALINDIA,0.0028694563349469515
2025-12-15 18:30:00+00:00,COALINDIA,-0.007413203311282257
2025-12-16 18:30:00+00:00,COALINDIA,0.008254700854564145
2025-12-17 18:30:00+00:00,COALINDIA,0.0014294679479371908
2025-12-18 18:30:00+00:00,COALINDIA,0.0007786616144613845
2025-12-21 18:30:00+00:00,COALINDIA,0.0016856687920017155
2025-12-22 18:30:00+00:00,COALINDIA,0.036634288405137605
2025-12-23 18:30:00+00:00,COALINDIA,0.0048701604314593805
2025-12-25 18:30:00+00:00,COALINDIA,-0.0004971099888085861
2025-12-28 18:30:00+00:00,COALINDIA,-0.0037299515672406525
2025-12-29 18:30:00+00:00,COALINDIA,-0.006614236707486509
2025-12-30 18:30:00+00:00,COALINDIA,0.002512562814070307
2025-12-31 18:30:00+00:00,COALINDIA,0.00363411580709605
2026-01-01 18:30:00+00:00,COALINDIA,0.06854783581642532
2026-01-04 18:30:00+00:00,COALINDIA,-0.0010516048045607906
2026-01-05 18:30:00+00:00,COALINDIA,-0.0009358390516754911
2026-01-06 18:30:00+00:00,COALINDIA,0.010771587015582895
2026-01-07 18:30:00+00:00,COALINDIA,-0.014826813360315216
2026-01-08 18:30:00+00:00,COALINDIA,-0.01622573520631243
2026-01-11 18:30:00+00:00,COALINDIA,0.03334524079342649
2026-01-12 18:30:00+00:00,COALINDIA,-0.007864894731648087
2026-01-13 18:30:00+00:00,COALINDIA,0.007694143990459867
2026-01-14 18:30:00+00:00,COALINDIA,0.0
2026-01-15 18:30:00+00:00,COALINDIA,-0.0027765205301670814
2026-01-18 18:30:00+00:00,COALINDIA,-0.001972171933910971
2026-01-19 18:30:00+00:00,COALINDIA,-0.0345228555485908
2026-01-20 18:30:00+00:00,COALINDIA,-0.0030098724698810475
2026-01-21 18:30:00+00:00,COALINDIA,0.02209883995610129
2026-01-22 18:30:00+00:00,COALINDIA,-0.011342197949178567
2026-01-26 18:30:00+00:00,COALINDIA,0.010755258283090097
2026-01-27 18:30:00+00:00,COALINDIA,0.05001180941530459
2026-01-28 18:30:00+00:00,COALINDIA,0.02634841240551089
2026-01-29 18:30:00+00:00,COALINDIA,-0.03291278113000551
2026-02-01 18:30:00+00:00,COALINDIA,-0.03913783323879749
2026-02-02 18:30:00+00:00,COALINDIA,0.013931508610352639
2026-02-03 18:30:00+00:00,COALINDIA,0.012808570279872589
2026-02-04 18:30:00+00:00,COALINDIA,-0.007013078491085678
2026-02-05 18:30:00+00:00,COALINDIA,0.0021997954753425475
2025-01-01 18:30:00+00:00,DRREDDY,0.004419351104658409
2025-01-02 18:30:00+00:00,DRREDDY,-0.01629037416625123
2025-01-05 18:30:00+00:00,DRREDDY,-0.0017003789366615285
2025-01-06 18:30:00+00:00,DRREDDY,0.0008887088040849811
2025-01-07 18:30:00+00:00,DRREDDY,0.014205897208365625
2025-01-08 18:30:00+00:00,DRREDDY,0.0006200700888010502
2025-01-09 18:30:00+00:00,DRREDDY,-0.012540062613436986
2025-01-12 18:30:00+00:00,DRREDDY,-0.01424992524027191
2025-01-13 18:30:00+00:00,DRREDDY,0.0018351686399904477
2025-01-14 18:30:00+00:00,DRREDDY,-0.000261752311410679
2025-01-15 18:30:00+00:00,DRREDDY,-0.02576280354452143
2025-01-16 18:30:00+00:00,DRREDDY,0.005104635888983022
2025-01-19 18:30:00+00:00,DRREDDY,-0.005384180360566537
2025-01-20 18:30:00+00:00,DRREDDY,-0.010903339812221025
2025-01-21 18:30:00+00:00,DRREDDY,0.006288085823974665
2025-01-22 18:30:00+00:00,DRREDDY,-0.005284422094932517
2025-01-23 18:30:00+00:00,DRREDDY,-0.05041111556881028
2025-01-26 18:30:00+00:00,DRREDDY,-0.021847439247955625
2025-01-27 18:30:00+00:00,DRREDDY,-0.01369347206578675
2025-01-28 18:30:00+00:00,DRREDDY,-4.232610548349225e-05
2025-01-29 18:30:00+00:00,DRREDDY,0.011259740616310854
2025-01-30 18:30:00+00:00,DRREDDY,0.01912929010893505
2025-01-31 18:30:00+00:00,DRREDDY,-0.010185997895795218
2025-02-02 18:30:00+00:00,DRREDDY,-0.0009129611116287517
2025-02-03 18:30:00+00:00,DRREDDY,0.013373760062336038
2025-02-04 18:30:00+00:00,DRREDDY,0.006229881499533629
2025-02-05 18:30:00+00:00,DRREDDY,0.007413100443673271
2025-02-06 18:30:00+00:00,DRREDDY,0.003032346352244142
2025-02-09 18:30:00+00:00,DRREDDY,-0.01568050050518366
2025-02-10 18:30:00+00:00,DRREDDY,-0.009132117790273786
2025-02-11 18:30:00+00:00,DRREDDY,0.005000800652056769
2025-02-12 18:30:00+00:00,DRREDDY,0.006374152915006981
2025-02-13 18:30:00+00:00,DRREDDY,-0.021698278008465355
2025-02-16 18:30:00+00:00,DRREDDY,0.0015871626394270422
2025-02-17 18:30:00+00:00,DRREDDY,-0.0012927387875633078
2025-02-18 18:30:00+00:00,DRREDDY,-0.026348781126882326
2025-02-19 18:30:00+00:00,DRREDDY,0.004374501406834819
2025-02-20 18:30:00+00:00,DRREDDY,-0.016354123686302402
2025-02-23 18:30:00+00:00,DRREDDY,0.011069549093107423
2025-02-24 18:30:00+00:00,DRREDDY,-0.031256648956510036
2025-02-26 18:30:00+00:00,DRREDDY,-0.002304661306800182
2025-02-27 18:30:00+00:00,DRREDDY,-0.00804058152031617
2025-03-02 18:30:00+00:00,DRREDDY,0.002776516752732938
2025-03-03 18:30:00+00:00,DRREDDY,0.0004913341191608023
2025-03-04 18:30:00+00:00,DRREDDY,0.005579573433566853
2025-03-05 18:30:00+00:00,DRREDDY,0.012162630233269356
2025-03-06 18:30:00+00:00,DRREDDY,-0.006008293000234088
2025-03-09 18:30:00+00:00,DRREDDY,-0.011515567837536711
2025-03-10 18:30:00+00:00,DRREDDY,-0.0031690416933284338
2025-03-11 18:30:00+00:00,DRREDDY,-0.010298629904002765
2025-03-12 18:30:00+00:00,DRREDDY,0.0025334766954492327
2025-03-16 18:30:00+00:00,DRREDDY,0.038584785109420316
2025-03-17 18:30:00+00:00,DRREDDY,0.0
2025-03-18 18:30:00+00:00,DRREDDY,0.018597379815324278
2025-03-19 18:30:00+00:00,DRREDDY,0.012882899973064577
2025-03-20 18:30:00+00:00,DRREDDY,0.010908037354166122
2025-03-23 18:30:00+00:00,DRREDDY,0.008457298651294964
2025-03-24 18:30:00+00:00,DRREDDY,-0.026770214811922433
2025-03-25 18:30:00+00:00,DRREDDY,-0.011291285591296663
2025-03-26 18:30:00+00:00,DRREDDY,-0.002060804546026973
2025-03-27 18:30:00+00:00,DRREDDY,-0.015487898886567097
2025-03-31 18:30:00+00:00,DRREDDY,0.006991786961304536
2025-04-01 18:30:00+00:00,DRREDDY,-0.0019094100148017157
2025-04-02 18:30:00+00:00,DRREDDY,0.0012609187401750876
2025-04-03 18:30:00+00:00,DRREDDY,-0.03604157029293631
2025-04-06 18:30:00+00:00,DRREDDY,-0.01986562640350642
2025-04-07 18:30:00+00:00,DRREDDY,0.018429835346150725
2025-04-08 18:30:00+00:00,DRREDDY,-0.012545562901057461
2025-04-10 18:30:00+00:00,DRREDDY,0.014121755338410535
2025-04-14 18:30:00+00:00,DRREDDY,0.04091934413988518
2025-04-15 18:30:00+00:00,DRREDDY,0.003030639540251512
2025-04-16 18:30:00+00:00,DRREDDY,0.004488850674372102
2025-04-20 18:30:00+00:00,DRREDDY,0.011859836909031252
2025-04-21 18:30:00+00:00,DRREDDY,-0.0020384006427059953
2025-04-22 18:30:00+00:00,DRREDDY,0.009361691628320123
2025-04-23 18:30:00+00:00,DRREDDY,0.012225927812595128
2025-04-24 18:30:00+00:00,DRREDDY,-0.021407688520777235
2025-04-27 18:30:00+00:00,DRREDDY,0.020343793100924268
2025-04-28 18:30:00+00:00,DRREDDY,-0.018937136242112018
2025-04-29 18:30:00+00:00,DRREDDY,0.006717693097246347
2025-05-01 18:30:00+00:00,DRREDDY,-0.005067971224980372
2025-05-04 18:30:00+00:00,DRREDDY,-0.0056031441683800365
2025-05-05 18:30:00+00:00,DRREDDY,-0.009305892434874785
2025-05-06 18:30:00+00:00,DRREDDY,0.00025841382608193797
2025-05-07 18:30:00+00:00,DRREDDY,-0.010941596205970683
2025-05-08 18:30:00+00:00,DRREDDY,0.006881538954760291
2025-05-11 18:30:00+00:00,DRREDDY,0.0343454462887709
2025-05-12 18:30:00+00:00,DRREDDY,0.009618675488400896
2025-05-13 18:30:00+00:00,DRREDDY,0.010686789377507777
2025-05-14 18:30:00+00:00,DRREDDY,0.013360647773116296
2025-05-15 18:30:00+00:00,DRREDDY,-0.00452973551221425
2025-05-18 18:30:00+00:00,DRREDDY,-0.009506749410781556
2025-05-19 18:30:00+00:00,DRREDDY,0.004265798014615241
2025-05-20 18:30:00+00:00,DRREDDY,0.0004084113061093575
2025-05-21 18:30:00+00:00,DRREDDY,-0.0020413231778400043
2025-05-22 18:30:00+00:00,DRREDDY,0.006463759815775516
2025-05-25 18:30:00+00:00,DRREDDY,0.008779871756769309
2025-05-26 18:30:00+00:00,DRREDDY,0.0018534084767947157
2025-05-27 18:30:00+00:00,DRREDDY,-0.00048260340227490595
2025-05-28 18:30:00+00:00,DRREDDY,0.0045066709822725315
2025-05-29 18:30:00+00:00,DRREDDY,0.0024034494090188208
2025-06-01 18:30:00+00:00,DRREDDY,-0.002797382956542749
2025-06-02 18:30:00+00:00,DRREDDY,0.00048096131613850623
2025-06-03 18:30:00+00:00,DRREDDY,0.002883986983580389
2025-06-04 18:30:00+00:00,DRREDDY,0.030912969401329704
2025-06-05 18:30:00+00:00,DRREDDY,0.023477424491705534
2025-06-08 18:30:00+00:00,DRREDDY,-0.0013627378932274947
2025-06-09 18:30:00+00:00,DRREDDY,0.022515439377945423
2025-06-10 18:30:00+00:00,DRREDDY,0.0017051413353783573
2025-06-11 18:30:00+00:00,DRREDDY,0.00858556795739629
2025-06-12 18:30:00+00:00,DRREDDY,-0.00014667059110407
2025-06-15 18:30:00+00:00,DRREDDY,-0.011522948974769132
2025-06-16 18:30:00+00:00,DRREDDY,-0.020789980967676813
2025-06-17 18:30:00+00:00,DRREDDY,-0.004170453160926235
2025-06-18 18:30:00+00:00,DRREDDY,0.009746367701729541
2025-06-19 18:30:00+00:00,DRREDDY,-0.0006032451476375433
2025-06-22 18:30:00+00:00,DRREDDY,-0.005583663841542963
2025-06-23 18:30:00+00:00,DRREDDY,0.014720460483714115
2025-06-24 18:30:00+00:00,DRREDDY,0.003215378554032311
2025-06-25 18:30:00+00:00,DRREDDY,-0.014982157514189964
2025-06-26 18:30:00+00:00,DRREDDY,-0.015512616218895436
2025-06-29 18:30:00+00:00,DRREDDY,-0.013604862791383843
2025-06-30 18:30:00+00:00,DRREDDY,-0.0050651215555465035
2025-07-01 18:30:00+00:00,DRREDDY,-0.0046992253330598865
2025-07-02 18:30:00+00:00,DRREDDY,0.016131508181996157
2025-07-03 18:30:00+00:00,DRREDDY,0.012468055720583848
2025-07-06 18:30:00+00:00,DRREDDY,0.0023711037109581667
2025-07-07 18:30:00+00:00,DRREDDY,-0.0203738147450524
2025-07-08 18:30:00+00:00,DRREDDY,-0.011216760436303708
2025-07-09 18:30:00+00:00,DRREDDY,0.0009512851979152082
2025-07-10 18:30:00+00:00,DRREDDY,-0.006256949601473161
2025-07-13 18:30:00+00:00,DRREDDY,-0.0032676940667034637
2025-07-14 18:30:00+00:00,DRREDDY,0.008236085902127988
2025-07-15 18:30:00+00:00,DRREDDY,-0.0011896264342583507
2025-07-16 18:30:00+00:00,DRREDDY,0.002937868111918096
2025-07-17 18:30:00+00:00,DRREDDY,-0.00443351729410002
2025-07-20 18:30:00+00:00,DRREDDY,0.0014314503603378714
2025-07-21 18:30:00+00:00,DRREDDY,-0.015326012927645905
2025-07-22 18:30:00+00:00,DRREDDY,0.00596776162424395
2025-07-23 18:30:00+00:00,DRREDDY,0.014510161320895776
2025-07-24 18:30:00+00:00,DRREDDY,0.009798517909176185
2025-07-27 18:30:00+00:00,DRREDDY,0.00743407138156682
2025-07-28 18:30:00+00:00,DRREDDY,0.009631834844578524
2025-07-29 18:30:00+00:00,DRREDDY,-0.005924044432164544
2025-07-30 18:30:00+00:00,DRREDDY,-0.016871702785944853
2025-07-31 18:30:00+00:00,DRREDDY,-0.039124672385895565
2025-08-03 18:30:00+00:00,DRREDDY,0.0036048046059891092
2025-08-04 18:30:00+00:00,DRREDDY,-0.008326490752550986
2025-08-05 18:30:00+00:00,DRREDDY,-0.014899651735864272
2025-08-06 18:30:00+00:00,DRREDDY,0.0034261701542102063
2025-08-07 18:30:00+00:00,DRREDDY,0.008827427677307487
2025-08-10 18:30:00+00:00,DRREDDY,0.00668645816633151
2025-08-11 18:30:00+00:00,DRREDDY,0.0006560465995284481
2025-08-12 18:30:00+00:00,DRREDDY,0.027124456495534854
2025-08-13 18:30:00+00:00,DRREDDY,0.005584809209870922
2025-08-17 18:30:00+00:00,DRREDDY,0.001824759372629936
2025-08-18 18:30:00+00:00,DRREDDY,-0.014651144939722749
2025-08-19 18:30:00+00:00,DRREDDY,0.0009645340695096927
2025-08-20 18:30:00+00:00,DRREDDY,0.02505215236891778
2025-08-21 18:30:00+00:00,DRREDDY,0.0007833307372115961
2025-08-24 18:30:00+00:00,DRREDDY,0.004931159164460519
2025-08-25 18:30:00+00:00,DRREDDY,-0.016122807733128908
2025-08-27 18:30:00+00:00,DRREDDY,-0.0026914997428522103
2025-08-28 18:30:00+00:00,DRREDDY,0.0002380748898140883
2025-08-31 18:30:00+00:00,DRREDDY,0.01571307770156749
2025-09-01 18:30:00+00:00,DRREDDY,-0.020470406080492
2025-09-02 18:30:00+00:00,DRREDDY,0.0067799316671064425
2025-09-03 18:30:00+00:00,DRREDDY,-0.007288822316411481
2025-09-04 18:30:00+00:00,DRREDDY,0.012051057929718612
2025-09-07 18:30:00+00:00,DRREDDY,-0.013800173753582778
2025-09-08 18:30:00+00:00,DRREDDY,0.032544437899191925
2025-09-09 18:30:00+00:00,DRREDDY,0.00998985662198093
2025-09-10 18:30:00+00:00,DRREDDY,-0.0008434102339516247
2025-09-11 18:30:00+00:00,DRREDDY,0.010436632523012968
2025-09-14 18:30:00+00:00,DRREDDY,-0.01207556993497183
2025-09-15 18:30:00+00:00,DRREDDY,0.007380054755214749
2025-09-16 18:30:00+00:00,DRREDDY,0.0007631257489080223
2025-09-17 18:30:00+00:00,DRREDDY,0.008616689452069615
2025-09-18 18:30:00+00:00,DRREDDY,-0.0007560293618473768
2025-09-21 18:30:00+00:00,DRREDDY,-0.015358952491307698
2025-09-22 18:30:00+00:00,DRREDDY,0.005378822705302877
2025-09-23 18:30:00+00:00,DRREDDY,-0.007872247505297691
2025-09-24 18:30:00+00:00,DRREDDY,-0.0176411870000428
2025-09-25 18:30:00+00:00,DRREDDY,-0.01733059632383782
2025-09-28 18:30:00+00:00,DRREDDY,-0.014763387088368218
2025-09-29 18:30:00+00:00,DRREDDY,-0.008828790401432918
2025-09-30 18:30:00+00:00,DRREDDY,0.017161069574195276
2025-10-02 18:30:00+00:00,DRREDDY,0.002731601628859659
2025-10-05 18:30:00+00:00,DRREDDY,0.0004006089334032126
2025-10-06 18:30:00+00:00,DRREDDY,-8.007014888056219e-05
2025-10-07 18:30:00+00:00,DRREDDY,-0.011213456147376899
2025-10-08 18:30:00+00:00,DRREDDY,0.009396497031946227
2025-10-09 18:30:00+00:00,DRREDDY,0.014685859230131104
2025-10-12 18:30:00+00:00,DRREDDY,-0.0015817778878379762
2025-10-13 18:30:00+00:00,DRREDDY,-0.019882743267204517
2025-10-14 18:30:00+00:00,DRREDDY,-0.00396025557317603
2025-10-15 18:30:00+00:00,DRREDDY,0.006329054368139131
2025-10-16 18:30:00+00:00,DRREDDY,0.01265930806347182
2025-10-19 18:30:00+00:00,DRREDDY,0.020781889544205123
2025-10-20 18:30:00+00:00,DRREDDY,0.005226170960900944
2025-10-22 18:30:00+00:00,DRREDDY,-0.007216518282130435
2025-10-23 18:30:00+00:00,DRREDDY,0.0032827505797481393
2025-10-26 18:30:00+00:00,DRREDDY,0.0005453982981480365
2025-10-27 18:30:00+00:00,DRREDDY,0.003971015644351095
2025-10-28 18:30:00+00:00,DRREDDY,-0.029858848511729597
2025-10-29 18:30:00+00:00,DRREDDY,-0.038932026774081474
2025-10-30 18:30:00+00:00,DRREDDY,-0.0038262982638234133
2025-11-02 18:30:00+00:00,DRREDDY,-0.0013359849854327477
2025-11-03 18:30:00+00:00,DRREDDY,0.0033444816053511683
2025-11-05 18:30:00+00:00,DRREDDY,0.004333292643229125
2025-11-06 18:30:00+00:00,DRREDDY,0.0001660083391084033
2025-11-09 18:30:00+00:00,DRREDDY,-0.005558381538480872
2025-11-10 18:30:00+00:00,DRREDDY,0.010678275923521552
2025-11-11 18:30:00+00:00,DRREDDY,0.01494013667844607
2025-11-12 18:30:00+00:00,DRREDDY,0.004310384623746666
2025-11-13 18:30:00+00:00,DRREDDY,0.008988562123645849
2025-11-16 18:30:00+00:00,DRREDDY,-0.0012840895553269949
2025-11-17 18:30:00+00:00,DRREDDY,-0.00048214044854266724
2025-11-18 18:30:00+00:00,DRREDDY,0.005145443071641553
2025-11-19 18:30:00+00:00,DRREDDY,-0.0012797757546204602
2025-11-20 18:30:00+00:00,DRREDDY,-0.003764176889134885
2025-11-23 18:30:00+00:00,DRREDDY,-0.014229498267374852
2025-11-24 18:30:00+00:00,DRREDDY,0.008073743931078292
2025-11-25 18:30:00+00:00,DRREDDY,0.009627072768464195
2025-11-26 18:30:00+00:00,DRREDDY,0.0010417057917668782
2025-11-27 18:30:00+00:00,DRREDDY,0.00760425808748777
2025-11-30 18:30:00+00:00,DRREDDY,0.001032671359540105
2025-12-01 18:30:00+00:00,DRREDDY,0.011983156795885241
2025-12-02 18:30:00+00:00,DRREDDY,0.004313049098649602
2025-12-03 18:30:00+00:00,DRREDDY,-0.0024205322902534077
2025-12-04 18:30:00+00:00,DRREDDY,-0.001878541374393694
2025-12-07 18:30:00+00:00,DRREDDY,-0.0068224211927548906
2025-12-08 18:30:00+00:00,DRREDDY,-0.01602846334632846
2025-12-09 18:30:00+00:00,DRREDDY,0.003691299820646199
2025-12-10 18:30:00+00:00,DRREDDY,0.018148345287596124
2025-12-11 18:30:00+00:00,DRREDDY,0.004554416040930542
2025-12-14 18:30:00+00:00,DRREDDY,0.0010161234332815017
2025-12-15 18:30:00+00:00,DRREDDY,-0.0028892325803629992
2025-12-16 18:30:00+00:00,DRREDDY,-0.003837437794952714
2025-12-17 18:30:00+00:00,DRREDDY,0.0062893081761006275
2025-12-18 18:30:00+00:00,DRREDDY,-0.001406288146972634
2025-12-21 18:30:00+00:00,DRREDDY,0.004068278392140412
2025-12-22 18:30:00+00:00,DRREDDY,7.789900579369125e-05
2025-12-23 18:30:00+00:00,DRREDDY,-0.013790378786034285
2025-12-25 18:30:00+00:00,DRREDDY,0.002765049664234409
2025-12-28 18:30:00+00:00,DRREDDY,-0.0005515427521127769
2025-12-29 18:30:00+00:00,DRREDDY,-0.0022070998042699186
2025-12-30 18:30:00+00:00,DRREDDY,0.0044240601753191555
2025-12-31 18:30:00+00:00,DRREDDY,-0.014157621247722907
2026-01-01 18:30:00+00:00,DRREDDY,0.002154101738698344
2026-01-04 18:30:00+00:00,DRREDDY,-0.004856281907888782
2026-01-05 18:30:00+00:00,DRREDDY,0.004959960937499952
2026-01-06 18:30:00+00:00,DRREDDY,-0.010667013902722733
2026-01-07 18:30:00+00:00,DRREDDY,-0.028886404090435747
2026-01-08 18:30:00+00:00,DRREDDY,0.0026513804848322664
2026-01-11 18:30:00+00:00,DRREDDY,0.004462461385843497
2026-01-12 18:30:00+00:00,DRREDDY,-0.019909462091217578
2026-01-13 18:30:00+00:00,DRREDDY,-0.004029252607558265
2026-01-14 18:30:00+00:00,DRREDDY,0.0
2026-01-15 18:30:00+00:00,DRREDDY,-0.009270965023177369
2026-01-18 18:30:00+00:00,DRREDDY,-0.0070608667189493435
2026-01-19 18:30:00+00:00,DRREDDY,-0.00042837561764630383
2026-01-20 18:30:00+00:00,DRREDDY,-0.008142624837223833
2026-01-21 18:30:00+00:00,DRREDDY,0.0521085822437688
2026-01-22 18:30:00+00:00,DRREDDY,0.014866509721509269
2026-01-26 18:30:00+00:00,DRREDDY,0.0033992176474395563
2026-01-27 18:30:00+00:00,DRREDDY,-0.013953902360688941
2026-01-28 18:30:00+00:00,DRREDDY,-0.011124724405674802
2026-01-29 18:30:00+00:00,DRREDDY,0.007610183626503009
2026-02-01 18:30:00+00:00,DRREDDY,-0.029225824069828876
2026-02-02 18:30:00+00:00,DRREDDY,0.04473575003303387
2026-02-03 18:30:00+00:00,DRREDDY,0.0038853218900405384
2026-02-04 18:30:00+00:00,DRREDDY,0.0037897705428437956
2026-02-05 18:30:00+00:00,DRREDDY,-0.0029721850507063996
2025-01-01 18:30:00+00:00,EICHERMOT,0.08654540948218914
2025-01-02 18:30:00+00:00,EICHERMOT,0.00049926228825381
2025-01-05 18:30:00+00:00,EICHERMOT,-0.01142021116880465
2025-01-06 18:30:00+00:00,EICHERMOT,-0.013866504826243076
2025-01-07 18:30:00+00:00,EICHERMOT,-0.0027233165421274297
2025-01-08 18:30:00+00:00,EICHERMOT,-0.00451274552686598
2025-01-09 18:30:00+00:00,EICHERMOT,-0.015846578590557714
2025-01-12 18:30:00+00:00,EICHERMOT,-0.02359418548530301
2025-01-13 18:30:00+00:00,EICHERMOT,0.018312911659721376
2025-01-14 18:30:00+00:00,EICHERMOT,0.010408544287770383
2025-01-15 18:30:00+00:00,EICHERMOT,-0.006710103629313124
2025-01-16 18:30:00+00:00,EICHERMOT,-0.007032733030015059
2025-01-19 18:30:00+00:00,EICHERMOT,0.0008878218317134312
2025-01-20 18:30:00+00:00,EICHERMOT,-0.009328698315364425
2025-01-21 18:30:00+00:00,EICHERMOT,0.00799807487295201
2025-01-22 18:30:00+00:00,EICHERMOT,0.02125875274743616
2025-01-23 18:30:00+00:00,EICHERMOT,0.01761065073037571
2025-01-26 18:30:00+00:00,EICHERMOT,-0.011870208063525678
2025-01-27 18:30:00+00:00,EICHERMOT,-0.00760037188481566
2025-01-28 18:30:00+00:00,EICHERMOT,0.015179977403643408
2025-01-29 18:30:00+00:00,EICHERMOT,-0.003578972441826256
2025-01-30 18:30:00+00:00,EICHERMOT,0.005799235969265126
2025-01-31 18:30:00+00:00,EICHERMOT,0.03770484435266708
2025-02-02 18:30:00+00:00,EICHERMOT,0.01764332193859608
2025-02-03 18:30:00+00:00,EICHERMOT,-0.0064081194640970285
2025-02-04 18:30:00+00:00,EICHERMOT,-0.006036522430904578
2025-02-05 18:30:00+00:00,EICHERMOT,-0.013881783654758784
2025-02-06 18:30:00+00:00,EICHERMOT,0.0057188770905298725
2025-02-09 18:30:00+00:00,EICHERMOT,-0.0069240512319029834
2025-02-10 18:30:00+00:00,EICHERMOT,-0.06803679416419572
2025-02-11 18:30:00+00:00,EICHERMOT,-0.0247166523094553
2025-02-12 18:30:00+00:00,EICHERMOT,-0.005990488286909401
2025-02-13 18:30:00+00:00,EICHERMOT,-0.024282129887831738
2025-02-16 18:30:00+00:00,EICHERMOT,0.008897946821801339
2025-02-17 18:30:00+00:00,EICHERMOT,-0.005437173199446477
2025-02-18 18:30:00+00:00,EICHERMOT,0.019324518537701563
2025-02-19 18:30:00+00:00,EICHERMOT,0.016172636715046984
2025-02-20 18:30:00+00:00,EICHERMOT,0.015148193046223168
2025-02-23 18:30:00+00:00,EICHERMOT,0.009743043086293701
2025-02-24 18:30:00+00:00,EICHERMOT,-0.004190901035332262
2025-02-26 18:30:00+00:00,EICHERMOT,-0.01088221008494994
2025-02-27 18:30:00+00:00,EICHERMOT,-0.03280317105237185
2025-03-02 18:30:00+00:00,EICHERMOT,0.02786164193223839
2025-03-03 18:30:00+00:00,EICHERMOT,-0.018648423280116067
2025-03-04 18:30:00+00:00,EICHERMOT,0.03597017142310088
2025-03-05 18:30:00+00:00,EICHERMOT,0.021269739313793057
2025-03-06 18:30:00+00:00,EICHERMOT,0.0012367256847671815
2025-03-09 18:30:00+00:00,EICHERMOT,-0.021595118009998693
2025-03-10 18:30:00+00:00,EICHERMOT,-0.0010019013230766483
2025-03-11 18:30:00+00:00,EICHERMOT,0.00639859868942616
2025-03-12 18:30:00+00:00,EICHERMOT,-0.00043857560815763197
2025-03-16 18:30:00+00:00,EICHERMOT,0.006978768912934141
2025-03-17 18:30:00+00:00,EICHERMOT,0.0
2025-03-18 18:30:00+00:00,EICHERMOT,0.010029168944138744
2025-03-19 18:30:00+00:00,EICHERMOT,0.02518190774290896
2025-03-20 18:30:00+00:00,EICHERMOT,0.014648026189159058
2025-03-23 18:30:00+00:00,EICHERMOT,0.022286300603300724
2025-03-24 18:30:00+00:00,EICHERMOT,0.0012997691254772459
2025-03-25 18:30:00+00:00,EICHERMOT,-0.005146247314748997
2025-03-26 18:30:00+00:00,EICHERMOT,-0.010650835792146762
2025-03-27 18:30:00+00:00,EICHERMOT,0.0003648239065414671
2025-03-31 18:30:00+00:00,EICHERMOT,-0.007573324089195421
2025-04-01 18:30:00+00:00,EICHERMOT,0.009100732850792825
2025-04-02 18:30:00+00:00,EICHERMOT,0.004416002488440318
2025-04-03 18:30:00+00:00,EICHERMOT,-0.024399748388140297
2025-04-06 18:30:00+00:00,EICHERMOT,-0.03480431233495718
2025-04-07 18:30:00+00:00,EICHERMOT,0.03279202378241486
2025-04-08 18:30:00+00:00,EICHERMOT,0.0051516253426648895
2025-04-10 18:30:00+00:00,EICHERMOT,0.01761023197022249
2025-04-14 18:30:00+00:00,EICHERMOT,0.03328413921289042
2025-04-15 18:30:00+00:00,EICHERMOT,0.015644750620971815
2025-04-16 18:30:00+00:00,EICHERMOT,0.011218999183499445
2025-04-20 18:30:00+00:00,EICHERMOT,0.023245527734669258
2025-04-21 18:30:00+00:00,EICHERMOT,-0.0045606847641275206
2025-04-22 18:30:00+00:00,EICHERMOT,-0.007607148314764167
2025-04-23 18:30:00+00:00,EICHERMOT,-0.015592359287251223
2025-04-24 18:30:00+00:00,EICHERMOT,-0.013273176260032216
2025-04-27 18:30:00+00:00,EICHERMOT,0.008340061383234953
2025-04-28 18:30:00+00:00,EICHERMOT,-0.007648547412072992
2025-04-29 18:30:00+00:00,EICHERMOT,-0.0021508865392056986
2025-05-01 18:30:00+00:00,EICHERMOT,-0.0228130385808466
2025-05-04 18:30:00+00:00,EICHERMOT,0.0037684205683552463
2025-05-05 18:30:00+00:00,EICHERMOT,0.009980748108189497
2025-05-06 18:30:00+00:00,EICHERMOT,-0.004714379845062067
2025-05-07 18:30:00+00:00,EICHERMOT,-0.021224276474815396
2025-05-08 18:30:00+00:00,EICHERMOT,-0.009027496407902125
2025-05-11 18:30:00+00:00,EICHERMOT,0.03681444967381964
2025-05-12 18:30:00+00:00,EICHERMOT,-0.0182970811585762
2025-05-13 18:30:00+00:00,EICHERMOT,0.005074730400098648
2025-05-14 18:30:00+00:00,EICHERMOT,0.0035802993720559506
2025-05-15 18:30:00+00:00,EICHERMOT,0.00795823102804305
2025-05-18 18:30:00+00:00,EICHERMOT,0.003720883549820142
2025-05-19 18:30:00+00:00,EICHERMOT,-0.02576850986917545
2025-05-20 18:30:00+00:00,EICHERMOT,0.003990685584873921
2025-05-21 18:30:00+00:00,EICHERMOT,-0.004067271699126351
2025-05-22 18:30:00+00:00,EICHERMOT,0.002413198800920391
2025-05-25 18:30:00+00:00,EICHERMOT,0.005092585977403807
2025-05-26 18:30:00+00:00,EICHERMOT,-0.007001399313876
2025-05-27 18:30:00+00:00,EICHERMOT,-0.011689357785552579
2025-05-28 18:30:00+00:00,EICHERMOT,0.009856314888009976
2025-05-29 18:30:00+00:00,EICHERMOT,-0.008458804076586168
2025-06-01 18:30:00+00:00,EICHERMOT,0.005156082334471179
2025-06-02 18:30:00+00:00,EICHERMOT,-0.001305681282018134
2025-06-03 18:30:00+00:00,EICHERMOT,-0.006443820640956499
2025-06-04 18:30:00+00:00,EICHERMOT,-0.002067805113993848
2025-06-05 18:30:00+00:00,EICHERMOT,0.016106191177699625
2025-06-08 18:30:00+00:00,EICHERMOT,-0.0005561411415611062
2025-06-09 18:30:00+00:00,EICHERMOT,-0.0025041653516143514
2025-06-10 18:30:00+00:00,EICHERMOT,-0.0047420260912610646
2025-06-11 18:30:00+00:00,EICHERMOT,-0.0068198684175262425
2025-06-12 18:30:00+00:00,EICHERMOT,0.0006584288618141088
2025-06-15 18:30:00+00:00,EICHERMOT,0.008648234668241717
2025-06-16 18:30:00+00:00,EICHERMOT,-0.004473362968295147
2025-06-17 18:30:00+00:00,EICHERMOT,0.009735930976868534
2025-06-18 18:30:00+00:00,EICHERMOT,0.018635329646499166
2025-06-19 18:30:00+00:00,EICHERMOT,0.005734030343740093
2025-06-22 18:30:00+00:00,EICHERMOT,0.004977369124841813
2025-06-23 18:30:00+00:00,EICHERMOT,0.013777621473374468
2025-06-24 18:30:00+00:00,EICHERMOT,-0.0094155637322203
2025-06-25 18:30:00+00:00,EICHERMOT,0.006366540204568727
2025-06-26 18:30:00+00:00,EICHERMOT,0.008643005707325901
2025-06-29 18:30:00+00:00,EICHERMOT,-0.0006183530974456231
2025-06-30 18:30:00+00:00,EICHERMOT,0.010430453268491346
2025-07-01 18:30:00+00:00,EICHERMOT,0.0012246972418090696
2025-07-02 18:30:00+00:00,EICHERMOT,-0.0011358154746280436
2025-07-03 18:30:00+00:00,EICHERMOT,-0.015220412373274983
2025-07-06 18:30:00+00:00,EICHERMOT,0.009504311054972847
2025-07-07 18:30:00+00:00,EICHERMOT,-0.0005279058978360229
2025-07-08 18:30:00+00:00,EICHERMOT,0.0027290560385273555
2025-07-09 18:30:00+00:00,EICHERMOT,-0.007550419652074147
2025-07-10 18:30:00+00:00,EICHERMOT,-0.0069887213985389
2025-07-13 18:30:00+00:00,EICHERMOT,-0.012828465713984771
2025-07-14 18:30:00+00:00,EICHERMOT,0.009114690390215063
2025-07-15 18:30:00+00:00,EICHERMOT,0.006349459389619172
2025-07-16 18:30:00+00:00,EICHERMOT,0.0041766698284129156
2025-07-17 18:30:00+00:00,EICHERMOT,-0.003982287792383854
2025-07-20 18:30:00+00:00,EICHERMOT,-0.01235006493465396
2025-07-21 18:30:00+00:00,EICHERMOT,-0.02132066716988168
2025-07-22 18:30:00+00:00,EICHERMOT,0.0003677200700960004
2025-07-23 18:30:00+00:00,EICHERMOT,0.0050537470208715796
2025-07-24 18:30:00+00:00,EICHERMOT,-0.006582534595974576
2025-07-27 18:30:00+00:00,EICHERMOT,-0.008650849321603316
2025-07-28 18:30:00+00:00,EICHERMOT,0.01568884259280945
2025-07-29 18:30:00+00:00,EICHERMOT,0.001919319157061894
2025-07-30 18:30:00+00:00,EICHERMOT,-0.002280578266284028
2025-07-31 18:30:00+00:00,EICHERMOT,0.023988144855052296
2025-08-03 18:30:00+00:00,EICHERMOT,0.016823444283646793
2025-08-04 18:30:00+00:00,EICHERMOT,0.010674257249599695
2025-08-05 18:30:00+00:00,EICHERMOT,-0.0022883295194507935
2025-08-06 18:30:00+00:00,EICHERMOT,0.0023817925194071776
2025-08-07 18:30:00+00:00,EICHERMOT,-0.0032561823462113892
2025-08-10 18:30:00+00:00,EICHERMOT,0.0015009712166695888
2025-08-11 18:30:00+00:00,EICHERMOT,-0.002380322665961332
2025-08-12 18:30:00+00:00,EICHERMOT,0.009985860728172424
2025-08-13 18:30:00+00:00,EICHERMOT,0.008662175168431263
2025-08-17 18:30:00+00:00,EICHERMOT,0.025676613462872977
2025-08-18 18:30:00+00:00,EICHERMOT,0.004482408660351878
2025-08-19 18:30:00+00:00,EICHERMOT,-0.00016839269175716876
2025-08-20 18:30:00+00:00,EICHERMOT,0.006315789473684275
2025-08-21 18:30:00+00:00,EICHERMOT,-0.008451882845188274
2025-08-24 18:30:00+00:00,EICHERMOT,0.011140180605958339
2025-08-25 18:30:00+00:00,EICHERMOT,0.02679242133377846
2025-08-27 18:30:00+00:00,EICHERMOT,-0.0029263534384652568
2025-08-28 18:30:00+00:00,EICHERMOT,-0.004891570194032302
2025-08-31 18:30:00+00:00,EICHERMOT,0.029002130099950785
2025-09-01 18:30:00+00:00,EICHERMOT,0.01098726114649673
2025-09-02 18:30:00+00:00,EICHERMOT,0.0035438651756181105
2025-09-03 18:30:00+00:00,EICHERMOT,0.008396766852389437
2025-09-04 18:30:00+00:00,EICHERMOT,0.024202334630350153
2025-09-07 18:30:00+00:00,EICHERMOT,0.03563559000075989
2025-09-08 18:30:00+00:00,EICHERMOT,0.008730741012472398
2025-09-09 18:30:00+00:00,EICHERMOT,-0.005527674739981059
2025-09-10 18:30:00+00:00,EICHERMOT,-0.011482483727053294
2025-09-11 18:30:00+00:00,EICHERMOT,0.01731281444214261
2025-09-14 18:30:00+00:00,EICHERMOT,-0.010763636363636309
2025-09-15 18:30:00+00:00,EICHERMOT,0.018600205852080665
2025-09-16 18:30:00+00:00,EICHERMOT,-0.0053410321183687826
2025-09-17 18:30:00+00:00,EICHERMOT,0.004934329874464849
2025-09-18 18:30:00+00:00,EICHERMOT,0.007076323200231105
2025-09-21 18:30:00+00:00,EICHERMOT,-0.003943500394349986
2025-09-22 18:30:00+00:00,EICHERMOT,0.006406564929455794
2025-09-23 18:30:00+00:00,EICHERMOT,0.0030040769615906626
2025-09-24 18:30:00+00:00,EICHERMOT,-0.003636882264850594
2025-09-25 18:30:00+00:00,EICHERMOT,0.008731749212711026
2025-09-28 18:30:00+00:00,EICHERMOT,-0.008798070100752065
2025-09-29 18:30:00+00:00,EICHERMOT,0.002934860415175322
2025-09-30 18:30:00+00:00,EICHERMOT,0.0022839197773179
2025-10-02 18:30:00+00:00,EICHERMOT,-0.01146478672648299
2025-10-05 18:30:00+00:00,EICHERMOT,-0.008788359026076886
2025-10-06 18:30:00+00:00,EICHERMOT,0.011191860465116221
2025-10-07 18:30:00+00:00,EICHERMOT,-0.00783383642374591
2025-10-08 18:30:00+00:00,EICHERMOT,-0.0008692502716407535
2025-10-09 18:30:00+00:00,EICHERMOT,0.009932574494308621
2025-10-12 18:30:00+00:00,EICHERMOT,-0.007609475951184441
2025-10-13 18:30:00+00:00,EICHERMOT,-0.00361689814814814
2025-10-14 18:30:00+00:00,EICHERMOT,0.0011616088282271342
2025-10-15 18:30:00+00:00,EICHERMOT,0.013488034807831673
2025-10-16 18:30:00+00:00,EICHERMOT,0.007799084144247237
2025-10-19 18:30:00+00:00,EICHERMOT,-0.004117855875044318
2025-10-20 18:30:00+00:00,EICHERMOT,0.0007129108148571373
2025-10-22 18:30:00+00:00,EICHERMOT,-0.019092398660682464
2025-10-23 18:30:00+00:00,EICHERMOT,-0.006463795482605894
2025-10-26 18:30:00+00:00,EICHERMOT,0.009722222222222188
2025-10-27 18:30:00+00:00,EICHERMOT,0.013899949323101346
2025-10-28 18:30:00+00:00,EICHERMOT,-0.007211710103534497
2025-10-29 18:30:00+00:00,EICHERMOT,-0.009062140391254303
2025-10-30 18:30:00+00:00,EICHERMOT,0.01712875598780661
2025-11-02 18:30:00+00:00,EICHERMOT,0.0023547880690737433
2025-11-03 18:30:00+00:00,EICHERMOT,-0.013312451057165275
2025-11-05 18:30:00+00:00,EICHERMOT,-0.01782106782106785
2025-11-06 18:30:00+00:00,EICHERMOT,0.011680011753470998
2025-11-09 18:30:00+00:00,EICHERMOT,-0.002831832704037196
2025-11-10 18:30:00+00:00,EICHERMOT,0.0009466249180805075
2025-11-11 18:30:00+00:00,EICHERMOT,0.0008729812309036244
2025-11-12 18:30:00+00:00,EICHERMOT,-0.0034888791975578037
2025-11-13 18:30:00+00:00,EICHERMOT,-0.02334062727935815
2025-11-16 18:30:00+00:00,EICHERMOT,0.01553398058252431
2025-11-17 18:30:00+00:00,EICHERMOT,0.002279747021620926
2025-11-18 18:30:00+00:00,EICHERMOT,0.01203316457553738
2025-11-19 18:30:00+00:00,EICHERMOT,0.033205249039367724
2025-11-20 18:30:00+00:00,EICHERMOT,0.0012630692582975556
2025-11-23 18:30:00+00:00,EICHERMOT,0.017380334991940583
2025-11-24 18:30:00+00:00,EICHERMOT,-0.005510780464283216
2025-11-25 18:30:00+00:00,EICHERMOT,-0.002770658724111641
2025-11-26 18:30:00+00:00,EICHERMOT,-0.027714107105647035
2025-11-27 18:30:00+00:00,EICHERMOT,0.0077868266895271265
2025-11-30 18:30:00+00:00,EICHERMOT,0.010207698305805701
2025-12-01 18:30:00+00:00,EICHERMOT,-0.0018244333730966789
2025-12-02 18:30:00+00:00,EICHERMOT,-0.004358523725834784
2025-12-03 18:30:00+00:00,EICHERMOT,0.002612440867048038
2025-12-04 18:30:00+00:00,EICHERMOT,0.015211267605633738
2025-12-07 18:30:00+00:00,EICHERMOT,-0.009156492785793557
2025-12-08 18:30:00+00:00,EICHERMOT,-0.0026603192383085617
2025-12-09 18:30:00+00:00,EICHERMOT,0.014811175066685278
2025-12-10 18:30:00+00:00,EICHERMOT,0.0038043854188283266
2025-12-11 18:30:00+00:00,EICHERMOT,-0.0037210584343990716
2025-12-14 18:30:00+00:00,EICHERMOT,-0.014870659842301848
2025-12-15 18:30:00+00:00,EICHERMOT,-0.008425191322052883
2025-12-16 18:30:00+00:00,EICHERMOT,0.010337746937619574
2025-12-17 18:30:00+00:00,EICHERMOT,-0.003924591772373698
2025-12-18 18:30:00+00:00,EICHERMOT,0.015549145148807453
2025-12-21 18:30:00+00:00,EICHERMOT,0.010322848829153353
2025-12-22 18:30:00+00:00,EICHERMOT,0.0015771789069465303
2025-12-23 18:30:00+00:00,EICHERMOT,0.0013008352731753714
2025-12-25 18:30:00+00:00,EICHERMOT,0.001572649572649576
2025-12-28 18:30:00+00:00,EICHERMOT,-0.007099945385035444
2025-12-29 18:30:00+00:00,EICHERMOT,-0.01093234323432346
2025-12-30 18:30:00+00:00,EICHERMOT,0.016684045881126153
2025-12-31 18:30:00+00:00,EICHERMOT,0.004854700854700855
2026-01-01 18:30:00+00:00,EICHERMOT,-0.0018372346216657398
2026-01-04 18:30:00+00:00,EICHERMOT,0.020178607948735383
2026-01-05 18:30:00+00:00,EICHERMOT,0.005345806882726345
2026-01-06 18:30:00+00:00,EICHERMOT,0.007976071784645988
2026-01-07 18:30:00+00:00,EICHERMOT,-0.004154302670623111
2026-01-08 18:30:00+00:00,EICHERMOT,-0.005827042775791269
2026-01-11 18:30:00+00:00,EICHERMOT,-0.009457839349940045
2026-01-12 18:30:00+00:00,EICHERMOT,-0.004303388918773576
2026-01-13 18:30:00+00:00,EICHERMOT,-0.006212857914640768
2026-01-14 18:30:00+00:00,EICHERMOT,0.0
2026-01-15 18:30:00+00:00,EICHERMOT,-0.005843979342212591
2026-01-18 18:30:00+00:00,EICHERMOT,0.0011619958988380308
2026-01-19 18:30:00+00:00,EICHERMOT,-0.020482009967911496
2026-01-20 18:30:00+00:00,EICHERMOT,-0.004669965846518465
2026-01-21 18:30:00+00:00,EICHERMOT,-0.012745098039215641
2026-01-22 18:30:00+00:00,EICHERMOT,-0.010781671159029615
2026-01-26 18:30:00+00:00,EICHERMOT,0.027463071848558673
2026-01-27 18:30:00+00:00,EICHERMOT,-0.013050457114941683
2026-01-28 18:30:00+00:00,EICHERMOT,-0.002050629331070586
2026-01-29 18:30:00+00:00,EICHERMOT,0.009353078721745955
2026-02-01 18:30:00+00:00,EICHERMOT,-0.01923481923481929
2026-02-02 18:30:00+00:00,EICHERMOT,0.03285376852050681
2026-02-03 18:30:00+00:00,EICHERMOT,0.008662508662508728
2026-02-04 18:30:00+00:00,EICHERMOT,-0.009343868086568174
2026-02-05 18:30:00+00:00,EICHERMOT,-0.004438587974200714
2025-01-01 18:30:00+00:00,ETERNAL,0.02929477795123181
2025-01-02 18:30:00+00:00,ETERNAL,-0.04128601457487757
2025-01-05 18:30:00+00:00,ETERNAL,-0.029320138614784996
2025-01-06 18:30:00+00:00,ETERNAL,-0.04681898761379277
2025-01-07 18:30:00+00:00,ETERNAL,-0.00950680897404177
2025-01-08 18:30:00+00:00,ETERNAL,-0.0187962283178591
2025-01-09 18:30:00+00:00,ETERNAL,-0.0097819812332135
2025-01-12 18:30:00+00:00,ETERNAL,-0.06503397098261254
2025-01-13 18:30:00+00:00,ETERNAL,0.028395387983019438
2025-01-14 18:30:00+00:00,ETERNAL,0.04409241234524863
2025-01-15 18:30:00+00:00,ETERNAL,-0.008200082206024306
2025-01-16 18:30:00+00:00,ETERNAL,0.02852422211397876
2025-01-19 18:30:00+00:00,ETERNAL,-0.03637460989047958
2025-01-20 18:30:00+00:00,ETERNAL,-0.10510947632217804
2025-01-21 18:30:00+00:00,ETERNAL,0.008855716007731829
2025-01-22 18:30:00+00:00,ETERNAL,0.025410025768284772
2025-01-23 18:30:00+00:00,ETERNAL,-0.028610006452072123
2025-01-26 18:30:00+00:00,ETERNAL,-0.04359929911486271
2025-01-27 18:30:00+00:00,ETERNAL,0.009699321191076526
2025-01-28 18:30:00+00:00,ETERNAL,0.06868397339752486
2025-01-29 18:30:00+00:00,ETERNAL,-0.016629199767380642
2025-01-30 18:30:00+00:00,ETERNAL,0.007084108912883025
2025-01-31 18:30:00+00:00,ETERNAL,0.07247561052120322
2025-02-02 18:30:00+00:00,ETERNAL,0.00795527067432844
2025-02-03 18:30:00+00:00,ETERNAL,-0.015365254865660871
2025-02-04 18:30:00+00:00,ETERNAL,-0.014581727069348904
2025-02-05 18:30:00+00:00,ETERNAL,-0.008956352151098468
2025-02-06 18:30:00+00:00,ETERNAL,0.021174375813610702
2025-02-09 18:30:00+00:00,ETERNAL,-0.028430928046229265
2025-02-10 18:30:00+00:00,ETERNAL,-0.05192520594832917
2025-02-11 18:30:00+00:00,ETERNAL,-0.0034810861481709976
2025-02-12 18:30:00+00:00,ETERNAL,0.014764779757819424
2025-02-13 18:30:00+00:00,ETERNAL,-0.008628951513090177
2025-02-16 18:30:00+00:00,ETERNAL,0.011759772311377592
2025-02-17 18:30:00+00:00,ETERNAL,0.021873421525638426
2025-02-18 18:30:00+00:00,ETERNAL,0.048318519828431494
2025-02-19 18:30:00+00:00,ETERNAL,-0.000726242730891502
2025-02-20 18:30:00+00:00,ETERNAL,-0.015260942064737937
2025-02-23 18:30:00+00:00,ETERNAL,-0.03329570302406348
2025-02-24 18:30:00+00:00,ETERNAL,0.013202220167831014
2025-02-26 18:30:00+00:00,ETERNAL,0.015113186763840991
2025-02-27 18:30:00+00:00,ETERNAL,-0.03030032913923153
2025-03-02 18:30:00+00:00,ETERNAL,0.00018006882050336515
2025-03-03 18:30:00+00:00,ETERNAL,0.024624116483895397
2025-03-04 18:30:00+00:00,ETERNAL,-0.0025921371482297006
2025-03-05 18:30:00+00:00,ETERNAL,-0.007003839162875614
2025-03-06 18:30:00+00:00,ETERNAL,-0.03814927527010692
2025-03-09 18:30:00+00:00,ETERNAL,-0.02559610296033732
2025-03-10 18:30:00+00:00,ETERNAL,-0.01519306831514744
2025-03-11 18:30:00+00:00,ETERNAL,-0.012543857925109814
2025-03-12 18:30:00+00:00,ETERNAL,-0.01961459119242759
2025-03-16 18:30:00+00:00,ETERNAL,0.011219827472578325
2025-03-17 18:30:00+00:00,ETERNAL,0.07118660624578799
2025-03-18 18:30:00+00:00,ETERNAL,0.024474065164028946
2025-03-19 18:30:00+00:00,ETERNAL,0.004205263036458851
2025-03-20 18:30:00+00:00,ETERNAL,0.013587575333770197
2025-03-23 18:30:00+00:00,ETERNAL,-0.02074543394896733
2025-03-24 18:30:00+00:00,ETERNAL,-0.05830343498759494
2025-03-25 18:30:00+00:00,ETERNAL,-0.03107575591406242
2025-03-26 18:30:00+00:00,ETERNAL,0.014708080042855842
2025-03-27 18:30:00+00:00,ETERNAL,-0.022202840111294142
2025-03-31 18:30:00+00:00,ETERNAL,0.0015369239627374132
2025-04-01 18:30:00+00:00,ETERNAL,0.049601527374536936
2025-04-02 18:30:00+00:00,ETERNAL,-0.005329457573542196
2025-04-03 18:30:00+00:00,ETERNAL,-0.0017543628634201225
2025-04-06 18:30:00+00:00,ETERNAL,-0.004274896222404179
2025-04-07 18:30:00+00:00,ETERNAL,0.026522909073545486
2025-04-08 18:30:00+00:00,ETERNAL,-0.017658827123218757
2025-04-10 18:30:00+00:00,ETERNAL,0.027484732368461717
2025-04-14 18:30:00+00:00,ETERNAL,0.02315837407905441
2025-04-15 18:30:00+00:00,ETERNAL,-0.0006749489239438189
2025-04-16 18:30:00+00:00,ETERNAL,0.04286745404344505
2025-04-20 18:30:00+00:00,ETERNAL,0.011398960794795965
2025-04-21 18:30:00+00:00,ETERNAL,0.01378925739323944
2025-04-22 18:30:00+00:00,ETERNAL,0.007453591036182816
2025-04-23 18:30:00+00:00,ETERNAL,-0.011954524931798272
2025-04-24 18:30:00+00:00,ETERNAL,-0.03202473630530511
2025-04-27 18:30:00+00:00,ETERNAL,-0.006992661430000546
2025-04-28 18:30:00+00:00,ETERNAL,0.017164710097455238
2025-04-29 18:30:00+00:00,ETERNAL,0.006101006699777312
2025-05-01 18:30:00+00:00,ETERNAL,0.007612201019908227
2025-05-04 18:30:00+00:00,ETERNAL,0.02394468722998444
2025-05-05 18:30:00+00:00,ETERNAL,-0.030262587292805954
2025-05-06 18:30:00+00:00,ETERNAL,0.01831153076862302
2025-05-07 18:30:00+00:00,ETERNAL,-0.029928225076226722
2025-05-08 18:30:00+00:00,ETERNAL,-0.011618285528524508
2025-05-11 18:30:00+00:00,ETERNAL,0.05441578164816563
2025-05-12 18:30:00+00:00,ETERNAL,-0.032776643438478525
2025-05-13 18:30:00+00:00,ETERNAL,0.022490856253574165
2025-05-14 18:30:00+00:00,ETERNAL,0.024191487430438974
2025-05-15 18:30:00+00:00,ETERNAL,0.013067307872538958
2025-05-18 18:30:00+00:00,ETERNAL,-0.03145343383918453
2025-05-19 18:30:00+00:00,ETERNAL,-0.04096122358526866
2025-05-20 18:30:00+00:00,ETERNAL,0.007403199800435356
2025-05-21 18:30:00+00:00,ETERNAL,-0.004130960313082355
2025-05-22 18:30:00+00:00,ETERNAL,0.037245649376326684
2025-05-25 18:30:00+00:00,ETERNAL,-0.04525363023320095
2025-05-26 18:30:00+00:00,ETERNAL,-0.008862476801494101
2025-05-27 18:30:00+00:00,ETERNAL,-0.002713646641623879
2025-05-28 18:30:00+00:00,ETERNAL,0.018690349622171754
2025-05-29 18:30:00+00:00,ETERNAL,0.043525868782829935
2025-06-01 18:30:00+00:00,ETERNAL,0.012127058953697256
2025-06-02 18:30:00+00:00,ETERNAL,-0.01451077961974867
2025-06-03 18:30:00+00:00,ETERNAL,0.03357171152710059
2025-06-04 18:30:00+00:00,ETERNAL,0.04428527029944429
2025-06-05 18:30:00+00:00,ETERNAL,0.020657888382456857
2025-06-08 18:30:00+00:00,ETERNAL,-0.019170508265828556
2025-06-09 18:30:00+00:00,ETERNAL,-0.004516444785271356
2025-06-10 18:30:00+00:00,ETERNAL,0.005436540551689184
2025-06-11 18:30:00+00:00,ETERNAL,-0.02143388807966151
2025-06-12 18:30:00+00:00,ETERNAL,-0.00985846617748265
2025-06-15 18:30:00+00:00,ETERNAL,0.012325325368802709
2025-06-16 18:30:00+00:00,ETERNAL,-0.019432853520099602
2025-06-17 18:30:00+00:00,ETERNAL,0.004691622495891945
2025-06-18 18:30:00+00:00,ETERNAL,0.004065836689128854
2025-06-19 18:30:00+00:00,ETERNAL,0.01567638397407456
2025-06-22 18:30:00+00:00,ETERNAL,0.005171110998007267
2025-06-23 18:30:00+00:00,ETERNAL,0.0016886896622723135
2025-06-24 18:30:00+00:00,ETERNAL,0.014858579678191264
2025-06-25 18:30:00+00:00,ETERNAL,0.024414771234864352
2025-06-26 18:30:00+00:00,ETERNAL,-0.012519825838738563
2025-06-29 18:30:00+00:00,ETERNAL,0.008745164106869652
2025-06-30 18:30:00+00:00,ETERNAL,-0.011925019758731503
2025-07-01 18:30:00+00:00,ETERNAL,-0.004789272030651381
2025-07-02 18:30:00+00:00,ETERNAL,0.00423486469110923
2025-07-03 18:30:00+00:00,ETERNAL,0.0021084446237293886
2025-07-06 18:30:00+00:00,ETERNAL,-0.010902854514389326
2025-07-07 18:30:00+00:00,ETERNAL,0.019145281147701754
2025-07-08 18:30:00+00:00,ETERNAL,0.003984773407851083
2025-07-09 18:30:00+00:00,ETERNAL,-0.006425937508579671
2025-07-10 18:30:00+00:00,ETERNAL,0.0019022255597860305
2025-07-13 18:30:00+00:00,ETERNAL,0.027529902532640316
2025-07-14 18:30:00+00:00,ETERNAL,-0.015336266825126454
2025-07-15 18:30:00+00:00,ETERNAL,-0.01538752454749348
2025-07-16 18:30:00+00:00,ETERNAL,-0.01029164148738726
2025-07-17 18:30:00+00:00,ETERNAL,-0.009435708634870532
2025-07-20 18:30:00+00:00,ETERNAL,0.056376358133017224
2025-07-21 18:30:00+00:00,ETERNAL,0.10342279839327251
2025-07-22 18:30:00+00:00,ETERNAL,0.007505003641140151
2025-07-23 18:30:00+00:00,ETERNAL,0.03674890432746447
2025-07-24 18:30:00+00:00,ETERNAL,-0.008302749973468249
2025-07-27 18:30:00+00:00,ETERNAL,-0.010465303905169199
2025-07-28 18:30:00+00:00,ETERNAL,-0.002440611876969201
2025-07-29 18:30:00+00:00,ETERNAL,-0.010112463576514963
2025-07-30 18:30:00+00:00,ETERNAL,0.014335064791395347
2025-07-31 18:30:00+00:00,ETERNAL,-0.009908992572865927
2025-08-03 18:30:00+00:00,ETERNAL,0.001640689089417613
2025-08-04 18:30:00+00:00,ETERNAL,-0.010155630150747386
2025-08-05 18:30:00+00:00,ETERNAL,-0.010921687438786853
2025-08-06 18:30:00+00:00,ETERNAL,0.009703844193598155
2025-08-07 18:30:00+00:00,ETERNAL,-0.0028169216355116156
2025-08-10 18:30:00+00:00,ETERNAL,0.02824858814362141
2025-08-11 18:30:00+00:00,ETERNAL,-0.01131221741772559
2025-08-12 18:30:00+00:00,ETERNAL,0.021085362326662693
2025-08-13 18:30:00+00:00,ETERNAL,0.019369257802939632
2025-08-17 18:30:00+00:00,ETERNAL,-0.010992462522275925
2025-08-18 18:30:00+00:00,ETERNAL,0.020800312599243975
2025-08-19 18:30:00+00:00,ETERNAL,0.01586553240711286
2025-08-20 18:30:00+00:00,ETERNAL,-0.014546011874333575
2025-08-21 18:30:00+00:00,ETERNAL,-0.008390247954857544
2025-08-24 18:30:00+00:00,ETERNAL,0.0004700529414458643
2025-08-25 18:30:00+00:00,ETERNAL,-0.004228680042335564
2025-08-27 18:30:00+00:00,ETERNAL,-0.007549524827187848
2025-08-28 18:30:00+00:00,ETERNAL,-0.00491279807597067
2025-08-31 18:30:00+00:00,ETERNAL,0.022774306795597
2025-09-01 18:30:00+00:00,ETERNAL,0.004048544902704343
2025-09-02 18:30:00+00:00,ETERNAL,0.011476464879274229
2025-09-03 18:30:00+00:00,ETERNAL,0.00045996287542782177
2025-09-04 18:30:00+00:00,ETERNAL,0.008888870180794983
2025-09-07 18:30:00+00:00,ETERNAL,0.0015190642845863689
2025-09-08 18:30:00+00:00,ETERNAL,-0.011982350258114893
2025-09-09 18:30:00+00:00,ETERNAL,-0.00399145920117594
2025-09-10 18:30:00+00:00,ETERNAL,0.011405709854026336
2025-09-11 18:30:00+00:00,ETERNAL,-0.02042064029988888
2025-09-14 18:30:00+00:00,ETERNAL,0.005911617711779726
2025-09-15 18:30:00+00:00,ETERNAL,0.012372409993907763
2025-09-16 18:30:00+00:00,ETERNAL,0.0029025733041951884
2025-09-17 18:30:00+00:00,ETERNAL,0.029246020117336347
2025-09-18 18:30:00+00:00,ETERNAL,-0.0038479156047389607
2025-09-21 18:30:00+00:00,ETERNAL,0.01574808647387993
2025-09-22 18:30:00+00:00,ETERNAL,-0.01023840847596813
2025-09-23 18:30:00+00:00,ETERNAL,-0.0075366285342011174
2025-09-24 18:30:00+00:00,ETERNAL,-0.010571732942281753
2025-09-25 18:30:00+00:00,ETERNAL,-0.033860045146726914
2025-09-28 18:30:00+00:00,ETERNAL,0.0119937884844723
2025-09-29 18:30:00+00:00,ETERNAL,0.0020009046768409977
2025-09-30 18:30:00+00:00,ETERNAL,0.010752688172043001
2025-10-02 18:30:00+00:00,ETERNAL,-0.0016716954193578548
2025-10-05 18:30:00+00:00,ETERNAL,0.02024659354341174
2025-10-06 18:30:00+00:00,ETERNAL,0.00820650537126677
2025-10-07 18:30:00+00:00,ETERNAL,0.011247558751869446
2025-10-08 18:30:00+00:00,ETERNAL,0.01126886044869102
2025-10-09 18:30:00+00:00,ETERNAL,0.008104161484714156
2025-10-12 18:30:00+00:00,ETERNAL,0.00014360698334736632
2025-10-13 18:30:00+00:00,ETERNAL,-0.0017224231175622107
2025-10-14 18:30:00+00:00,ETERNAL,0.018979169240878946
2025-10-15 18:30:00+00:00,ETERNAL,-0.018343445429774174
2025-10-16 18:30:00+00:00,ETERNAL,-0.014949007088658206
2025-10-19 18:30:00+00:00,ETERNAL,-0.013132934715181843
2025-10-20 18:30:00+00:00,ETERNAL,-0.00014782727745388247
2025-10-22 18:30:00+00:00,ETERNAL,-0.028837621484735676
2025-10-23 18:30:00+00:00,ETERNAL,-0.005329678597442489
2025-10-26 18:30:00+00:00,ETERNAL,0.021739148716565904
2025-10-27 18:30:00+00:00,ETERNAL,0.002697014874323722
2025-10-28 18:30:00+00:00,ETERNAL,-0.012402850629956275
2025-10-29 18:30:00+00:00,ETERNAL,-0.0033288124160408827
2025-10-30 18:30:00+00:00,ETERNAL,-0.03522090751038187
2025-11-02 18:30:00+00:00,ETERNAL,0.015263591199105031
2025-11-03 18:30:00+00:00,ETERNAL,-0.028208325887618346
2025-11-05 18:30:00+00:00,ETERNAL,-0.02503989187724287
2025-11-06 18:30:00+00:00,ETERNAL,0.0014723121741126999
2025-11-09 18:30:00+00:00,ETERNAL,-0.015191093772509934
2025-11-10 18:30:00+00:00,ETERNAL,0.014430172200324831
2025-11-11 18:30:00+00:00,ETERNAL,0.009810333942953164
2025-11-12 18:30:00+00:00,ETERNAL,-0.035783640640481784
2025-11-13 18:30:00+00:00,ETERNAL,0.02015113350125941
2025-11-16 18:30:00+00:00,ETERNAL,0.019094610018004055
2025-11-17 18:30:00+00:00,ETERNAL,-0.010983666711556594
2025-11-18 18:30:00+00:00,ETERNAL,0.0014699076139239597
2025-11-19 18:30:00+00:00,ETERNAL,0.0009784337475435834
2025-11-20 18:30:00+00:00,ETERNAL,-0.0161289729159223
2025-11-23 18:30:00+00:00,ETERNAL,-0.003146256561102123
2025-11-24 18:30:00+00:00,ETERNAL,0.004318896322155208
2025-11-25 18:30:00+00:00,ETERNAL,0.01505133474786291
2025-11-26 18:30:00+00:00,ETERNAL,-0.013361596943010978
2025-11-27 18:30:00+00:00,ETERNAL,-0.008753076454118491
2025-11-30 18:30:00+00:00,ETERNAL,0.004665091196304205
2025-12-01 18:30:00+00:00,ETERNAL,-0.0031509525938018257
2025-12-02 18:30:00+00:00,ETERNAL,-0.009316213297927312
2025-12-03 18:30:00+00:00,ETERNAL,-0.0067170445004197665
2025-12-04 18:30:00+00:00,ETERNAL,-0.01132715504147297
2025-12-07 18:30:00+00:00,ETERNAL,-0.024452784014132423
2025-12-08 18:30:00+00:00,ETERNAL,0.022611786878286688
2025-12-09 18:30:00+00:00,ETERNAL,-0.028968158565018998
2025-12-10 18:30:00+00:00,ETERNAL,0.027184509115732558
2025-12-11 18:30:00+00:00,ETERNAL,0.024402733418293687
2025-12-14 18:30:00+00:00,ETERNAL,0.0013421386695051662
2025-12-15 18:30:00+00:00,ETERNAL,-0.04690902806962649
2025-12-16 18:30:00+00:00,ETERNAL,0.0
2025-12-17 18:30:00+00:00,ETERNAL,0.0010546239412723146
2025-12-18 18:30:00+00:00,ETERNAL,0.004565365383560227
2025-12-21 18:30:00+00:00,ETERNAL,0.002272415458143495
2025-12-22 18:30:00+00:00,ETERNAL,-0.008196742251334932
2025-12-23 18:30:00+00:00,ETERNAL,0.0017583963047920204
2025-12-25 18:30:00+00:00,ETERNAL,-0.010882942029459053
2025-12-28 18:30:00+00:00,ETERNAL,0.003904192026674691
2025-12-29 18:30:00+00:00,ETERNAL,-0.02032879574305424
2025-12-30 18:30:00+00:00,ETERNAL,0.003428299056400075
2025-12-31 18:30:00+00:00,ETERNAL,0.020679734768703995
2026-01-01 18:30:00+00:00,ETERNAL,0.0012332844206144333
2026-01-04 18:30:00+00:00,ETERNAL,-0.008270301439357919
2026-01-05 18:30:00+00:00,ETERNAL,-0.009758694532025158
2026-01-06 18:30:00+00:00,ETERNAL,0.006808903412216516
2026-01-07 18:30:00+00:00,ETERNAL,0.009254228414204757
2026-01-08 18:30:00+00:00,ETERNAL,0.0028214365896253035
2026-01-11 18:30:00+00:00,ETERNAL,0.003165091883826854
2026-01-12 18:30:00+00:00,ETERNAL,0.032602937048093805
2026-01-13 18:30:00+00:00,ETERNAL,0.015956585984769234
2026-01-15 18:30:00+00:00,ETERNAL,-0.03859645043598581
2026-01-18 18:30:00+00:00,ETERNAL,-0.022071622641941735
2026-01-19 18:30:00+00:00,ETERNAL,-0.041762927830457874
2026-01-20 18:30:00+00:00,ETERNAL,0.05155783969510486
2026-01-21 18:30:00+00:00,ETERNAL,-0.02680778167024911
2026-01-22 18:30:00+00:00,ETERNAL,-0.06234136306616389
2026-01-26 18:30:00+00:00,ETERNAL,-0.018747606782617
2026-01-27 18:30:00+00:00,ETERNAL,0.04904463813318283
2026-01-28 18:30:00+00:00,ETERNAL,0.033984298630845844
2026-01-29 18:30:00+00:00,ETERNAL,-0.006355547344139567
2026-02-01 18:30:00+00:00,ETERNAL,-0.00347226676110457
2026-02-02 18:30:00+00:00,ETERNAL,0.026224075028584037
2026-02-03 18:30:00+00:00,ETERNAL,0.05128665736087723
2026-02-04 18:30:00+00:00,ETERNAL,-0.02481722911589701
2026-02-05 18:30:00+00:00,ETERNAL,-0.011504334113055625
2025-01-01 18:30:00+00:00,GRASIM,0.04168453852088172
2025-01-02 18:30:00+00:00,GRASIM,-0.013345373112764625
2025-01-05 18:30:00+00:00,GRASIM,-0.019701094185252455
2025-01-06 18:30:00+00:00,GRASIM,0.0027228956959566286
2025-01-07 18:30:00+00:00,GRASIM,-0.012767217659033547
2025-01-08 18:30:00+00:00,GRASIM,-0.010407547982178245
2025-01-09 18:30:00+00:00,GRASIM,-0.019208287876687047
2025-01-12 18:30:00+00:00,GRASIM,-0.0321265314684851
2025-01-13 18:30:00+00:00,GRASIM,0.009811538321091051
2025-01-14 18:30:00+00:00,GRASIM,0.0030078747271713446
2025-01-15 18:30:00+00:00,GRASIM,0.014303766499567994
2025-01-16 18:30:00+00:00,GRASIM,0.010699044474281605
2025-01-19 18:30:00+00:00,GRASIM,0.011006569680996003
2025-01-20 18:30:00+00:00,GRASIM,-0.014363051213968525
2025-01-21 18:30:00+00:00,GRASIM,0.00872219596277457
2025-01-22 18:30:00+00:00,GRASIM,0.030567677972783036
2025-01-23 18:30:00+00:00,GRASIM,0.01202688362221438
2025-01-26 18:30:00+00:00,GRASIM,-0.013128505057435014
2025-01-27 18:30:00+00:00,GRASIM,-0.01901914734122301
2025-01-28 18:30:00+00:00,GRASIM,0.017563052757648023
2025-01-29 18:30:00+00:00,GRASIM,0.015507520580259726
2025-01-30 18:30:00+00:00,GRASIM,0.006882970908672625
2025-01-31 18:30:00+00:00,GRASIM,-0.027143951417926138
2025-02-02 18:30:00+00:00,GRASIM,0.013479367088455207
2025-02-03 18:30:00+00:00,GRASIM,0.004467108355385552
2025-02-04 18:30:00+00:00,GRASIM,0.0021330431158721463
2025-02-05 18:30:00+00:00,GRASIM,0.0036145187713687577
2025-02-06 18:30:00+00:00,GRASIM,-0.004561809851607146
2025-02-09 18:30:00+00:00,GRASIM,-0.005768656059260802
2025-02-10 18:30:00+00:00,GRASIM,0.007358739048752394
2025-02-11 18:30:00+00:00,GRASIM,-0.0026089718813649965
2025-02-12 18:30:00+00:00,GRASIM,0.002072580856685269
2025-02-13 18:30:00+00:00,GRASIM,-0.02361352508309733
2025-02-16 18:30:00+00:00,GRASIM,0.013387944520886874
2025-02-17 18:30:00+00:00,GRASIM,-0.00026393907084898416
2025-02-18 18:30:00+00:00,GRASIM,0.0
2025-02-19 18:30:00+00:00,GRASIM,-0.0038567759477879937
2025-02-20 18:30:00+00:00,GRASIM,-0.009230845125078768
2025-02-23 18:30:00+00:00,GRASIM,-0.015363822910049119
2025-02-24 18:30:00+00:00,GRASIM,-0.00601572905143255
2025-02-26 18:30:00+00:00,GRASIM,-0.016538539687129816
2025-02-27 18:30:00+00:00,GRASIM,-0.014231135130493677
2025-03-02 18:30:00+00:00,GRASIM,0.030693901033717275
2025-03-03 18:30:00+00:00,GRASIM,0.007234658917925962
2025-03-04 18:30:00+00:00,GRASIM,-0.0012527455930839704
2025-03-05 18:30:00+00:00,GRASIM,0.0008362112887294604
2025-03-06 18:30:00+00:00,GRASIM,0.005681731519554978
2025-03-09 18:30:00+00:00,GRASIM,-0.0096791067344153
2025-03-10 18:30:00+00:00,GRASIM,0.012416352888285687
2025-03-11 18:30:00+00:00,GRASIM,-0.006069907334649849
2025-03-12 18:30:00+00:00,GRASIM,-0.011963806138721944
2025-03-16 18:30:00+00:00,GRASIM,0.012298579056460479
2025-03-17 18:30:00+00:00,GRASIM,0.0
2025-03-18 18:30:00+00:00,GRASIM,0.02452738509225183
2025-03-19 18:30:00+00:00,GRASIM,0.004047729476746698
2025-03-20 18:30:00+00:00,GRASIM,0.0005064083338868208
2025-03-23 18:30:00+00:00,GRASIM,0.017737150228219978
2025-03-24 18:30:00+00:00,GRASIM,0.02238183519056469
2025-03-25 18:30:00+00:00,GRASIM,0.004728636928875041
2025-03-26 18:30:00+00:00,GRASIM,0.014370952056709685
2025-03-27 18:30:00+00:00,GRASIM,-0.0028831370866981842
2025-03-31 18:30:00+00:00,GRASIM,0.0030063330337979366
2025-04-01 18:30:00+00:00,GRASIM,-0.0009545736878401323
2025-04-02 18:30:00+00:00,GRASIM,0.013529539896564469
2025-04-03 18:30:00+00:00,GRASIM,-0.013198142331045104
2025-04-06 18:30:00+00:00,GRASIM,-0.04119365503835681
2025-04-07 18:30:00+00:00,GRASIM,0.03226252519159378
2025-04-08 18:30:00+00:00,GRASIM,-0.012470776864282773
2025-04-10 18:30:00+00:00,GRASIM,0.03655548254641361
2025-04-14 18:30:00+00:00,GRASIM,0.025403141063189638
2025-04-15 18:30:00+00:00,GRASIM,-0.005811794548619242
2025-04-16 18:30:00+00:00,GRASIM,0.02142215677162551
2025-04-20 18:30:00+00:00,GRASIM,-0.0013764285283185407
2025-04-21 18:30:00+00:00,GRASIM,-0.0027204778954171838
2025-04-22 18:30:00+00:00,GRASIM,-0.023205010942699555
2025-04-23 18:30:00+00:00,GRASIM,0.016234706459084425
2025-04-24 18:30:00+00:00,GRASIM,0.002051931877477653
2025-04-27 18:30:00+00:00,GRASIM,0.006801187584887236
2025-04-28 18:30:00+00:00,GRASIM,-0.0027965529736991845
2025-04-29 18:30:00+00:00,GRASIM,-0.002986447072153009
2025-05-01 18:30:00+00:00,GRASIM,-0.004931545006792826
2025-05-04 18:30:00+00:00,GRASIM,0.011417135210723739
2025-05-05 18:30:00+00:00,GRASIM,-0.009582277176236498
2025-05-06 18:30:00+00:00,GRASIM,-0.01055454603904149
2025-05-07 18:30:00+00:00,GRASIM,-0.00044442605148009573
2025-05-08 18:30:00+00:00,GRASIM,-0.023678002769069284
2025-05-11 18:30:00+00:00,GRASIM,0.040989771807447006
2025-05-12 18:30:00+00:00,GRASIM,-0.012432609944015405
2025-05-13 18:30:00+00:00,GRASIM,0.010521664245356277
2025-05-14 18:30:00+00:00,GRASIM,0.03200359361210037
2025-05-15 18:30:00+00:00,GRASIM,-0.007292571945751947
2025-05-18 18:30:00+00:00,GRASIM,-0.027530128130239695
2025-05-19 18:30:00+00:00,GRASIM,-0.00227354697588511
2025-05-20 18:30:00+00:00,GRASIM,-0.005108878302716557
2025-05-21 18:30:00+00:00,GRASIM,-0.011932355438997844
2025-05-22 18:30:00+00:00,GRASIM,-0.005683226735232472
2025-05-25 18:30:00+00:00,GRASIM,-0.0011280316368510457
2025-05-26 18:30:00+00:00,GRASIM,-0.01588619168252592
2025-05-27 18:30:00+00:00,GRASIM,-0.014000345488511479
2025-05-28 18:30:00+00:00,GRASIM,-0.0015518677453153495
2025-05-29 18:30:00+00:00,GRASIM,-0.010801982661187814
2025-06-01 18:30:00+00:00,GRASIM,-0.00852383986950278
2025-06-02 18:30:00+00:00,GRASIM,0.01121185410688419
2025-06-03 18:30:00+00:00,GRASIM,-0.001057816959170288
2025-06-04 18:30:00+00:00,GRASIM,0.0018433136323041666
2025-06-05 18:30:00+00:00,GRASIM,0.00782962097087192
2025-06-08 18:30:00+00:00,GRASIM,0.013245868922738602
2025-06-09 18:30:00+00:00,GRASIM,0.03814454846464144
2025-06-10 18:30:00+00:00,GRASIM,0.005243687794998175
2025-06-11 18:30:00+00:00,GRASIM,-0.012159266717529094
2025-06-12 18:30:00+00:00,GRASIM,-0.009408335406296153
2025-06-15 18:30:00+00:00,GRASIM,0.015429048224525843
2025-06-16 18:30:00+00:00,GRASIM,-0.012384963573156993
2025-06-17 18:30:00+00:00,GRASIM,0.0014973776857980514
2025-06-18 18:30:00+00:00,GRASIM,0.006653253614572696
2025-06-19 18:30:00+00:00,GRASIM,0.007203383238275407
2025-06-22 18:30:00+00:00,GRASIM,0.004091942053764619
2025-06-23 18:30:00+00:00,GRASIM,0.021000845820171143
2025-06-24 18:30:00+00:00,GRASIM,0.018303451848927788
2025-06-25 18:30:00+00:00,GRASIM,0.018186276711166904
2025-06-26 18:30:00+00:00,GRASIM,-0.007699459259177477
2025-06-29 18:30:00+00:00,GRASIM,-0.005802036879091976
2025-06-30 18:30:00+00:00,GRASIM,0.0012656732915887758
2025-07-01 18:30:00+00:00,GRASIM,0.0005968924769350625
2025-07-02 18:30:00+00:00,GRASIM,-0.011299025525361328
2025-07-03 18:30:00+00:00,GRASIM,-0.0041526006606279475
2025-07-06 18:30:00+00:00,GRASIM,-0.009551223318768454
2025-07-07 18:30:00+00:00,GRASIM,0.0150048483794738
2025-07-08 18:30:00+00:00,GRASIM,-0.0081183149790508
2025-07-09 18:30:00+00:00,GRASIM,-0.008148855307790526
2025-07-10 18:30:00+00:00,GRASIM,-0.0047206287343463105
2025-07-13 18:30:00+00:00,GRASIM,0.00811007948264697
2025-07-14 18:30:00+00:00,GRASIM,-0.0020829732643737886
2025-07-15 18:30:00+00:00,GRASIM,-0.0058303895962342756
2025-07-16 18:30:00+00:00,GRASIM,0.001411860336437254
2025-07-17 18:30:00+00:00,GRASIM,-0.013664408117314064
2025-07-20 18:30:00+00:00,GRASIM,0.004911081998823841
2025-07-21 18:30:00+00:00,GRASIM,-0.007002430269930193
2025-07-22 18:30:00+00:00,GRASIM,-0.004994979641833375
2025-07-23 18:30:00+00:00,GRASIM,0.009892500660712011
2025-07-24 18:30:00+00:00,GRASIM,-0.009978390825845174
2025-07-27 18:30:00+00:00,GRASIM,0.00686697460958996
2025-07-28 18:30:00+00:00,GRASIM,0.005793467492988924
2025-07-29 18:30:00+00:00,GRASIM,0.005687293628251711
2025-07-30 18:30:00+00:00,GRASIM,-0.0044226151600010866
2025-07-31 18:30:00+00:00,GRASIM,-0.008811542689106777
2025-08-03 18:30:00+00:00,GRASIM,0.024098185768204994
2025-08-04 18:30:00+00:00,GRASIM,0.003371848148616907
2025-08-05 18:30:00+00:00,GRASIM,-0.011225491540104549
2025-08-06 18:30:00+00:00,GRASIM,-0.007990499355269076
2025-08-07 18:30:00+00:00,GRASIM,-0.018988947583742477
2025-08-10 18:30:00+00:00,GRASIM,0.02500365731550036
2025-08-11 18:30:00+00:00,GRASIM,-0.0030921460591391003
2025-08-12 18:30:00+00:00,GRASIM,0.002007006347977125
2025-08-13 18:30:00+00:00,GRASIM,0.006919407362148355
2025-08-17 18:30:00+00:00,GRASIM,0.029295816434923294
2025-08-18 18:30:00+00:00,GRASIM,-0.006184284099778226
2025-08-19 18:30:00+00:00,GRASIM,0.012940583701785746
2025-08-20 18:30:00+00:00,GRASIM,0.005689570101485852
2025-08-21 18:30:00+00:00,GRASIM,-0.023392997183807496
2025-08-24 18:30:00+00:00,GRASIM,-0.0008529911304019366
2025-08-25 18:30:00+00:00,GRASIM,-0.00540654182964273
2025-08-27 18:30:00+00:00,GRASIM,-0.004255740845272138
2025-08-28 18:30:00+00:00,GRASIM,-0.003124645698848738
2025-08-31 18:30:00+00:00,GRASIM,0.01019592293262872
2025-09-01 18:30:00+00:00,GRASIM,-0.00859511906808097
2025-09-02 18:30:00+00:00,GRASIM,0.0005755282709269949
2025-09-03 18:30:00+00:00,GRASIM,0.010210738290615362
2025-09-04 18:30:00+00:00,GRASIM,-0.0020642211998480597
2025-09-07 18:30:00+00:00,GRASIM,3.5698165567144e-05
2025-09-08 18:30:00+00:00,GRASIM,-0.002924358983958486
2025-09-09 18:30:00+00:00,GRASIM,-0.0036123802240410896
2025-09-10 18:30:00+00:00,GRASIM,0.0047382981335748475
2025-09-11 18:30:00+00:00,GRASIM,0.001071811361200492
2025-09-14 18:30:00+00:00,GRASIM,0.0001427203225374818
2025-09-15 18:30:00+00:00,GRASIM,0.014487617424727484
2025-09-16 18:30:00+00:00,GRASIM,0.007878966705504808
2025-09-17 18:30:00+00:00,GRASIM,0.00467653623964126
2025-09-18 18:30:00+00:00,GRASIM,-0.000312681141137805
2025-09-21 18:30:00+00:00,GRASIM,-0.008269851452483601
2025-09-22 18:30:00+00:00,GRASIM,-0.01422518351391755
2025-09-23 18:30:00+00:00,GRASIM,-0.0021681527123689204
2025-09-24 18:30:00+00:00,GRASIM,-0.010258533051688334
2025-09-25 18:30:00+00:00,GRASIM,-0.011444629565423359
2025-09-28 18:30:00+00:00,GRASIM,3.635266996138142e-05
2025-09-29 18:30:00+00:00,GRASIM,0.0036404675654426732
2025-09-30 18:30:00+00:00,GRASIM,0.011897439149038513
2025-10-02 18:30:00+00:00,GRASIM,0.0006093670292968145
2025-10-05 18:30:00+00:00,GRASIM,0.005731891008008416
2025-10-06 18:30:00+00:00,GRASIM,0.00021375567326509248
2025-10-07 18:30:00+00:00,GRASIM,-0.010612553001469016
2025-10-08 18:30:00+00:00,GRASIM,0.011662280272774606
2025-10-09 18:30:00+00:00,GRASIM,0.00014228361554646796
2025-10-12 18:30:00+00:00,GRASIM,-0.00462468872287447
2025-10-13 18:30:00+00:00,GRASIM,-0.007934221290877397
2025-10-14 18:30:00+00:00,GRASIM,0.01477051634800186
2025-10-15 18:30:00+00:00,GRASIM,0.015265549295161884
2025-10-16 18:30:00+00:00,GRASIM,-0.008252359344465665
2025-10-19 18:30:00+00:00,GRASIM,0.006276020426828621
2025-10-20 18:30:00+00:00,GRASIM,0.005851419471575081
2025-10-22 18:30:00+00:00,GRASIM,-0.0021248662763013737
2025-10-23 18:30:00+00:00,GRASIM,-0.008133787626129263
2025-10-26 18:30:00+00:00,GRASIM,0.02907114774790953
2025-10-27 18:30:00+00:00,GRASIM,0.0030780807485186745
2025-10-28 18:30:00+00:00,GRASIM,0.008796771007257176
2025-10-29 18:30:00+00:00,GRASIM,-0.0028053026549169635
2025-10-30 18:30:00+00:00,GRASIM,-0.019895591484138997
2025-11-02 18:30:00+00:00,GRASIM,0.002835685344377392
2025-11-03 18:30:00+00:00,GRASIM,-0.006172593174434415
2025-11-05 18:30:00+00:00,GRASIM,-0.06311585785695695
2025-11-06 18:30:00+00:00,GRASIM,0.00907373768152775
2025-11-09 18:30:00+00:00,GRASIM,0.014057037111775195
2025-11-10 18:30:00+00:00,GRASIM,0.00466906038594872
2025-11-11 18:30:00+00:00,GRASIM,-0.003026207340806608
2025-11-12 18:30:00+00:00,GRASIM,0.003758093102325777
2025-11-13 18:30:00+00:00,GRASIM,0.0020159311027398985
2025-11-16 18:30:00+00:00,GRASIM,0.0024790352541741445
2025-11-17 18:30:00+00:00,GRASIM,-0.01014229592979099
2025-11-18 18:30:00+00:00,GRASIM,-0.0062635947965694605
2025-11-19 18:30:00+00:00,GRASIM,0.0014209737143433543
2025-11-20 18:30:00+00:00,GRASIM,-0.005020755416509037
2025-11-23 18:30:00+00:00,GRASIM,-0.016856843949525357
2025-11-24 18:30:00+00:00,GRASIM,-0.0007066249035790895
2025-11-25 18:30:00+00:00,GRASIM,0.021289247481152573
2025-11-26 18:30:00+00:00,GRASIM,-0.001457725947521915
2025-11-27 18:30:00+00:00,GRASIM,-0.00021901374315691502
2025-11-30 18:30:00+00:00,GRASIM,-0.002883807631368862
2025-12-01 18:30:00+00:00,GRASIM,0.0012813472451034258
2025-12-02 18:30:00+00:00,GRASIM,-0.0053747536277422014
2025-12-03 18:30:00+00:00,GRASIM,0.003712771876020149
2025-12-04 18:30:00+00:00,GRASIM,0.006079731266471544
2025-12-07 18:30:00+00:00,GRASIM,-0.0010193115501001548
2025-12-08 18:30:00+00:00,GRASIM,0.0006559466730389207
2025-12-09 18:30:00+00:00,GRASIM,0.00029135062932450495
2025-12-10 18:30:00+00:00,GRASIM,0.01856705952140869
2025-12-11 18:30:00+00:00,GRASIM,0.013903746395330652
2025-12-14 18:30:00+00:00,GRASIM,-0.0055345829457180695
2025-12-15 18:30:00+00:00,GRASIM,-0.007763169919797974
2025-12-16 18:30:00+00:00,GRASIM,0.002679432581307095
2025-12-17 18:30:00+00:00,GRASIM,0.0003563029876736401
2025-12-18 18:30:00+00:00,GRASIM,0.0017452280144314436
2025-12-21 18:30:00+00:00,GRASIM,-0.0009955729166666316
2025-12-22 18:30:00+00:00,GRASIM,0.0071538235418577845
2025-12-23 18:30:00+00:00,GRASIM,-0.001024859154121538
2025-12-25 18:30:00+00:00,GRASIM,-0.0032544311753831545
2025-12-28 18:30:00+00:00,GRASIM,0.00876599765762931
2025-12-29 18:30:00+00:00,GRASIM,-0.0002462535870824123
2025-12-30 18:30:00+00:00,GRASIM,-0.004469138681104545
2025-12-31 18:30:00+00:00,GRASIM,0.008024019502253399
2026-01-01 18:30:00+00:00,GRASIM,0.0016481226118980619
2026-01-04 18:30:00+00:00,GRASIM,-0.0026256827672644922
2026-01-05 18:30:00+00:00,GRASIM,0.0057566594287439266
2026-01-06 18:30:00+00:00,GRASIM,-0.009841884162675507
2026-01-07 18:30:00+00:00,GRASIM,-0.015896547920007276
2026-01-08 18:30:00+00:00,GRASIM,-0.005408344432754286
2026-01-11 18:30:00+00:00,GRASIM,0.010731409080670495
2026-01-12 18:30:00+00:00,GRASIM,-0.011579435125023019
2026-01-13 18:30:00+00:00,GRASIM,0.007786063743215665
2026-01-14 18:30:00+00:00,GRASIM,0.0
2026-01-15 18:30:00+00:00,GRASIM,0.004935992770265907
2026-01-18 18:30:00+00:00,GRASIM,-0.010535341908957885
2026-01-19 18:30:00+00:00,GRASIM,-0.02388485695818343
2026-01-20 18:30:00+00:00,GRASIM,0.008107311028991093
2026-01-21 18:30:00+00:00,GRASIM,0.019008626313674837
2026-01-22 18:30:00+00:00,GRASIM,-0.010259756297288258
2026-01-26 18:30:00+00:00,GRASIM,0.03523013815580822
2026-01-27 18:30:00+00:00,GRASIM,-0.005986924517875303
2026-01-28 18:30:00+00:00,GRASIM,-0.0026065112992965656
2026-01-29 18:30:00+00:00,GRASIM,-0.0044849212101795155
2026-02-01 18:30:00+00:00,GRASIM,-0.015750231409631055
2026-02-02 18:30:00+00:00,GRASIM,0.012362071462649116
2026-02-03 18:30:00+00:00,GRASIM,0.012816405443982326
2026-02-04 18:30:00+00:00,GRASIM,0.0066786181068609896
2026-02-05 18:30:00+00:00,GRASIM,-0.009427703802742493
2025-01-01 18:30:00+00:00,HCLTECH,0.03151235092866611
2025-01-02 18:30:00+00:00,HCLTECH,-0.012955072583818228
2025-01-05 18:30:00+00:00,HCLTECH,0.003287702595780262
2025-01-06 18:30:00+00:00,HCLTECH,-0.019021545391756933
2025-01-07 18:30:00+00:00,HCLTECH,0.008533869780361636
2025-01-08 18:30:00+00:00,HCLTECH,0.00131966345444412
2025-01-09 18:30:00+00:00,HCLTECH,0.03116604862513106
2025-01-12 18:30:00+00:00,HCLTECH,-0.002857041416257311
2025-01-13 18:30:00+00:00,HCLTECH,-0.08839349663096308
2025-01-14 18:30:00+00:00,HCLTECH,0.006699493216935526
2025-01-15 18:30:00+00:00,HCLTECH,-0.01832162162332207
2025-01-16 18:30:00+00:00,HCLTECH,0.008257050271158084
2025-01-19 18:30:00+00:00,HCLTECH,0.00408065970288507
2025-01-20 18:30:00+00:00,HCLTECH,0.0034517490557122166
2025-01-21 18:30:00+00:00,HCLTECH,0.014036817343741292
2025-01-22 18:30:00+00:00,HCLTECH,-0.011325710918509868
2025-01-23 18:30:00+00:00,HCLTECH,-0.007830650642798975
2025-01-26 18:30:00+00:00,HCLTECH,-0.045123676184165795
2025-01-27 18:30:00+00:00,HCLTECH,-0.010923237326822433
2025-01-28 18:30:00+00:00,HCLTECH,0.015207448681520352
2025-01-29 18:30:00+00:00,HCLTECH,-0.003432275205892732
2025-01-30 18:30:00+00:00,HCLTECH,0.00720917052867831
2025-01-31 18:30:00+00:00,HCLTECH,-0.018227032045991964
2025-02-02 18:30:00+00:00,HCLTECH,-0.0011806916123011657
2025-02-03 18:30:00+00:00,HCLTECH,0.023965830433871682
2025-02-04 18:30:00+00:00,HCLTECH,-0.01137064224438622
2025-02-05 18:30:00+00:00,HCLTECH,0.006217789641138172
2025-02-06 18:30:00+00:00,HCLTECH,0.0012474270351219285
2025-02-09 18:30:00+00:00,HCLTECH,0.004751830699520676
2025-02-10 18:30:00+00:00,HCLTECH,-0.0061424808971117795
2025-02-11 18:30:00+00:00,HCLTECH,-0.0034238364301298896
2025-02-12 18:30:00+00:00,HCLTECH,-0.008268731910976324
2025-02-13 18:30:00+00:00,HCLTECH,0.004785295271257706
2025-02-16 18:30:00+00:00,HCLTECH,-0.000788767094199172
2025-02-17 18:30:00+00:00,HCLTECH,0.009123314825076223
2025-02-18 18:30:00+00:00,HCLTECH,-0.007649940794658638
2025-02-19 18:30:00+00:00,HCLTECH,-0.014454295874761325
2025-02-20 18:30:00+00:00,HCLTECH,0.007792250964447911
2025-02-23 18:30:00+00:00,HCLTECH,-0.033309728327982624
2025-02-24 18:30:00+00:00,HCLTECH,-0.004835591354143132
2025-02-26 18:30:00+00:00,HCLTECH,-0.004217346359271179
2025-02-27 18:30:00+00:00,HCLTECH,-0.03323720210908088
2025-03-02 18:30:00+00:00,HCLTECH,-0.0016824230549956631
2025-03-03 18:30:00+00:00,HCLTECH,-0.023467381536131482
2025-03-04 18:30:00+00:00,HCLTECH,0.02438943711081909
2025-03-05 18:30:00+00:00,HCLTECH,0.00794685464147138
2025-03-06 18:30:00+00:00,HCLTECH,-0.01734519229397602
2025-03-09 18:30:00+00:00,HCLTECH,-0.005552118309809395
2025-03-10 18:30:00+00:00,HCLTECH,0.011973024628311402
2025-03-11 18:30:00+00:00,HCLTECH,-0.017380420910272698
2025-03-12 18:30:00+00:00,HCLTECH,-0.003797252423259012
2025-03-16 18:30:00+00:00,HCLTECH,0.00677641183341815
2025-03-17 18:30:00+00:00,HCLTECH,0.0
2025-03-18 18:30:00+00:00,HCLTECH,-0.00045309208980204296
2025-03-19 18:30:00+00:00,HCLTECH,0.011363278454151748
2025-03-20 18:30:00+00:00,HCLTECH,0.0030089795378229756
2025-03-23 18:30:00+00:00,HCLTECH,0.02390381441341849
2025-03-24 18:30:00+00:00,HCLTECH,0.012935141718045218
2025-03-25 18:30:00+00:00,HCLTECH,0.00523113653332441
2025-03-26 18:30:00+00:00,HCLTECH,-0.0019896704528058473
2025-03-27 18:30:00+00:00,HCLTECH,-0.0230961025021843
2025-03-31 18:30:00+00:00,HCLTECH,-0.03902671044092143
2025-04-01 18:30:00+00:00,HCLTECH,-0.0018295655648680187
2025-04-02 18:30:00+00:00,HCLTECH,-0.037609413726462426
2025-04-03 18:30:00+00:00,HCLTECH,-0.032650792970052245
2025-04-06 18:30:00+00:00,HCLTECH,-0.033752850297257164
2025-04-07 18:30:00+00:00,HCLTECH,0.021286555665517293
2025-04-08 18:30:00+00:00,HCLTECH,-0.01663859879418439
2025-04-10 18:30:00+00:00,HCLTECH,0.007644888392448479
2025-04-14 18:30:00+00:00,HCLTECH,0.025853060309935838
2025-04-15 18:30:00+00:00,HCLTECH,0.003645275605545617
2025-04-16 18:30:00+00:00,HCLTECH,0.0044004325684430246
2025-04-20 18:30:00+00:00,HCLTECH,0.03059795985484537
2025-04-21 18:30:00+00:00,HCLTECH,-0.0014169411599410653
2025-04-22 18:30:00+00:00,HCLTECH,0.07709979243348686
2025-04-23 18:30:00+00:00,HCLTECH,-0.004579685432673508
2025-04-24 18:30:00+00:00,HCLTECH,-0.005357156365724092
2025-04-27 18:30:00+00:00,HCLTECH,-0.0069861376449167345
2025-04-28 18:30:00+00:00,HCLTECH,0.012715404927079232
2025-04-29 18:30:00+00:00,HCLTECH,-0.0009560291093310136
2025-05-01 18:30:00+00:00,HCLTECH,0.0031259851128235816
2025-05-04 18:30:00+00:00,HCLTECH,-0.0024167193799001785
2025-05-05 18:30:00+00:00,HCLTECH,0.006693831008279139
2025-05-06 18:30:00+00:00,HCLTECH,-0.01000562244269032
2025-05-07 18:30:00+00:00,HCLTECH,0.011130261282250364
2025-05-08 18:30:00+00:00,HCLTECH,-0.007148714792775235
2025-05-11 18:30:00+00:00,HCLTECH,0.06429215247520093
2025-05-12 18:30:00+00:00,HCLTECH,-0.030353933673219147
2025-05-13 18:30:00+00:00,HCLTECH,0.011175702677829857
2025-05-14 18:30:00+00:00,HCLTECH,0.03559864428828119
2025-05-15 18:30:00+00:00,HCLTECH,-0.02128539747275171
2025-05-18 18:30:00+00:00,HCLTECH,-0.006205173227658567
2025-05-19 18:30:00+00:00,HCLTECH,-0.006850129314013298
2025-05-20 18:30:00+00:00,HCLTECH,0.008362289376947274
2025-05-21 18:30:00+00:00,HCLTECH,-0.011501134220274767
2025-05-22 18:30:00+00:00,HCLTECH,0.00930791357375571
2025-05-25 18:30:00+00:00,HCLTECH,0.015410821480783765
2025-05-26 18:30:00+00:00,HCLTECH,-0.012846641348393972
2025-05-27 18:30:00+00:00,HCLTECH,0.003147665927803578
2025-05-28 18:30:00+00:00,HCLTECH,0.004465016849610759
2025-05-29 18:30:00+00:00,HCLTECH,-0.01687990742751344
2025-06-01 18:30:00+00:00,HCLTECH,-0.00311619087451398
2025-06-02 18:30:00+00:00,HCLTECH,-0.0006742611320650349
2025-06-03 18:30:00+00:00,HCLTECH,-0.0026374219732659965
2025-06-04 18:30:00+00:00,HCLTECH,0.003874341013292426
2025-06-05 18:30:00+00:00,HCLTECH,0.0032467895180241513
2025-06-08 18:30:00+00:00,HCLTECH,0.006472487713309549
2025-06-09 18:30:00+00:00,HCLTECH,0.012012317177552134
2025-06-10 18:30:00+00:00,HCLTECH,0.032252262533057685
2025-06-11 18:30:00+00:00,HCLTECH,-0.012021522414732866
2025-06-12 18:30:00+00:00,HCLTECH,-0.0034681329718966314
2025-06-15 18:30:00+00:00,HCLTECH,0.01633923338283294
2025-06-16 18:30:00+00:00,HCLTECH,0.0038304368726416183
2025-06-17 18:30:00+00:00,HCLTECH,-0.007920871732805645
2025-06-18 18:30:00+00:00,HCLTECH,-0.0011655038804269102
2025-06-19 18:30:00+00:00,HCLTECH,0.015170031910020754
2025-06-22 18:30:00+00:00,HCLTECH,-0.02109314522674066
2025-06-23 18:30:00+00:00,HCLTECH,-0.0066932971910343975
2025-06-24 18:30:00+00:00,HCLTECH,0.014954524221447496
2025-06-25 18:30:00+00:00,HCLTECH,0.004076594378968457
2025-06-26 18:30:00+00:00,HCLTECH,-0.000463882814347949
2025-06-29 18:30:00+00:00,HCLTECH,0.003075383796010911
2025-06-30 18:30:00+00:00,HCLTECH,-0.005958487708939031
2025-07-01 18:30:00+00:00,HCLTECH,0.00017446143391897095
2025-07-02 18:30:00+00:00,HCLTECH,-0.003898460224861955
2025-07-03 18:30:00+00:00,HCLTECH,0.008178027567708357
2025-07-06 18:30:00+00:00,HCLTECH,-0.0089807349625467
2025-07-07 18:30:00+00:00,HCLTECH,-0.0013448109030826938
2025-07-08 18:30:00+00:00,HCLTECH,-0.01996371470190772
2025-07-09 18:30:00+00:00,HCLTECH,-0.0061529073701699355
2025-07-10 18:30:00+00:00,HCLTECH,-0.015267169268266656
2025-07-13 18:30:00+00:00,HCLTECH,-0.011292189892685656
2025-07-14 18:30:00+00:00,HCLTECH,-0.03296698381828855
2025-07-15 18:30:00+00:00,HCLTECH,-0.002298310165497197
2025-07-16 18:30:00+00:00,HCLTECH,-0.012093724144192741
2025-07-17 18:30:00+00:00,HCLTECH,0.011032101513359205
2025-07-20 18:30:00+00:00,HCLTECH,-0.011880134537444298
2025-07-21 18:30:00+00:00,HCLTECH,-0.006730329509022304
2025-07-22 18:30:00+00:00,HCLTECH,0.006381157444742103
2025-07-23 18:30:00+00:00,HCLTECH,-0.014773192462813611
2025-07-24 18:30:00+00:00,HCLTECH,-0.011345531859117575
2025-07-27 18:30:00+00:00,HCLTECH,-0.01610631123570072
2025-07-28 18:30:00+00:00,HCLTECH,0.004297151223660478
2025-07-29 18:30:00+00:00,HCLTECH,0.0027845261120553744
2025-07-30 18:30:00+00:00,HCLTECH,-0.005824543985379793
2025-07-31 18:30:00+00:00,HCLTECH,-0.010763687808220679
2025-08-03 18:30:00+00:00,HCLTECH,0.015357055312745116
2025-08-04 18:30:00+00:00,HCLTECH,0.005629417552401206
2025-08-05 18:30:00+00:00,HCLTECH,-0.013151690509516367
2025-08-06 18:30:00+00:00,HCLTECH,0.008406271826703282
2025-08-07 18:30:00+00:00,HCLTECH,0.00013548575085531311
2025-08-10 18:30:00+00:00,HCLTECH,0.008335066218613685
2025-08-11 18:30:00+00:00,HCLTECH,0.00745966511049434
2025-08-12 18:30:00+00:00,HCLTECH,0.0013341070498342766
2025-08-13 18:30:00+00:00,HCLTECH,-0.007527740559920226
2025-08-17 18:30:00+00:00,HCLTECH,-0.0032218608361431755
2025-08-18 18:30:00+00:00,HCLTECH,-0.005993341325345347
2025-08-19 18:30:00+00:00,HCLTECH,0.013481440035358006
2025-08-20 18:30:00+00:00,HCLTECH,-0.0016710687798355828
2025-08-21 18:30:00+00:00,HCLTECH,-0.01821228530123986
2025-08-24 18:30:00+00:00,HCLTECH,0.02584734663676924
2025-08-25 18:30:00+00:00,HCLTECH,-0.007578718123709027
2025-08-27 18:30:00+00:00,HCLTECH,-0.02880497379014968
2025-08-28 18:30:00+00:00,HCLTECH,0.0034488105860635
2025-08-31 18:30:00+00:00,HCLTECH,0.00934838038589958
2025-09-01 18:30:00+00:00,HCLTECH,-0.0018387876324356123
2025-09-02 18:30:00+00:00,HCLTECH,0.00027286783844537865
2025-09-03 18:30:00+00:00,HCLTECH,-0.01555142180986202
2025-09-04 18:30:00+00:00,HCLTECH,-0.016836460435361245
2025-09-07 18:30:00+00:00,HCLTECH,-0.011275494825900068
2025-09-08 18:30:00+00:00,HCLTECH,0.017177409887147332
2025-09-09 18:30:00+00:00,HCLTECH,0.025786668915369404
2025-09-10 18:30:00+00:00,HCLTECH,0.0025957280547321826
2025-09-11 18:30:00+00:00,HCLTECH,-0.0003407255723619773
2025-09-14 18:30:00+00:00,HCLTECH,-0.00047700944558104474
2025-09-15 18:30:00+00:00,HCLTECH,0.011319401255487582
2025-09-16 18:30:00+00:00,HCLTECH,-0.001078749643174448
2025-09-17 18:30:00+00:00,HCLTECH,0.00830243431272426
2025-09-18 18:30:00+00:00,HCLTECH,-0.017673157350123203
2025-09-21 18:30:00+00:00,HCLTECH,-0.01874052889056832
2025-09-22 18:30:00+00:00,HCLTECH,-0.007014333795802741
2025-09-23 18:30:00+00:00,HCLTECH,0.008742370135189192
2025-09-24 18:30:00+00:00,HCLTECH,-0.01282671407460978
2025-09-25 18:30:00+00:00,HCLTECH,-0.02001686779981582
2025-09-28 18:30:00+00:00,HCLTECH,-0.005661826699889239
2025-09-29 18:30:00+00:00,HCLTECH,-0.0016578733305807614
2025-09-30 18:30:00+00:00,HCLTECH,0.0031767455390405708
2025-10-02 18:30:00+00:00,HCLTECH,0.002878675520269214
2025-10-05 18:30:00+00:00,HCLTECH,0.017366378267613447
2025-10-06 18:30:00+00:00,HCLTECH,0.011074363345840998
2025-10-07 18:30:00+00:00,HCLTECH,0.013813179594939218
2025-10-08 18:30:00+00:00,HCLTECH,0.022914994901230834
2025-10-09 18:30:00+00:00,HCLTECH,0.006054493947256878
2025-10-12 18:30:00+00:00,HCLTECH,-0.0005349439829533953
2025-10-13 18:30:00+00:00,HCLTECH,0.00046839906605411485
2025-10-14 18:30:00+00:00,HCLTECH,0.000200482716632866
2025-10-15 18:30:00+00:00,HCLTECH,0.012903726184398723
2025-10-16 18:30:00+00:00,HCLTECH,-0.011177662214804429
2025-10-19 18:30:00+00:00,HCLTECH,0.006190337084433617
2025-10-20 18:30:00+00:00,HCLTECH,-0.006285945352703881
2025-10-22 18:30:00+00:00,HCLTECH,0.025504724112945798
2025-10-23 18:30:00+00:00,HCLTECH,-6.559622979007695e-05
2025-10-26 18:30:00+00:00,HCLTECH,0.006365591689372785
2025-10-27 18:30:00+00:00,HCLTECH,-0.007433963311017311
2025-10-28 18:30:00+00:00,HCLTECH,0.02312598424878831
2025-10-29 18:30:00+00:00,HCLTECH,-0.004816018127770771
2025-10-30 18:30:00+00:00,HCLTECH,-0.005355562374907308
2025-11-02 18:30:00+00:00,HCLTECH,0.0012974243661656448
2025-11-03 18:30:00+00:00,HCLTECH,-0.00932949469598432
2025-11-05 18:30:00+00:00,HCLTECH,-0.001765718667358862
2025-11-06 18:30:00+00:00,HCLTECH,-0.00917189536581775
2025-11-09 18:30:00+00:00,HCLTECH,0.01857977180391579
2025-11-10 18:30:00+00:00,HCLTECH,0.01914963140754722
2025-11-11 18:30:00+00:00,HCLTECH,0.015286625201465398
2025-11-12 18:30:00+00:00,HCLTECH,0.002823019262219839
2025-11-13 18:30:00+00:00,HCLTECH,-0.0024397856982206756
2025-11-16 18:30:00+00:00,HCLTECH,0.0074000234250670704
2025-11-17 18:30:00+00:00,HCLTECH,-0.006972147841895593
2025-11-18 18:30:00+00:00,HCLTECH,0.04225177439030836
2025-11-19 18:30:00+00:00,HCLTECH,-0.010345240959164337
2025-11-20 18:30:00+00:00,HCLTECH,-0.022730013822866102
2025-11-23 18:30:00+00:00,HCLTECH,0.0014925068418352172
2025-11-24 18:30:00+00:00,HCLTECH,-0.005774988173329998
2025-11-25 18:30:00+00:00,HCLTECH,0.010492802958221636
2025-11-26 18:30:00+00:00,HCLTECH,0.006860729106645369
2025-11-27 18:30:00+00:00,HCLTECH,-0.0029466084867668663
2025-11-30 18:30:00+00:00,HCLTECH,0.0115133879879048
2025-12-01 18:30:00+00:00,HCLTECH,-0.004504244587254069
2025-12-02 18:30:00+00:00,HCLTECH,0.0030572133274233693
2025-12-03 18:30:00+00:00,HCLTECH,0.008594905744292447
2025-12-04 18:30:00+00:00,HCLTECH,0.01716430365821564
2025-12-07 18:30:00+00:00,HCLTECH,0.003327372384730687
2025-12-08 18:30:00+00:00,HCLTECH,-0.01835843577791363
2025-12-09 18:30:00+00:00,HCLTECH,0.005067575711923622
2025-12-10 18:30:00+00:00,HCLTECH,0.0038415568150327317
2025-12-11 18:30:00+00:00,HCLTECH,0.0004783202064848613
2025-12-14 18:30:00+00:00,HCLTECH,0.006454749989216024
2025-12-15 18:30:00+00:00,HCLTECH,-0.019180554246384207
2025-12-16 18:30:00+00:00,HCLTECH,0.0019980031878721327
2025-12-17 18:30:00+00:00,HCLTECH,0.003867015268361973
2025-12-18 18:30:00+00:00,HCLTECH,-0.011436096422645314
2025-12-21 18:30:00+00:00,HCLTECH,0.016987335091360745
2025-12-22 18:30:00+00:00,HCLTECH,0.005747500421062313
2025-12-23 18:30:00+00:00,HCLTECH,-0.0030954932551724434
2025-12-25 18:30:00+00:00,HCLTECH,-0.008240242464413683
2025-12-28 18:30:00+00:00,HCLTECH,-0.018122720233587852
2025-12-29 18:30:00+00:00,HCLTECH,-0.00956592604130857
2025-12-30 18:30:00+00:00,HCLTECH,0.005014937707407796
2025-12-31 18:30:00+00:00,HCLTECH,0.006899485875065503
2026-01-01 18:30:00+00:00,HCLTECH,0.003487337404839863
2026-01-04 18:30:00+00:00,HCLTECH,-0.019875663068084082
2026-01-05 18:30:00+00:00,HCLTECH,0.005411884577769532
2026-01-06 18:30:00+00:00,HCLTECH,0.019427025304929346
2026-01-07 18:30:00+00:00,HCLTECH,-0.0006069004423590041
2026-01-08 18:30:00+00:00,HCLTECH,0.00892692141500162
2026-01-11 18:30:00+00:00,HCLTECH,0.003731784285772699
2026-01-12 18:30:00+00:00,HCLTECH,-0.0015591258631744154
2026-01-13 18:30:00+00:00,HCLTECH,0.002102117758471689
2026-01-14 18:30:00+00:00,HCLTECH,0.0
2026-01-15 18:30:00+00:00,HCLTECH,0.025052822215514636
2026-01-18 18:30:00+00:00,HCLTECH,0.01107187799065068
2026-01-19 18:30:00+00:00,HCLTECH,-0.01718313091855772
2026-01-20 18:30:00+00:00,HCLTECH,-0.002844810460035707
2026-01-21 18:30:00+00:00,HCLTECH,0.012243670481983715
2026-01-22 18:30:00+00:00,HCLTECH,0.002289956238605839
2026-01-26 18:30:00+00:00,HCLTECH,0.007732836070225568
2026-01-27 18:30:00+00:00,HCLTECH,0.0054644952219995435
2026-01-28 18:30:00+00:00,HCLTECH,-0.004625346966306343
2026-01-29 18:30:00+00:00,HCLTECH,-0.015102230697436547
2026-02-01 18:30:00+00:00,HCLTECH,-0.011087477605863927
2026-02-02 18:30:00+00:00,HCLTECH,0.011032919526051455
2026-02-03 18:30:00+00:00,HCLTECH,-0.043355157130330335
2026-02-04 18:30:00+00:00,HCLTECH,-0.007275896209678501
2026-02-05 18:30:00+00:00,HCLTECH,-0.010124253930512417
2025-01-01 18:30:00+00:00,HDFCBANK,0.006170228491382268
2025-01-02 18:30:00+00:00,HDFCBANK,-0.024836283941186754
2025-01-05 18:30:00+00:00,HDFCBANK,-0.022124382653746166
2025-01-06 18:30:00+00:00,HDFCBANK,0.0016954134725770675
2025-01-07 18:30:00+00:00,HDFCBANK,-0.01114732237242666
2025-01-08 18:30:00+00:00,HDFCBANK,-0.015640693917462478
2025-01-09 18:30:00+00:00,HDFCBANK,-0.006625543270068146
2025-01-12 18:30:00+00:00,HDFCBANK,-0.01563300789054567
2025-01-13 18:30:00+00:00,HDFCBANK,0.009657521848774886
2025-01-14 18:30:00+00:00,HDFCBANK,-0.002155901597477028
2025-01-15 18:30:00+00:00,HDFCBANK,0.005477639304247495
2025-01-16 18:30:00+00:00,HDFCBANK,-0.009261294436401002
2025-01-19 18:30:00+00:00,HDFCBANK,0.008859033576190889
2025-01-20 18:30:00+00:00,HDFCBANK,-0.005359553577328979
2025-01-21 18:30:00+00:00,HDFCBANK,0.014399663369818239
2025-01-22 18:30:00+00:00,HDFCBANK,-0.0006902436675249035
2025-01-23 18:30:00+00:00,HDFCBANK,-0.009069579141327888
2025-01-26 18:30:00+00:00,HDFCBANK,-0.012122761937365167
2025-01-27 18:30:00+00:00,HDFCBANK,0.024911071740106205
2025-01-28 18:30:00+00:00,HDFCBANK,0.004130676931069166
2025-01-29 18:30:00+00:00,HDFCBANK,0.008466061806765346
2025-01-30 18:30:00+00:00,HDFCBANK,0.004286070071127357
2025-01-31 18:30:00+00:00,HDFCBANK,-0.004591581234390629
2025-02-02 18:30:00+00:00,HDFCBANK,-0.0076584492035459695
2025-02-03 18:30:00+00:00,HDFCBANK,0.025566239890489006
2025-02-04 18:30:00+00:00,HDFCBANK,0.00982041321395477
2025-02-05 18:30:00+00:00,HDFCBANK,0.003481369617795549
2025-02-06 18:30:00+00:00,HDFCBANK,-0.006365192546400555
2025-02-09 18:30:00+00:00,HDFCBANK,-0.009811088283372293
2025-02-10 18:30:00+00:00,HDFCBANK,-0.008363661011669299
2025-02-11 18:30:00+00:00,HDFCBANK,0.003173869543032559
2025-02-12 18:30:00+00:00,HDFCBANK,-0.005331615881260965
2025-02-13 18:30:00+00:00,HDFCBANK,-0.0016787546083585347
2025-02-16 18:30:00+00:00,HDFCBANK,0.013275527827093958
2025-02-17 18:30:00+00:00,HDFCBANK,0.0033190924250390275
2025-02-18 18:30:00+00:00,HDFCBANK,0.0024084914347874964
2025-02-19 18:30:00+00:00,HDFCBANK,-0.02321676029499764
2025-02-20 18:30:00+00:00,HDFCBANK,0.0032007714646093977
2025-02-23 18:30:00+00:00,HDFCBANK,-0.009099018446354745
2025-02-24 18:30:00+00:00,HDFCBANK,0.0031304470220807623
2025-02-26 18:30:00+00:00,HDFCBANK,0.010907407239899136
2025-02-27 18:30:00+00:00,HDFCBANK,0.01863938044245428
2025-03-02 18:30:00+00:00,HDFCBANK,-0.0178076863005443
2025-03-03 18:30:00+00:00,HDFCBANK,0.004966045710393496
2025-03-04 18:30:00+00:00,HDFCBANK,-0.011695912779333906
2025-03-05 18:30:00+00:00,HDFCBANK,0.00071003759926902
2025-03-06 18:30:00+00:00,HDFCBANK,-0.001153001575254331
2025-03-09 18:30:00+00:00,HDFCBANK,-0.0010359770021162173
2025-03-10 18:30:00+00:00,HDFCBANK,-0.001185149189864565
2025-03-11 18:30:00+00:00,HDFCBANK,0.015218004696014198
2025-03-12 18:30:00+00:00,HDFCBANK,-0.002658994894723987
2025-03-16 18:30:00+00:00,HDFCBANK,0.0022266180098120536
2025-03-17 18:30:00+00:00,HDFCBANK,0.0
2025-03-18 18:30:00+00:00,HDFCBANK,0.01970302779193922
2025-03-19 18:30:00+00:00,HDFCBANK,0.014133386280329452
2025-03-20 18:30:00+00:00,HDFCBANK,0.0009045661072957234
2025-03-23 18:30:00+00:00,HDFCBANK,0.016748071829424838
2025-03-24 18:30:00+00:00,HDFCBANK,0.011916674078431333
2025-03-25 18:30:00+00:00,HDFCBANK,-0.008180234130266362
2025-03-26 18:30:00+00:00,HDFCBANK,0.010406533129113216
2025-03-27 18:30:00+00:00,HDFCBANK,0.0015613562299712225
2025-03-31 18:30:00+00:00,HDFCBANK,-0.03301063093444112
2025-04-01 18:30:00+00:00,HDFCBANK,0.01643240622455666
2025-04-02 18:30:00+00:00,HDFCBANK,-0.0011408792385178002
2025-04-03 18:30:00+00:00,HDFCBANK,0.012508033877527636
2025-04-06 18:30:00+00:00,HDFCBANK,-0.03279599781438536
2025-04-07 18:30:00+00:00,HDFCBANK,0.006514305125184139
2025-04-08 18:30:00+00:00,HDFCBANK,-0.002345801522980695
2025-04-10 18:30:00+00:00,HDFCBANK,0.0236544169281383
2025-04-14 18:30:00+00:00,HDFCBANK,0.0321848165039329
2025-04-15 18:30:00+00:00,HDFCBANK,0.007024507626357979
2025-04-16 18:30:00+00:00,HDFCBANK,0.015282162742180194
2025-04-20 18:30:00+00:00,HDFCBANK,0.01069917859346714
2025-04-21 18:30:00+00:00,HDFCBANK,0.017954439509512365
2025-04-22 18:30:00+00:00,HDFCBANK,-0.019268952004178552
2025-04-23 18:30:00+00:00,HDFCBANK,-0.0036904528791712465
2025-04-24 18:30:00+00:00,HDFCBANK,-0.002921576166589168
2025-04-27 18:30:00+00:00,HDFCBANK,0.004709102164633272
2025-04-28 18:30:00+00:00,HDFCBANK,-0.005936797863572485
2025-04-29 18:30:00+00:00,HDFCBANK,0.008486911040237466
2025-05-01 18:30:00+00:00,HDFCBANK,-0.0016103567741062585
2025-05-04 18:30:00+00:00,HDFCBANK,0.007752750393984931
2025-05-05 18:30:00+00:00,HDFCBANK,-0.002633273078652354
2025-05-06 18:30:00+00:00,HDFCBANK,0.007195724145077742
2025-05-07 18:30:00+00:00,HDFCBANK,-0.00878900257405213
2025-05-08 18:30:00+00:00,HDFCBANK,-0.020119293732347665
2025-05-11 18:30:00+00:00,HDFCBANK,0.03571993491669878
2025-05-12 18:30:00+00:00,HDFCBANK,-0.017678253659443754
2025-05-13 18:30:00+00:00,HDFCBANK,-0.006241551177302518
2025-05-14 18:30:00+00:00,HDFCBANK,0.012142801731333419
2025-05-15 18:30:00+00:00,HDFCBANK,0.00046537474951069413
2025-05-18 18:30:00+00:00,HDFCBANK,0.0020675051196825667
2025-05-19 18:30:00+00:00,HDFCBANK,-0.012276245485088544
2025-05-20 18:30:00+00:00,HDFCBANK,0.006214444699292221
2025-05-21 18:30:00+00:00,HDFCBANK,-0.003581070429987232
2025-05-22 18:30:00+00:00,HDFCBANK,0.007135683935831194
2025-05-25 18:30:00+00:00,HDFCBANK,0.0034133787401153803
2025-05-26 18:30:00+00:00,HDFCBANK,-0.007164135666917537
2025-05-27 18:30:00+00:00,HDFCBANK,-0.0014535837789504402
2025-05-28 18:30:00+00:00,HDFCBANK,0.0020794792001268547
2025-05-29 18:30:00+00:00,HDFCBANK,0.00902731616666319
2025-06-01 18:30:00+00:00,HDFCBANK,-0.006581369254318625
2025-06-02 18:30:00+00:00,HDFCBANK,-0.003881812726692857
2025-06-03 18:30:00+00:00,HDFCBANK,0.008625196161596627
2025-06-04 18:30:00+00:00,HDFCBANK,0.004327216191787331
2025-06-05 18:30:00+00:00,HDFCBANK,0.01492608160579545
2025-06-08 18:30:00+00:00,HDFCBANK,0.00010110466064339185
2025-06-09 18:30:00+00:00,HDFCBANK,-0.0068724212555904
2025-06-10 18:30:00+00:00,HDFCBANK,-0.007581544903214166
2025-06-11 18:30:00+00:00,HDFCBANK,-0.0035890566883194364
2025-06-12 18:30:00+00:00,HDFCBANK,-0.01327571261741145
2025-06-15 18:30:00+00:00,HDFCBANK,0.009282444635375642
2025-06-16 18:30:00+00:00,HDFCBANK,-0.0029968013237066105
2025-06-17 18:30:00+00:00,HDFCBANK,0.00222845354838741
2025-06-18 18:30:00+00:00,HDFCBANK,0.0007239357230033328
2025-06-19 18:30:00+00:00,HDFCBANK,0.015191396690230174
2025-06-22 18:30:00+00:00,HDFCBANK,-0.008296447708053378
2025-06-23 18:30:00+00:00,HDFCBANK,0.006415563820652226
2025-06-24 18:30:00+00:00,HDFCBANK,0.009842419828163251
2025-06-25 18:30:00+00:00,HDFCBANK,0.021008027701558962
2025-06-26 18:30:00+00:00,HDFCBANK,0.007550685069652507
2025-06-29 18:30:00+00:00,HDFCBANK,-0.006650435554941159
2025-06-30 18:30:00+00:00,HDFCBANK,0.005295988459478762
2025-07-01 18:30:00+00:00,HDFCBANK,-0.012971495430722624
2025-07-02 18:30:00+00:00,HDFCBANK,0.0005538259278523583
2025-07-03 18:30:00+00:00,HDFCBANK,0.001107223501737975
2025-07-06 18:30:00+00:00,HDFCBANK,-0.0009551613067333431
2025-07-07 18:30:00+00:00,HDFCBANK,0.007044422521019333
2025-07-08 18:30:00+00:00,HDFCBANK,0.0048964919714555855
2025-07-09 18:30:00+00:00,HDFCBANK,-0.0024860584376457107
2025-07-10 18:30:00+00:00,HDFCBANK,-0.011215205471906686
2025-07-13 18:30:00+00:00,HDFCBANK,-0.00035286574796955517
2025-07-14 18:30:00+00:00,HDFCBANK,0.006303592274967684
2025-07-15 18:30:00+00:00,HDFCBANK,0.00040088168213570086
2025-07-16 18:30:00+00:00,HDFCBANK,-0.004708732751739331
2025-07-17 18:30:00+00:00,HDFCBANK,-0.014847243334064175
2025-07-20 18:30:00+00:00,HDFCBANK,0.02201902118733501
2025-07-21 18:30:00+00:00,HDFCBANK,0.0032991760470997278
2025-07-22 18:30:00+00:00,HDFCBANK,0.008569600498690821
2025-07-23 18:30:00+00:00,HDFCBANK,-0.004989450728788536
2025-07-24 18:30:00+00:00,HDFCBANK,-0.0022894563496553832
2025-07-27 18:30:00+00:00,HDFCBANK,0.0019455374945429593
2025-07-28 18:30:00+00:00,HDFCBANK,0.0065222681533172455
2025-07-29 18:30:00+00:00,HDFCBANK,0.0020775985817718112
2025-07-30 18:30:00+00:00,HDFCBANK,-0.0037516524203097257
2025-07-31 18:30:00+00:00,HDFCBANK,-0.0029729462616011615
2025-08-03 18:30:00+00:00,HDFCBANK,-0.010038739519952267
2025-08-04 18:30:00+00:00,HDFCBANK,-0.007228927918706107
2025-08-05 18:30:00+00:00,HDFCBANK,0.0038936454982032576
2025-08-06 18:30:00+00:00,HDFCBANK,0.005087379911111967
2025-08-07 18:30:00+00:00,HDFCBANK,-0.010774781866765504
2025-08-10 18:30:00+00:00,HDFCBANK,0.010993439841674002
2025-08-11 18:30:00+00:00,HDFCBANK,-0.012878308020789153
2025-08-12 18:30:00+00:00,HDFCBANK,0.005279468138062349
2025-08-13 18:30:00+00:00,HDFCBANK,0.0054536820135937525
2025-08-17 18:30:00+00:00,HDFCBANK,0.0062779368958214565
2025-08-18 18:30:00+00:00,HDFCBANK,-0.006238770289635487
2025-08-19 18:30:00+00:00,HDFCBANK,-0.0014564936214259694
2025-08-20 18:30:00+00:00,HDFCBANK,0.0015089025619539065
2025-08-21 18:30:00+00:00,HDFCBANK,-0.013358766692557866
2025-08-24 18:30:00+00:00,HDFCBANK,-0.0002545047369507669
2025-08-25 18:30:00+00:00,HDFCBANK,-0.008808068312638584
2025-08-27 18:30:00+00:00,HDFCBANK,-0.016026336788397044
2025-08-28 18:30:00+00:00,HDFCBANK,-0.006473180503288267
2025-08-31 18:30:00+00:00,HDFCBANK,-0.00105086173356006
2025-09-01 18:30:00+00:00,HDFCBANK,-0.006416974271620024
2025-09-02 18:30:00+00:00,HDFCBANK,0.01053468735524743
2025-09-03 18:30:00+00:00,HDFCBANK,0.007124509095290055
2025-09-04 18:30:00+00:00,HDFCBANK,0.002236696399544824
2025-09-07 18:30:00+00:00,HDFCBANK,0.002698749761314234
2025-09-08 18:30:00+00:00,HDFCBANK,-0.0008798919109085368
2025-09-09 18:30:00+00:00,HDFCBANK,0.0007770812630454316
2025-09-10 18:30:00+00:00,HDFCBANK,0.001967039373520052
2025-09-11 18:30:00+00:00,HDFCBANK,-0.000516635675043009
2025-09-14 18:30:00+00:00,HDFCBANK,-0.0002584513627157392
2025-09-15 18:30:00+00:00,HDFCBANK,-0.00020682716463049644
2025-09-16 18:30:00+00:00,HDFCBANK,-0.00036197506828861137
2025-09-17 18:30:00+00:00,HDFCBANK,0.010760501204410078
2025-09-18 18:30:00+00:00,HDFCBANK,-0.010236462022813364
2025-09-21 18:30:00+00:00,HDFCBANK,-0.0027924419679969947
2025-09-22 18:30:00+00:00,HDFCBANK,-0.007259904492198821
2025-09-23 18:30:00+00:00,HDFCBANK,-0.006425014976631949
2025-09-24 18:30:00+00:00,HDFCBANK,-0.001261776165746964
2025-09-25 18:30:00+00:00,HDFCBANK,-0.005053416767219376
2025-09-28 18:30:00+00:00,HDFCBANK,0.005555261698125147
2025-09-29 18:30:00+00:00,HDFCBANK,0.0007366223466518385
2025-09-30 18:30:00+00:00,HDFCBANK,0.014984227129337446
2025-10-02 18:30:00+00:00,HDFCBANK,-0.00010357481060618845
2025-10-05 18:30:00+00:00,HDFCBANK,0.008599686663229189
2025-10-06 18:30:00+00:00,HDFCBANK,0.009296818202765733
2025-10-07 18:30:00+00:00,HDFCBANK,-0.0038676720539122522
2025-10-08 18:30:00+00:00,HDFCBANK,-0.0016348590999661905
2025-10-09 18:30:00+00:00,HDFCBANK,0.0038891095313413615
2025-10-12 18:30:00+00:00,HDFCBANK,-0.003975965253331548
2025-10-13 18:30:00+00:00,HDFCBANK,0.00015355620681933857
2025-10-14 18:30:00+00:00,HDFCBANK,0.001125697752089927
2025-10-15 18:30:00+00:00,HDFCBANK,0.01645793568713283
2025-10-16 18:30:00+00:00,HDFCBANK,0.008246605730742873
2025-10-19 18:30:00+00:00,HDFCBANK,0.00039900695120764773
2025-10-20 18:30:00+00:00,HDFCBANK,0.004736028657646996
2025-10-22 18:30:00+00:00,HDFCBANK,0.0010915704799172588
2025-10-23 18:30:00+00:00,HDFCBANK,-0.013927426608823623
2025-10-26 18:30:00+00:00,HDFCBANK,0.008243289476784321
2025-10-27 18:30:00+00:00,HDFCBANK,0.0005982108566080502
2025-10-28 18:30:00+00:00,HDFCBANK,0.004284776887323316
2025-10-29 18:30:00+00:00,HDFCBANK,-0.009624399867882993
2025-10-30 18:30:00+00:00,HDFCBANK,-0.010870146126042424
2025-11-02 18:30:00+00:00,HDFCBANK,0.005418856160479768
2025-11-03 18:30:00+00:00,HDFCBANK,-0.007454817138024539
2025-11-05 18:30:00+00:00,HDFCBANK,-0.0006089577121924927
2025-11-06 18:30:00+00:00,HDFCBANK,-0.0023866719776827194
2025-11-09 18:30:00+00:00,HDFCBANK,0.0022396541121558755
2025-11-10 18:30:00+00:00,HDFCBANK,0.007313369433246564
2025-11-11 18:30:00+00:00,HDFCBANK,-0.0022184251083501305
2025-11-12 18:30:00+00:00,HDFCBANK,-0.00288021787361048
2025-11-13 18:30:00+00:00,HDFCBANK,0.002989865807409453
2025-11-16 18:30:00+00:00,HDFCBANK,0.007023052120546103
2025-11-17 18:30:00+00:00,HDFCBANK,-0.004114169521006739
2025-11-18 18:30:00+00:00,HDFCBANK,0.0021663190613754324
2025-11-19 18:30:00+00:00,HDFCBANK,0.014327368137732943
2025-11-20 18:30:00+00:00,HDFCBANK,-0.010705246621725117
2025-11-23 18:30:00+00:00,HDFCBANK,0.0011021858970472476
2025-11-24 18:30:00+00:00,HDFCBANK,-0.009357990684709105
2025-11-25 18:30:00+00:00,HDFCBANK,0.014245339255391842
2025-11-26 18:30:00+00:00,HDFCBANK,0.005578220390228594
2025-11-27 18:30:00+00:00,HDFCBANK,-0.0018821440456289196
2025-11-30 18:30:00+00:00,HDFCBANK,-0.005458515416102205
2025-12-01 18:30:00+00:00,HDFCBANK,-0.012274212246913718
2025-12-02 18:30:00+00:00,HDFCBANK,0.010810277166086735
2025-12-03 18:30:00+00:00,HDFCBANK,-0.0032983386236569157
2025-12-04 18:30:00+00:00,HDFCBANK,0.006117103400788082
2025-12-07 18:30:00+00:00,HDFCBANK,-0.00019935434014217712
2025-12-08 18:30:00+00:00,HDFCBANK,-0.005981457627386777
2025-12-09 18:30:00+00:00,HDFCBANK,-0.007321219508283572
2025-12-10 18:30:00+00:00,HDFCBANK,0.010608203808339711
2025-12-11 18:30:00+00:00,HDFCBANK,0.0011996523259776293
2025-12-14 18:30:00+00:00,HDFCBANK,-0.005391936509298478
2025-12-15 18:30:00+00:00,HDFCBANK,-0.0018070352746570872
2025-12-16 18:30:00+00:00,HDFCBANK,-0.010359034415590718
2025-12-17 18:30:00+00:00,HDFCBANK,-0.004369906293667403
2025-12-18 18:30:00+00:00,HDFCBANK,0.0059201671130970634
2025-12-21 18:30:00+00:00,HDFCBANK,0.0022323817422944536
2025-12-22 18:30:00+00:00,HDFCBANK,0.009010796060454851
2025-12-23 18:30:00+00:00,HDFCBANK,0.0006020837204423479
2025-12-25 18:30:00+00:00,HDFCBANK,-0.00511435675758376
2025-12-28 18:30:00+00:00,HDFCBANK,-0.0004031482600028724
2025-12-29 18:30:00+00:00,HDFCBANK,-0.0008066832541309132
2025-12-30 18:30:00+00:00,HDFCBANK,0.00030274274455321937
2025-12-31 18:30:00+00:00,HDFCBANK,-5.0431590348343214e-05
2026-01-01 18:30:00+00:00,HDFCBANK,0.010543258754448281
2026-01-04 18:30:00+00:00,HDFCBANK,-0.024061477808881793
2026-01-05 18:30:00+00:00,HDFCBANK,-0.015652161425032007
2026-01-06 18:30:00+00:00,HDFCBANK,-0.013666622580787324
2026-01-07 18:30:00+00:00,HDFCBANK,-0.002476134678008224
2026-01-08 18:30:00+00:00,HDFCBANK,-0.008133529214899182
2026-01-11 18:30:00+00:00,HDFCBANK,-0.00218316058889112
2026-01-12 18:30:00+00:00,HDFCBANK,0.000426878033721545
2026-01-13 18:30:00+00:00,HDFCBANK,-0.012695325853577466
2026-01-14 18:30:00+00:00,HDFCBANK,0.0
2026-01-15 18:30:00+00:00,HDFCBANK,0.006105098389303842
2026-01-18 18:30:00+00:00,HDFCBANK,-0.0034367428372678033
2026-01-19 18:30:00+00:00,HDFCBANK,0.003556404468307628
2026-01-20 18:30:00+00:00,HDFCBANK,-0.011651671476440417
2026-01-21 18:30:00+00:00,HDFCBANK,-0.0017927564759872006
2026-01-22 18:30:00+00:00,HDFCBANK,-0.002830125815332707
2026-01-26 18:30:00+00:00,HDFCBANK,0.011243367648314573
2026-01-27 18:30:00+00:00,HDFCBANK,0.006800504778649463
2026-01-28 18:30:00+00:00,HDFCBANK,0.003002023969468137
2026-01-29 18:30:00+00:00,HDFCBANK,-0.00668091929449488
2026-02-01 18:30:00+00:00,HDFCBANK,-0.001237583442628365
2026-02-02 18:30:00+00:00,HDFCBANK,0.02219592410622373
2026-02-03 18:30:00+00:00,HDFCBANK,0.004637886921357248
2026-02-04 18:30:00+00:00,HDFCBANK,-0.0035672683516921877
2026-02-05 18:30:00+00:00,HDFCBANK,-0.009055529652050698
2025-01-01 18:30:00+00:00,HDFCLIFE,0.004779692376222
2025-01-02 18:30:00+00:00,HDFCLIFE,0.004595594131416858
2025-01-05 18:30:00+00:00,HDFCLIFE,-0.02736755798353807
2025-01-06 18:30:00+00:00,HDFCLIFE,0.0229391004653392
2025-01-07 18:30:00+00:00,HDFCLIFE,-0.0029845093046466653
2025-01-08 18:30:00+00:00,HDFCLIFE,-0.009385087371979406
2025-01-09 18:30:00+00:00,HDFCLIFE,-0.0057987708641231706
2025-01-12 18:30:00+00:00,HDFCLIFE,-0.014622559261607826
2025-01-13 18:30:00+00:00,HDFCLIFE,0.0011671339488519283
2025-01-14 18:30:00+00:00,HDFCLIFE,-0.010408785142276389
2025-01-15 18:30:00+00:00,HDFCLIFE,0.07943451423891013
2025-01-16 18:30:00+00:00,HDFCLIFE,0.001247264839145279
2025-01-19 18:30:00+00:00,HDFCLIFE,-0.01269079508028459
2025-01-20 18:30:00+00:00,HDFCLIFE,-0.015850454262889446
2025-01-21 18:30:00+00:00,HDFCLIFE,-0.009294846173802274
2025-01-22 18:30:00+00:00,HDFCLIFE,0.004529204498315398
2025-01-23 18:30:00+00:00,HDFCLIFE,0.00016104205444711361
2025-01-26 18:30:00+00:00,HDFCLIFE,-0.01754947649066052
2025-01-27 18:30:00+00:00,HDFCLIFE,0.0022123461089458285
2025-01-28 18:30:00+00:00,HDFCLIFE,0.027471132952549215
2025-01-29 18:30:00+00:00,HDFCLIFE,0.009230597200138524
2025-01-30 18:30:00+00:00,HDFCLIFE,0.0061499194018033165
2025-01-31 18:30:00+00:00,HDFCLIFE,-0.019669266028425003
2025-02-02 18:30:00+00:00,HDFCLIFE,-0.006554733230899612
2025-02-03 18:30:00+00:00,HDFCLIFE,0.007241734769998898
2025-02-04 18:30:00+00:00,HDFCLIFE,0.003115441785975337
2025-02-05 18:30:00+00:00,HDFCLIFE,0.006530296961330784
2025-02-06 18:30:00+00:00,HDFCLIFE,0.005933951353995548
2025-02-09 18:30:00+00:00,HDFCLIFE,0.0
2025-02-10 18:30:00+00:00,HDFCLIFE,-0.026899469210277638
2025-02-11 18:30:00+00:00,HDFCLIFE,0.017054665458947404
2025-02-12 18:30:00+00:00,HDFCLIFE,0.0007152043176861245
2025-02-13 18:30:00+00:00,HDFCLIFE,-0.005400249559343817
2025-02-16 18:30:00+00:00,HDFCLIFE,-0.004710899213986819
2025-02-17 18:30:00+00:00,HDFCLIFE,-0.006899317610086664
2025-02-18 18:30:00+00:00,HDFCLIFE,0.00630094718401919
2025-02-19 18:30:00+00:00,HDFCLIFE,-0.004575771288081731
2025-02-20 18:30:00+00:00,HDFCLIFE,0.0045968052174123475
2025-02-23 18:30:00+00:00,HDFCLIFE,-0.009392289895147177
2025-02-24 18:30:00+00:00,HDFCLIFE,0.008346838026902503
2025-02-26 18:30:00+00:00,HDFCLIFE,-0.0060274221639143866
2025-02-27 18:30:00+00:00,HDFCLIFE,-0.016009104568931454
2025-03-02 18:30:00+00:00,HDFCLIFE,0.015612164853533672
2025-03-03 18:30:00+00:00,HDFCLIFE,-0.0024271589860441756
2025-03-04 18:30:00+00:00,HDFCLIFE,0.007623628323697229
2025-03-05 18:30:00+00:00,HDFCLIFE,-0.0047488168599501
2025-03-06 18:30:00+00:00,HDFCLIFE,0.011241414259108629
2025-03-09 18:30:00+00:00,HDFCLIFE,0.001119623394597813
2025-03-10 18:30:00+00:00,HDFCLIFE,0.017654561261994495
2025-03-11 18:30:00+00:00,HDFCLIFE,-0.007771386687624338
2025-03-12 18:30:00+00:00,HDFCLIFE,-0.015189887882662179
2025-03-16 18:30:00+00:00,HDFCLIFE,0.011889420434635811
2025-03-17 18:30:00+00:00,HDFCLIFE,0.0
2025-03-18 18:30:00+00:00,HDFCLIFE,0.05517628423159904
2025-03-19 18:30:00+00:00,HDFCLIFE,0.014746764474959706
2025-03-20 18:30:00+00:00,HDFCLIFE,0.007785284116718971
2025-03-23 18:30:00+00:00,HDFCLIFE,0.0004414675454711414
2025-03-24 18:30:00+00:00,HDFCLIFE,-0.010001551926152819
2025-03-25 18:30:00+00:00,HDFCLIFE,-0.006982478381104551
2025-03-26 18:30:00+00:00,HDFCLIFE,0.02019745661521788
2025-03-27 18:30:00+00:00,HDFCLIFE,0.005572611976856878
2025-03-31 18:30:00+00:00,HDFCLIFE,0.010500251661506033
2025-04-01 18:30:00+00:00,HDFCLIFE,0.004690411715880138
2025-04-02 18:30:00+00:00,HDFCLIFE,-0.00466851446095673
2025-04-03 18:30:00+00:00,HDFCLIFE,-0.00555639910712491
2025-04-06 18:30:00+00:00,HDFCLIFE,-0.03352440462465123
2025-04-07 18:30:00+00:00,HDFCLIFE,0.029731963011342177
2025-04-08 18:30:00+00:00,HDFCLIFE,-0.001385353806081513
2025-04-10 18:30:00+00:00,HDFCLIFE,0.0010951988213965258
2025-04-14 18:30:00+00:00,HDFCLIFE,0.027933799299889595
2025-04-15 18:30:00+00:00,HDFCLIFE,0.01610616104128737
2025-04-16 18:30:00+00:00,HDFCLIFE,0.005586171969989895
2025-04-20 18:30:00+00:00,HDFCLIFE,-0.01090194631773822
2025-04-21 18:30:00+00:00,HDFCLIFE,0.0004913839797995312
2025-04-22 18:30:00+00:00,HDFCLIFE,-0.004841766261627134
2025-04-23 18:30:00+00:00,HDFCLIFE,-0.0009871507275672764
2025-04-24 18:30:00+00:00,HDFCLIFE,-0.005434823459602778
2025-04-27 18:30:00+00:00,HDFCLIFE,0.008941905887732693
2025-04-28 18:30:00+00:00,HDFCLIFE,0.005908409196361486
2025-04-29 18:30:00+00:00,HDFCLIFE,0.04006715349009671
2025-05-01 18:30:00+00:00,HDFCLIFE,-0.01956433252567613
2025-05-04 18:30:00+00:00,HDFCLIFE,0.01337176156321962
2025-05-05 18:30:00+00:00,HDFCLIFE,-0.022059895460593615
2025-05-06 18:30:00+00:00,HDFCLIFE,0.0017991022529730838
2025-05-07 18:30:00+00:00,HDFCLIFE,-0.001312344723418013
2025-05-08 18:30:00+00:00,HDFCLIFE,-0.012933194369227685
2025-05-11 18:30:00+00:00,HDFCLIFE,0.02942828761083116
2025-05-12 18:30:00+00:00,HDFCLIFE,0.000612621859927609
2025-05-13 18:30:00+00:00,HDFCLIFE,0.009046980802362103
2025-05-14 18:30:00+00:00,HDFCLIFE,0.012808416476076667
2025-05-15 18:30:00+00:00,HDFCLIFE,-0.0008652622856856196
2025-05-18 18:30:00+00:00,HDFCLIFE,0.0005329804050602238
2025-05-19 18:30:00+00:00,HDFCLIFE,-0.005193464752990984
2025-05-20 18:30:00+00:00,HDFCLIFE,0.016933246129811286
2025-05-21 18:30:00+00:00,HDFCLIFE,-0.0050678281731931785
2025-05-22 18:30:00+00:00,HDFCLIFE,0.032480033944116915
2025-05-25 18:30:00+00:00,HDFCLIFE,-0.0005125156960382737
2025-05-26 18:30:00+00:00,HDFCLIFE,-0.0053846843144076395
2025-05-27 18:30:00+00:00,HDFCLIFE,0.017594809584029925
2025-05-28 18:30:00+00:00,HDFCLIFE,-0.010830319591995985
2025-05-29 18:30:00+00:00,HDFCLIFE,-0.00518637864929683
2025-06-01 18:30:00+00:00,HDFCLIFE,-0.013065569479956629
2025-06-02 18:30:00+00:00,HDFCLIFE,-0.011477700104582156
2025-06-03 18:30:00+00:00,HDFCLIFE,0.0011874146323658241
2025-06-04 18:30:00+00:00,HDFCLIFE,0.0036900574371003803
2025-06-05 18:30:00+00:00,HDFCLIFE,-0.008534708320117046
2025-06-08 18:30:00+00:00,HDFCLIFE,0.007019032124613078
2025-06-09 18:30:00+00:00,HDFCLIFE,0.002695899639191923
2025-06-10 18:30:00+00:00,HDFCLIFE,0.002295235169492038
2025-06-11 18:30:00+00:00,HDFCLIFE,-0.012693034036139306
2025-06-12 18:30:00+00:00,HDFCLIFE,-0.0021868720672134634
2025-06-15 18:30:00+00:00,HDFCLIFE,0.023510624685078696
2025-06-16 18:30:00+00:00,HDFCLIFE,0.004412508416474781
2025-06-17 18:30:00+00:00,HDFCLIFE,-0.010013566941579954
2025-06-18 18:30:00+00:00,HDFCLIFE,-0.0056774529352531244
2025-06-19 18:30:00+00:00,HDFCLIFE,0.02527156931180219
2025-06-22 18:30:00+00:00,HDFCLIFE,-0.006162125576413713
2025-06-23 18:30:00+00:00,HDFCLIFE,0.0071691372704785206
2025-06-24 18:30:00+00:00,HDFCLIFE,0.006925693592874316
2025-06-25 18:30:00+00:00,HDFCLIFE,0.01827797359232375
2025-06-26 18:30:00+00:00,HDFCLIFE,0.009381449603452774
2025-06-29 18:30:00+00:00,HDFCLIFE,0.00910834063418009
2025-06-30 18:30:00+00:00,HDFCLIFE,-0.005403369083710308
2025-07-01 18:30:00+00:00,HDFCLIFE,-0.024941365104471203
2025-07-02 18:30:00+00:00,HDFCLIFE,-0.004875315387591006
2025-07-03 18:30:00+00:00,HDFCLIFE,-0.0009543806366358876
2025-07-06 18:30:00+00:00,HDFCLIFE,0.005540742270240484
2025-07-07 18:30:00+00:00,HDFCLIFE,0.005953527309337403
2025-07-08 18:30:00+00:00,HDFCLIFE,-0.009884828281514713
2025-07-09 18:30:00+00:00,HDFCLIFE,-0.019140262020366894
2025-07-10 18:30:00+00:00,HDFCLIFE,-0.01588330632090762
2025-07-13 18:30:00+00:00,HDFCLIFE,0.007575757575757569
2025-07-14 18:30:00+00:00,HDFCLIFE,-0.010330205183474939
2025-07-15 18:30:00+00:00,HDFCLIFE,-0.0011890908475085116
2025-07-16 18:30:00+00:00,HDFCLIFE,-0.005489813277396838
2025-07-17 18:30:00+00:00,HDFCLIFE,-0.016360718266406726
2025-07-20 18:30:00+00:00,HDFCLIFE,0.017308976055400604
2025-07-21 18:30:00+00:00,HDFCLIFE,0.014621826636300739
2025-07-22 18:30:00+00:00,HDFCLIFE,-0.001048064726532849
2025-07-23 18:30:00+00:00,HDFCLIFE,-0.006819688140368818
2025-07-24 18:30:00+00:00,HDFCLIFE,0.006668411295880361
2025-07-27 18:30:00+00:00,HDFCLIFE,-0.0015084454853198093
2025-07-28 18:30:00+00:00,HDFCLIFE,-0.006371566662264683
2025-07-29 18:30:00+00:00,HDFCLIFE,0.001454401608516731
2025-07-30 18:30:00+00:00,HDFCLIFE,-0.0025744434294078244
2025-07-31 18:30:00+00:00,HDFCLIFE,-0.018266032816636302
2025-08-03 18:30:00+00:00,HDFCLIFE,-0.0025617154952023435
2025-08-04 18:30:00+00:00,HDFCLIFE,-0.0017572152127860452
2025-08-05 18:30:00+00:00,HDFCLIFE,0.019025034249111394
2025-08-06 18:30:00+00:00,HDFCLIFE,0.0041858008971613625
2025-08-07 18:30:00+00:00,HDFCLIFE,0.007741134698215246
2025-08-10 18:30:00+00:00,HDFCLIFE,0.004201972632558393
2025-08-11 18:30:00+00:00,HDFCLIFE,0.0018960604210935816
2025-08-12 18:30:00+00:00,HDFCLIFE,0.013573431497278632
2025-08-13 18:30:00+00:00,HDFCLIFE,0.015645151681720648
2025-08-17 18:30:00+00:00,HDFCLIFE,0.0028526148969889586
2025-08-18 18:30:00+00:00,HDFCLIFE,0.003476611883691527
2025-08-19 18:30:00+00:00,HDFCLIFE,0.003527543676181022
2025-08-20 18:30:00+00:00,HDFCLIFE,-0.0013809247414405812
2025-08-21 18:30:00+00:00,HDFCLIFE,-0.008422920490555486
2025-08-24 18:30:00+00:00,HDFCLIFE,-0.0022187004754358197
2025-08-25 18:30:00+00:00,HDFCLIFE,-0.01321477053883413
2025-08-27 18:30:00+00:00,HDFCLIFE,-0.0016095802720788033
2025-08-28 18:30:00+00:00,HDFCLIFE,-0.004256126777427038
2025-08-31 18:30:00+00:00,HDFCLIFE,0.012628715956426673
2025-09-01 18:30:00+00:00,HDFCLIFE,0.0012151601712262483
2025-09-02 18:30:00+00:00,HDFCLIFE,-0.008048531195105402
2025-09-03 18:30:00+00:00,HDFCLIFE,-0.028591682475383684
2025-09-04 18:30:00+00:00,HDFCLIFE,0.007026831677784173
2025-09-07 18:30:00+00:00,HDFCLIFE,-0.0076360843738827455
2025-09-08 18:30:00+00:00,HDFCLIFE,0.009751211390961911
2025-09-09 18:30:00+00:00,HDFCLIFE,0.021679149296118805
2025-09-10 18:30:00+00:00,HDFCLIFE,-0.004308096310591036
2025-09-11 18:30:00+00:00,HDFCLIFE,0.006974522975863762
2025-09-14 18:30:00+00:00,HDFCLIFE,-0.003142451266993196
2025-09-15 18:30:00+00:00,HDFCLIFE,-0.0036670568403627257
2025-09-16 18:30:00+00:00,HDFCLIFE,-0.008135840371405245
2025-09-17 18:30:00+00:00,HDFCLIFE,0.021548060746053865
2025-09-18 18:30:00+00:00,HDFCLIFE,-0.0030588369278420346
2025-09-21 18:30:00+00:00,HDFCLIFE,0.007159262974359759
2025-09-22 18:30:00+00:00,HDFCLIFE,-0.016184310989543538
2025-09-23 18:30:00+00:00,HDFCLIFE,-0.006193133176657706
2025-09-24 18:30:00+00:00,HDFCLIFE,-0.006751070700462547
2025-09-25 18:30:00+00:00,HDFCLIFE,-0.0008495698180209788
2025-09-28 18:30:00+00:00,HDFCLIFE,-0.01020414518445889
2025-09-29 18:30:00+00:00,HDFCLIFE,-0.00019820695710448533
2025-09-30 18:30:00+00:00,HDFCLIFE,0.009980815217307981
2025-10-02 18:30:00+00:00,HDFCLIFE,-0.006282706535299387
2025-10-05 18:30:00+00:00,HDFCLIFE,0.005071095263480707
2025-10-06 18:30:00+00:00,HDFCLIFE,-0.009763465469122878
2025-10-07 18:30:00+00:00,HDFCLIFE,-0.01098463216139256
2025-10-08 18:30:00+00:00,HDFCLIFE,0.009433946083405864
2025-10-09 18:30:00+00:00,HDFCLIFE,-0.0093457785128086
2025-10-12 18:30:00+00:00,HDFCLIFE,-0.001003613023218386
2025-10-13 18:30:00+00:00,HDFCLIFE,-0.004018485096850544
2025-10-14 18:30:00+00:00,HDFCLIFE,0.02367028029054885
2025-10-15 18:30:00+00:00,HDFCLIFE,-0.024042630547391086
2025-10-16 18:30:00+00:00,HDFCLIFE,0.004173166484455315
2025-10-19 18:30:00+00:00,HDFCLIFE,-0.004960134253613191
2025-10-20 18:30:00+00:00,HDFCLIFE,0.001953536149587487
2025-10-22 18:30:00+00:00,HDFCLIFE,-6.72149954931145e-05
2025-10-23 18:30:00+00:00,HDFCLIFE,-0.01169906800431586
2025-10-26 18:30:00+00:00,HDFCLIFE,0.003129447928114093
2025-10-27 18:30:00+00:00,HDFCLIFE,0.01322482197355046
2025-10-28 18:30:00+00:00,HDFCLIFE,0.019143223283760058
2025-10-29 18:30:00+00:00,HDFCLIFE,-0.019309092923601723
2025-10-30 18:30:00+00:00,HDFCLIFE,-0.019756228880698945
2025-11-02 18:30:00+00:00,HDFCLIFE,0.005670594455837508
2025-11-03 18:30:00+00:00,HDFCLIFE,0.008763603542162102
2025-11-05 18:30:00+00:00,HDFCLIFE,-0.008620141839633888
2025-11-06 18:30:00+00:00,HDFCLIFE,0.017933581177837166
2025-11-09 18:30:00+00:00,HDFCLIFE,0.0019352848942693068
2025-11-10 18:30:00+00:00,HDFCLIFE,0.0175836046255331
2025-11-11 18:30:00+00:00,HDFCLIFE,0.025134115143669478
2025-11-12 18:30:00+00:00,HDFCLIFE,-0.001149231780058324
2025-11-13 18:30:00+00:00,HDFCLIFE,-0.01086678581865097
2025-11-16 18:30:00+00:00,HDFCLIFE,-0.004459108378698118
2025-11-17 18:30:00+00:00,HDFCLIFE,-0.010970479983162917
2025-11-18 18:30:00+00:00,HDFCLIFE,-0.0009188923841535468
2025-11-19 18:30:00+00:00,HDFCLIFE,0.0014453247357508747
2025-11-20 18:30:00+00:00,HDFCLIFE,0.002361568832512484
2025-11-23 18:30:00+00:00,HDFCLIFE,-0.0030758842747873327
2025-11-24 18:30:00+00:00,HDFCLIFE,0.006433352881037191
2025-11-25 18:30:00+00:00,HDFCLIFE,0.027395473660449365
2025-11-26 18:30:00+00:00,HDFCLIFE,-0.012380166530537862
2025-11-27 18:30:00+00:00,HDFCLIFE,-0.01735664722534469
2025-11-30 18:30:00+00:00,HDFCLIFE,0.003205563582574511
2025-12-01 18:30:00+00:00,HDFCLIFE,-0.01010759700032604
2025-12-02 18:30:00+00:00,HDFCLIFE,-0.009288521466361943
2025-12-03 18:30:00+00:00,HDFCLIFE,0.011769366902411704
2025-12-04 18:30:00+00:00,HDFCLIFE,0.009858044322210047
2025-12-07 18:30:00+00:00,HDFCLIFE,-0.005531693436841789
2025-12-08 18:30:00+00:00,HDFCLIFE,-0.001505089192171849
2025-12-09 18:30:00+00:00,HDFCLIFE,0.010682872090829632
2025-12-10 18:30:00+00:00,HDFCLIFE,0.005382302677860551
2025-12-11 18:30:00+00:00,HDFCLIFE,0.0029669604705249153
2025-12-14 18:30:00+00:00,HDFCLIFE,-0.0061736177401526815
2025-12-15 18:30:00+00:00,HDFCLIFE,-0.010806310973444755
2025-12-16 18:30:00+00:00,HDFCLIFE,-0.014195036217041879
2025-12-17 18:30:00+00:00,HDFCLIFE,0.004644990046449804
2025-12-18 18:30:00+00:00,HDFCLIFE,0.012483503575998922
2025-12-21 18:30:00+00:00,HDFCLIFE,-0.006066963715836482
2025-12-22 18:30:00+00:00,HDFCLIFE,0.0028222951542586916
2025-12-23 18:30:00+00:00,HDFCLIFE,-0.011257328992309912
2025-12-25 18:30:00+00:00,HDFCLIFE,-0.00913478996746353
2025-12-28 18:30:00+00:00,HDFCLIFE,-0.002672189147411963
2025-12-29 18:30:00+00:00,HDFCLIFE,-0.004621893161781299
2025-12-30 18:30:00+00:00,HDFCLIFE,0.00921934802952551
2025-12-31 18:30:00+00:00,HDFCLIFE,0.00033340002419102177
2026-01-01 18:30:00+00:00,HDFCLIFE,0.006332489207574676
2026-01-04 18:30:00+00:00,HDFCLIFE,0.005895227331201847
2026-01-05 18:30:00+00:00,HDFCLIFE,0.0244303807338222
2026-01-06 18:30:00+00:00,HDFCLIFE,-0.007070772221670296
2026-01-07 18:30:00+00:00,HDFCLIFE,-0.018385384373324154
2026-01-08 18:30:00+00:00,HDFCLIFE,-0.010881751281846874
2026-01-11 18:30:00+00:00,HDFCLIFE,0.006334177684167219
2026-01-12 18:30:00+00:00,HDFCLIFE,-0.008149505353607589
2026-01-13 18:30:00+00:00,HDFCLIFE,-0.00708081201465427
2026-01-14 18:30:00+00:00,HDFCLIFE,0.0
2026-01-15 18:30:00+00:00,HDFCLIFE,-0.014329957264715087
2026-01-18 18:30:00+00:00,HDFCLIFE,0.005801651861061963
2026-01-19 18:30:00+00:00,HDFCLIFE,-0.006378952612512645
2026-01-20 18:30:00+00:00,HDFCLIFE,-0.010585985874124959
2026-01-21 18:30:00+00:00,HDFCLIFE,0.0010354110930883564
2026-01-22 18:30:00+00:00,HDFCLIFE,-0.017928562181366736
2026-01-26 18:30:00+00:00,HDFCLIFE,0.011164179861808954
2026-01-27 18:30:00+00:00,HDFCLIFE,0.011874158652755984
2026-01-28 18:30:00+00:00,HDFCLIFE,-0.0020587428633849214
2026-01-29 18:30:00+00:00,HDFCLIFE,0.005363807653713248
2026-02-01 18:30:00+00:00,HDFCLIFE,-0.01846785225718195
2026-02-02 18:30:00+00:00,HDFCLIFE,0.0036934138175086506
2026-02-03 18:30:00+00:00,HDFCLIFE,0.0032631750416860505
2026-02-04 18:30:00+00:00,HDFCLIFE,-0.002491332585423889
2026-02-05 18:30:00+00:00,HDFCLIFE,-0.023865702671988176
2025-01-01 18:30:00+00:00,HINDALCO,0.010203265870447842
2025-01-02 18:30:00+00:00,HINDALCO,-0.01310516764110159
2025-01-05 18:30:00+00:00,HINDALCO,-0.02884213663992652
2025-01-06 18:30:00+00:00,HINDALCO,0.01811529907598075
2025-01-07 18:30:00+00:00,HINDALCO,0.0036784467424655354
2025-01-08 18:30:00+00:00,HINDALCO,0.004431914648333146
2025-01-09 18:30:00+00:00,HINDALCO,-0.025116684202860062
2025-01-12 18:30:00+00:00,HINDALCO,-0.018626562220721454
2025-01-13 18:30:00+00:00,HINDALCO,0.04815973237467852
2025-01-14 18:30:00+00:00,HINDALCO,0.0010999055752238807
2025-01-15 18:30:00+00:00,HINDALCO,0.018679721736845734
2025-01-16 18:30:00+00:00,HINDALCO,0.023896552241320146
2025-01-19 18:30:00+00:00,HINDALCO,0.0018639140461094161
2025-01-20 18:30:00+00:00,HINDALCO,-0.005176824955622328
2025-01-21 18:30:00+00:00,HINDALCO,-0.0024392143524224474
2025-01-22 18:30:00+00:00,HINDALCO,-0.008476592653499426
2025-01-23 18:30:00+00:00,HINDALCO,-0.002219444056404174
2025-01-26 18:30:00+00:00,HINDALCO,-0.03295441087842532
2025-01-27 18:30:00+00:00,HINDALCO,-0.022235512582227557
2025-01-28 18:30:00+00:00,HINDALCO,0.01786176713136145
2025-01-29 18:30:00+00:00,HINDALCO,0.006420164408754925
2025-01-30 18:30:00+00:00,HINDALCO,0.010972138797812114
2025-01-31 18:30:00+00:00,HINDALCO,-0.013208707026725497
2025-02-02 18:30:00+00:00,HINDALCO,-0.021144217711751234
2025-02-03 18:30:00+00:00,HINDALCO,0.01724591089589489
2025-02-04 18:30:00+00:00,HINDALCO,0.02851264794896924
2025-02-05 18:30:00+00:00,HINDALCO,-0.008574726019880852
2025-02-06 18:30:00+00:00,HINDALCO,0.020068913968434465
2025-02-09 18:30:00+00:00,HINDALCO,-0.018768537065730007
2025-02-10 18:30:00+00:00,HINDALCO,-0.00025170792596274083
2025-02-11 18:30:00+00:00,HINDALCO,0.005118799422370701
2025-02-12 18:30:00+00:00,HINDALCO,0.00601091701285994
2025-02-13 18:30:00+00:00,HINDALCO,0.006141132782862879
2025-02-16 18:30:00+00:00,HINDALCO,0.0076706382309761345
2025-02-17 18:30:00+00:00,HINDALCO,0.0009823553479233471
2025-02-18 18:30:00+00:00,HINDALCO,0.02428651798655923
2025-02-19 18:30:00+00:00,HINDALCO,0.019958482696280422
2025-02-20 18:30:00+00:00,HINDALCO,0.02309010525120292
2025-02-23 18:30:00+00:00,HINDALCO,-0.01782562602959281
2025-02-24 18:30:00+00:00,HINDALCO,-0.03497429103267469
2025-02-26 18:30:00+00:00,HINDALCO,0.020179186819733186
2025-02-27 18:30:00+00:00,HINDALCO,0.0037976387975979797
2025-03-02 18:30:00+00:00,HINDALCO,0.0034681763825941125
2025-03-03 18:30:00+00:00,HINDALCO,0.008012027845397007
2025-03-04 18:30:00+00:00,HINDALCO,0.024468056564324714
2025-03-05 18:30:00+00:00,HINDALCO,0.03742306471005552
2025-03-06 18:30:00+00:00,HINDALCO,0.013783965852750768
2025-03-09 18:30:00+00:00,HINDALCO,-0.0031821451261652145
2025-03-10 18:30:00+00:00,HINDALCO,0.009214250117362877
2025-03-11 18:30:00+00:00,HINDALCO,-0.008123679789323268
2025-03-12 18:30:00+00:00,HINDALCO,-0.018119967177111285
2025-03-16 18:30:00+00:00,HINDALCO,0.0050196475254538075
2025-03-17 18:30:00+00:00,HINDALCO,0.0
2025-03-18 18:30:00+00:00,HINDALCO,0.026147625451468093
2025-03-19 18:30:00+00:00,HINDALCO,0.010593376602596072
2025-03-20 18:30:00+00:00,HINDALCO,-0.015015222414821894
2025-03-23 18:30:00+00:00,HINDALCO,0.008844462816128607
2025-03-24 18:30:00+00:00,HINDALCO,-0.01147540825558735
2025-03-25 18:30:00+00:00,HINDALCO,-0.0031004261811481415
2025-03-26 18:30:00+00:00,HINDALCO,0.002965366789154933
2025-03-27 18:30:00+00:00,HINDALCO,-0.015720734281593485
2025-03-31 18:30:00+00:00,HINDALCO,-0.0274012465022081
2025-04-01 18:30:00+00:00,HINDALCO,-0.0038418038276315514
2025-04-02 18:30:00+00:00,HINDALCO,-0.012930998811165995
2025-04-03 18:30:00+00:00,HINDALCO,-0.0807477259906858
2025-04-06 18:30:00+00:00,HINDALCO,-0.06358871332619598
2025-04-07 18:30:00+00:00,HINDALCO,0.011658960893222492
2025-04-08 18:30:00+00:00,HINDALCO,-0.007653675794875747
2025-04-10 18:30:00+00:00,HINDALCO,0.06436165202853839
2025-04-14 18:30:00+00:00,HINDALCO,0.028818852008452023
2025-04-15 18:30:00+00:00,HINDALCO,-0.01246748163182576
2025-04-16 18:30:00+00:00,HINDALCO,-0.0006559571687287935
2025-04-20 18:30:00+00:00,HINDALCO,0.020508611217925576
2025-04-21 18:30:00+00:00,HINDALCO,-0.0030546651922666035
2025-04-22 18:30:00+00:00,HINDALCO,0.014513838033328952
2025-04-23 18:30:00+00:00,HINDALCO,-0.001192224068149228
2025-04-24 18:30:00+00:00,HINDALCO,-0.009946635684091265
2025-04-27 18:30:00+00:00,HINDALCO,0.010528860427321485
2025-04-28 18:30:00+00:00,HINDALCO,-0.009703351199013999
2025-04-29 18:30:00+00:00,HINDALCO,0.003373231204107041
2025-05-01 18:30:00+00:00,HINDALCO,0.00936528120401281
2025-05-04 18:30:00+00:00,HINDALCO,0.004599553696629899
2025-05-05 18:30:00+00:00,HINDALCO,-0.00528903106519496
2025-05-06 18:30:00+00:00,HINDALCO,0.009919895296337078
2025-05-07 18:30:00+00:00,HINDALCO,-0.0253025269577688
2025-05-08 18:30:00+00:00,HINDALCO,0.011206080151032305
2025-05-11 18:30:00+00:00,HINDALCO,0.039543956077891185
2025-05-12 18:30:00+00:00,HINDALCO,-0.02638236946690553
2025-05-13 18:30:00+00:00,HINDALCO,0.024891629075575405
2025-05-14 18:30:00+00:00,HINDALCO,0.016601337395325544
2025-05-15 18:30:00+00:00,HINDALCO,-0.0057458281249389564
2025-05-18 18:30:00+00:00,HINDALCO,0.001216658307517271
2025-05-19 18:30:00+00:00,HINDALCO,0.006683395779556678
2025-05-20 18:30:00+00:00,HINDALCO,0.00037719938271396636
2025-05-21 18:30:00+00:00,HINDALCO,-0.020286620934498956
2025-05-22 18:30:00+00:00,HINDALCO,0.0008467782010932456
2025-05-25 18:30:00+00:00,HINDALCO,0.0174588904390669
2025-05-26 18:30:00+00:00,HINDALCO,-0.003023618692208019
2025-05-27 18:30:00+00:00,HINDALCO,-0.014405956046800172
2025-05-28 18:30:00+00:00,HINDALCO,7.690665357951154e-05
2025-05-29 18:30:00+00:00,HINDALCO,-0.025384621933074558
2025-06-01 18:30:00+00:00,HINDALCO,-0.0037885412446905242
2025-06-02 18:30:00+00:00,HINDALCO,0.0014261545382967533
2025-06-03 18:30:00+00:00,HINDALCO,0.006091754257705251
2025-06-04 18:30:00+00:00,HINDALCO,0.0022018146720088616
2025-06-05 18:30:00+00:00,HINDALCO,0.020243239188417972
2025-06-08 18:30:00+00:00,HINDALCO,0.0009996680697261784
2025-06-09 18:30:00+00:00,HINDALCO,0.011601139377204639
2025-06-10 18:30:00+00:00,HINDALCO,-0.0047847006130065095
2025-06-11 18:30:00+00:00,HINDALCO,-0.0063339816298674245
2025-06-12 18:30:00+00:00,HINDALCO,-0.014207754411191043
2025-06-15 18:30:00+00:00,HINDALCO,0.012153238636347208
2025-06-16 18:30:00+00:00,HINDALCO,-0.012161207121665019
2025-06-17 18:30:00+00:00,HINDALCO,0.005687897363561678
2025-06-18 18:30:00+00:00,HINDALCO,-0.006198197902945735
2025-06-19 18:30:00+00:00,HINDALCO,0.01216195864420233
2025-06-22 18:30:00+00:00,HINDALCO,0.018870844539030873
2025-06-23 18:30:00+00:00,HINDALCO,0.01209557472897016
2025-06-24 18:30:00+00:00,HINDALCO,0.004855061801464888
2025-06-25 18:30:00+00:00,HINDALCO,0.026685426379461363
2025-06-26 18:30:00+00:00,HINDALCO,0.009774120743558656
2025-06-29 18:30:00+00:00,HINDALCO,-0.006452978627434325
2025-06-30 18:30:00+00:00,HINDALCO,0.0020928185991089254
2025-07-01 18:30:00+00:00,HINDALCO,0.005833202052636821
2025-07-02 18:30:00+00:00,HINDALCO,-0.007875709305541045
2025-07-03 18:30:00+00:00,HINDALCO,0.009525856434809299
2025-07-06 18:30:00+00:00,HINDALCO,-0.010508282086713172
2025-07-07 18:30:00+00:00,HINDALCO,-0.009391733753440379
2025-07-08 18:30:00+00:00,HINDALCO,-0.01699232532631556
2025-07-09 18:30:00+00:00,HINDALCO,0.0016321507515775213
2025-07-10 18:30:00+00:00,HINDALCO,-0.006073591140435264
2025-07-13 18:30:00+00:00,HINDALCO,-0.006632385261512663
2025-07-14 18:30:00+00:00,HINDALCO,0.006526581306032009
2025-07-15 18:30:00+00:00,HINDALCO,-0.006111616250071394
2025-07-16 18:30:00+00:00,HINDALCO,0.011698460344521155
2025-07-17 18:30:00+00:00,HINDALCO,0.00200139125768084
2025-07-20 18:30:00+00:00,HINDALCO,0.010060649524993526
2025-07-21 18:30:00+00:00,HINDALCO,0.010766102007524259
2025-07-22 18:30:00+00:00,HINDALCO,0.007753126661696141
2025-07-23 18:30:00+00:00,HINDALCO,0.000287520725231305
2025-07-24 18:30:00+00:00,HINDALCO,-0.0030908432498145677
2025-07-27 18:30:00+00:00,HINDALCO,-0.005912523100919165
2025-07-28 18:30:00+00:00,HINDALCO,0.004859755802800736
2025-07-29 18:30:00+00:00,HINDALCO,-0.00563019423650879
2025-07-30 18:30:00+00:00,HINDALCO,-0.008347837450229378
2025-07-31 18:30:00+00:00,HINDALCO,-0.015518623996016445
2025-08-03 18:30:00+00:00,HINDALCO,0.022678263649066777
2025-08-04 18:30:00+00:00,HINDALCO,-0.0008724883216736368
2025-08-05 18:30:00+00:00,HINDALCO,-0.003274665963222567
2025-08-06 18:30:00+00:00,HINDALCO,0.0028473201336398635
2025-08-07 18:30:00+00:00,HINDALCO,-0.013273669631858054
2025-08-10 18:30:00+00:00,HINDALCO,0.00014860733695654105
2025-08-11 18:30:00+00:00,HINDALCO,-0.008620031215603396
2025-08-12 18:30:00+00:00,HINDALCO,0.05014618517227687
2025-08-13 18:30:00+00:00,HINDALCO,-0.00749464668094213
2025-08-17 18:30:00+00:00,HINDALCO,0.027184501134933425
2025-08-18 18:30:00+00:00,HINDALCO,-0.010431998813055787
2025-08-19 18:30:00+00:00,HINDALCO,-0.008277963096143148
2025-08-20 18:30:00+00:00,HINDALCO,0.009203128246724646
2025-08-21 18:30:00+00:00,HINDALCO,-0.004382829972343849
2025-08-24 18:30:00+00:00,HINDALCO,0.016543543278839445
2025-08-25 18:30:00+00:00,HINDALCO,-0.014178897429727888
2025-08-27 18:30:00+00:00,HINDALCO,-0.006093223350699395
2025-08-28 18:30:00+00:00,HINDALCO,0.003635568440561343
2025-08-31 18:30:00+00:00,HINDALCO,0.022231640183995927
2025-09-01 18:30:00+00:00,HINDALCO,0.001876093200245732
2025-09-02 18:30:00+00:00,HINDALCO,0.03051529180594903
2025-09-03 18:30:00+00:00,HINDALCO,-0.005249376606747735
2025-09-04 18:30:00+00:00,HINDALCO,0.006427170121719339
2025-09-07 18:30:00+00:00,HINDALCO,-0.006789443231846826
2025-09-08 18:30:00+00:00,HINDALCO,0.0056176303405244266
2025-09-09 18:30:00+00:00,HINDALCO,0.0003365190359190251
2025-09-10 18:30:00+00:00,HINDALCO,-0.0006728116579074461
2025-09-11 18:30:00+00:00,HINDALCO,0.02073650154533624
2025-09-14 18:30:00+00:00,HINDALCO,-0.005804318250458129
2025-09-15 18:30:00+00:00,HINDALCO,0.0030517982066768923
2025-09-16 18:30:00+00:00,HINDALCO,-0.007738655369571745
2025-09-17 18:30:00+00:00,HINDALCO,6.672287662179421e-05
2025-09-18 18:30:00+00:00,HINDALCO,-0.009131555553096526
2025-09-21 18:30:00+00:00,HINDALCO,0.0032288772413258116
2025-09-22 18:30:00+00:00,HINDALCO,0.0002682207372362022
2025-09-23 18:30:00+00:00,HINDALCO,-0.006502260976467555
2025-09-24 18:30:00+00:00,HINDALCO,0.006207457927087656
2025-09-25 18:30:00+00:00,HINDALCO,-0.0024140666119329968
2025-09-28 18:30:00+00:00,HINDALCO,0.013376369608930183
2025-09-29 18:30:00+00:00,HINDALCO,0.01081191900509948
2025-09-30 18:30:00+00:00,HINDALCO,0.005249688215653192
2025-10-02 18:30:00+00:00,HINDALCO,0.018800134668597757
2025-10-05 18:30:00+00:00,HINDALCO,-0.004677341568653959
2025-10-06 18:30:00+00:00,HINDALCO,-0.011458766929554498
2025-10-07 18:30:00+00:00,HINDALCO,0.0005210008080520634
2025-10-08 18:30:00+00:00,HINDALCO,0.007680243797387742
2025-10-09 18:30:00+00:00,HINDALCO,-0.0001937261124349554
2025-10-12 18:30:00+00:00,HINDALCO,-0.004845274166100588
2025-10-13 18:30:00+00:00,HINDALCO,-0.013113524358629669
2025-10-14 18:30:00+00:00,HINDALCO,0.005459840214918188
2025-10-15 18:30:00+00:00,HINDALCO,0.020739254937438556
2025-10-16 18:30:00+00:00,HINDALCO,-0.00935775928910354
2025-10-19 18:30:00+00:00,HINDALCO,0.017533628373450183
2025-10-20 18:30:00+00:00,HINDALCO,-0.0017803311787008003
2025-10-22 18:30:00+00:00,HINDALCO,0.00949106578912473
2025-10-23 18:30:00+00:00,HINDALCO,0.040446727417339456
2025-10-26 18:30:00+00:00,HINDALCO,0.019892004531607554
2025-10-27 18:30:00+00:00,HINDALCO,0.009633153185797827
2025-10-28 18:30:00+00:00,HINDALCO,0.00859884290947921
2025-10-29 18:30:00+00:00,HINDALCO,0.005956175866788316
2025-10-30 18:30:00+00:00,HINDALCO,-0.015673071785735626
2025-11-02 18:30:00+00:00,HINDALCO,-0.000766601872527084
2025-11-03 18:30:00+00:00,HINDALCO,-0.018649654822133876
2025-11-05 18:30:00+00:00,HINDALCO,-0.0517199888589186
2025-11-06 18:30:00+00:00,HINDALCO,0.002536783280145727
2025-11-09 18:30:00+00:00,HINDALCO,-0.006578962609326999
2025-11-10 18:30:00+00:00,HINDALCO,0.01088892977591338
2025-11-11 18:30:00+00:00,HINDALCO,0.0008189283956692162
2025-11-12 18:30:00+00:00,HINDALCO,0.022092128969801283
2025-11-13 18:30:00+00:00,HINDALCO,-0.010222289141184726
2025-11-16 18:30:00+00:00,HINDALCO,0.0043551295883452745
2025-11-17 18:30:00+00:00,HINDALCO,-0.012389270516666717
2025-11-18 18:30:00+00:00,HINDALCO,-0.0077777231601899866
2025-11-19 18:30:00+00:00,HINDALCO,0.011189045387638208
2025-11-20 18:30:00+00:00,HINDALCO,-0.027631877873519284
2025-11-23 18:30:00+00:00,HINDALCO,-0.0039218049956218914
2025-11-24 18:30:00+00:00,HINDALCO,0.0189762482522271
2025-11-25 18:30:00+00:00,HINDALCO,0.014505621791565781
2025-11-26 18:30:00+00:00,HINDALCO,0.008429071057559856
2025-11-27 18:30:00+00:00,HINDALCO,0.0010526117688600678
2025-11-30 18:30:00+00:00,HINDALCO,0.002968781922843
2025-12-01 18:30:00+00:00,HINDALCO,-0.004871746751974326
2025-12-02 18:30:00+00:00,HINDALCO,0.011712229649841088
2025-12-03 18:30:00+00:00,HINDALCO,-0.006737719076623239
2025-12-04 18:30:00+00:00,HINDALCO,0.015355220022783556
2025-12-07 18:30:00+00:00,HINDALCO,-0.00461583697900847
2025-12-08 18:30:00+00:00,HINDALCO,-0.007993151132340115
2025-12-09 18:30:00+00:00,HINDALCO,0.010886917603817992
2025-12-10 18:30:00+00:00,HINDALCO,0.003163949602601246
2025-12-11 18:30:00+00:00,HINDALCO,0.03366288690707564
2025-12-14 18:30:00+00:00,HINDALCO,-0.004987677645545641
2025-12-15 18:30:00+00:00,HINDALCO,-0.012620099640246352
2025-12-16 18:30:00+00:00,HINDALCO,0.013916219362306359
2025-12-17 18:30:00+00:00,HINDALCO,0.009307286201315712
2025-12-18 18:30:00+00:00,HINDALCO,-0.005486182024117214
2025-12-21 18:30:00+00:00,HINDALCO,0.01473003262085526
2025-12-22 18:30:00+00:00,HINDALCO,-0.0008096839013533863
2025-12-23 18:30:00+00:00,HINDALCO,0.0006946074411668945
2025-12-25 18:30:00+00:00,HINDALCO,0.009775015429125178
2025-12-28 18:30:00+00:00,HINDALCO,-0.009050319845466226
2025-12-29 18:30:00+00:00,HINDALCO,0.022138756548049088
2025-12-30 18:30:00+00:00,HINDALCO,0.0028841121105647183
2025-12-31 18:30:00+00:00,HINDALCO,0.00930416136959944
2026-01-01 18:30:00+00:00,HINDALCO,0.034359460953766074
2026-01-04 18:30:00+00:00,HINDALCO,0.006481581420415994
2026-01-05 18:30:00+00:00,HINDALCO,0.011323374106197326
2026-01-06 18:30:00+00:00,HINDALCO,-0.0040328870182740895
2026-01-07 18:30:00+00:00,HINDALCO,-0.03676274660475887
2026-01-08 18:30:00+00:00,HINDALCO,-0.003318767586136029
2026-01-11 18:30:00+00:00,HINDALCO,0.021310851819622556
2026-01-12 18:30:00+00:00,HINDALCO,0.01755144590599822
2026-01-13 18:30:00+00:00,HINDALCO,0.020346030162697204
2026-01-14 18:30:00+00:00,HINDALCO,0.0
2026-01-15 18:30:00+00:00,HINDALCO,-0.021667401162782762
2026-01-18 18:30:00+00:00,HINDALCO,0.005670558663165348
2026-01-19 18:30:00+00:00,HINDALCO,-0.012607092363634775
2026-01-20 18:30:00+00:00,HINDALCO,0.01195995788501758
2026-01-21 18:30:00+00:00,HINDALCO,0.005589863641145998
2026-01-22 18:30:00+00:00,HINDALCO,0.006194055281196986
2026-01-26 18:30:00+00:00,HINDALCO,0.012154043924375024
2026-01-27 18:30:00+00:00,HINDALCO,0.03779179450407533
2026-01-28 18:30:00+00:00,HINDALCO,0.02589665027546828
2026-01-29 18:30:00+00:00,HINDALCO,-0.0600069042645992
2026-02-01 18:30:00+00:00,HINDALCO,-0.033347160191229186
2026-02-02 18:30:00+00:00,HINDALCO,0.0266523243341954
2026-02-03 18:30:00+00:00,HINDALCO,0.010101564469143343
2026-02-04 18:30:00+00:00,HINDALCO,-0.03057153181699812
2026-02-05 18:30:00+00:00,HINDALCO,0.007589903782444063
2025-01-01 18:30:00+00:00,HINDUNILVR,0.020627744493558975
2025-01-02 18:30:00+00:00,HINDUNILVR,0.015295384767752829
2025-01-05 18:30:00+00:00,HINDUNILVR,-0.012488327133121202
2025-01-06 18:30:00+00:00,HINDUNILVR,0.006144402403263971
2025-01-07 18:30:00+00:00,HINDUNILVR,0.00426625615092413
2025-01-08 18:30:00+00:00,HINDUNILVR,0.01432731135701526
2025-01-09 18:30:00+00:00,HINDUNILVR,0.0027306908476321112
2025-01-12 18:30:00+00:00,HINDUNILVR,0.003664979625482845
2025-01-13 18:30:00+00:00,HINDUNILVR,-0.03388421938106578
2025-01-14 18:30:00+00:00,HINDUNILVR,0.002132763728294851
2025-01-15 18:30:00+00:00,HINDUNILVR,-0.011799487302270095
2025-01-16 18:30:00+00:00,HINDUNILVR,0.00383797095225602
2025-01-19 18:30:00+00:00,HINDUNILVR,-0.0037383726438835474
2025-01-20 18:30:00+00:00,HINDUNILVR,-0.002004065171240965
2025-01-21 18:30:00+00:00,HINDUNILVR,0.0010467519826722338
2025-01-22 18:30:00+00:00,HINDUNILVR,-0.00906982864929462
2025-01-23 18:30:00+00:00,HINDUNILVR,0.019985505472289278
2025-01-26 18:30:00+00:00,HINDUNILVR,0.010451359985081732
2025-01-27 18:30:00+00:00,HINDUNILVR,-0.0016716430442005326
2025-01-28 18:30:00+00:00,HINDUNILVR,-0.002051235826129094
2025-01-29 18:30:00+00:00,HINDUNILVR,0.010402942445256746
2025-01-30 18:30:00+00:00,HINDUNILVR,0.024929981299443016
2025-01-31 18:30:00+00:00,HINDUNILVR,0.01508824878116144
2025-02-02 18:30:00+00:00,HINDUNILVR,-0.025578125972034793
2025-02-03 18:30:00+00:00,HINDUNILVR,-0.0015970986058962966
2025-02-04 18:30:00+00:00,HINDUNILVR,-0.019277633846932374
2025-02-05 18:30:00+00:00,HINDUNILVR,-0.007674527649981666
2025-02-06 18:30:00+00:00,HINDUNILVR,-0.0037298687220767013
2025-02-09 18:30:00+00:00,HINDUNILVR,-0.0010152695402834144
2025-02-10 18:30:00+00:00,HINDUNILVR,-0.019564222359409134
2025-02-11 18:30:00+00:00,HINDUNILVR,0.0074504547017637535
2025-02-12 18:30:00+00:00,HINDUNILVR,-0.00471582662029657
2025-02-13 18:30:00+00:00,HINDUNILVR,-0.0013569304346354727
2025-02-16 18:30:00+00:00,HINDUNILVR,0.004766273999621484
2025-02-17 18:30:00+00:00,HINDUNILVR,-0.01433837676799965
2025-02-18 18:30:00+00:00,HINDUNILVR,-0.019860711965474342
2025-02-19 18:30:00+00:00,HINDUNILVR,-0.0010442440837401534
2025-02-20 18:30:00+00:00,HINDUNILVR,-0.0028468833766631674
2025-02-23 18:30:00+00:00,HINDUNILVR,-8.929189420381345e-05
2025-02-24 18:30:00+00:00,HINDUNILVR,0.007963662386152315
2025-02-26 18:30:00+00:00,HINDUNILVR,-0.00635160834481574
2025-02-27 18:30:00+00:00,HINDUNILVR,-0.02436566630636905
2025-03-02 18:30:00+00:00,HINDUNILVR,-0.00611807156095745
2025-03-03 18:30:00+00:00,HINDUNILVR,-0.00895786363678941
2025-03-04 18:30:00+00:00,HINDUNILVR,0.006072259484469322
2025-03-05 18:30:00+00:00,HINDUNILVR,0.02234556039292812
2025-03-06 18:30:00+00:00,HINDUNILVR,-0.006489519034002633
2025-03-09 18:30:00+00:00,HINDUNILVR,0.01959583671369214
2025-03-10 18:30:00+00:00,HINDUNILVR,-0.013702682184079551
2025-03-11 18:30:00+00:00,HINDUNILVR,-0.01084820410141818
2025-03-12 18:30:00+00:00,HINDUNILVR,-0.008253815630805739
2025-03-16 18:30:00+00:00,HINDUNILVR,-0.0016324202923173603
2025-03-17 18:30:00+00:00,HINDUNILVR,0.0
2025-03-18 18:30:00+00:00,HINDUNILVR,0.013264288079902542
2025-03-19 18:30:00+00:00,HINDUNILVR,0.019249506474348976
2025-03-20 18:30:00+00:00,HINDUNILVR,0.0016946480037682843
2025-03-23 18:30:00+00:00,HINDUNILVR,0.004451898037066915
2025-03-24 18:30:00+00:00,HINDUNILVR,0.006692828171197096
2025-03-25 18:30:00+00:00,HINDUNILVR,-0.011161162443284467
2025-03-26 18:30:00+00:00,HINDUNILVR,-0.0005787879529295381
2025-03-27 18:30:00+00:00,HINDUNILVR,0.006326155994816229
2025-03-31 18:30:00+00:00,HINDUNILVR,-0.011067471696451614
2025-04-01 18:30:00+00:00,HINDUNILVR,0.0018128881689429832
2025-04-02 18:30:00+00:00,HINDUNILVR,0.002971569595393131
2025-04-03 18:30:00+00:00,HINDUNILVR,0.0
2025-04-06 18:30:00+00:00,HINDUNILVR,0.0021607306670548
2025-04-07 18:30:00+00:00,HINDUNILVR,0.017715936605183114
2025-04-08 18:30:00+00:00,HINDUNILVR,0.026536981530631776
2025-04-10 18:30:00+00:00,HINDUNILVR,0.006872297744619615
2025-04-14 18:30:00+00:00,HINDUNILVR,-0.0019650940449874588
2025-04-15 18:30:00+00:00,HINDUNILVR,0.0021596473302543107
2025-04-16 18:30:00+00:00,HINDUNILVR,0.0035494192781071465
2025-04-20 18:30:00+00:00,HINDUNILVR,-0.010105344840979802
2025-04-21 18:30:00+00:00,HINDUNILVR,0.020289355383386054
2025-04-22 18:30:00+00:00,HINDUNILVR,0.010463984947020721
2025-04-23 18:30:00+00:00,HINDUNILVR,-0.04063874008252
2025-04-24 18:30:00+00:00,HINDUNILVR,0.0029673444544768834
2025-04-27 18:30:00+00:00,HINDUNILVR,-0.005831305694326772
2025-04-28 18:30:00+00:00,HINDUNILVR,0.0013368578221786276
2025-04-29 18:30:00+00:00,HINDUNILVR,0.008786785326020397
2025-05-01 18:30:00+00:00,HINDUNILVR,-0.010033694426437756
2025-05-04 18:30:00+00:00,HINDUNILVR,0.012938759021457802
2025-05-05 18:30:00+00:00,HINDUNILVR,0.014136039128884947
2025-05-06 18:30:00+00:00,HINDUNILVR,-0.004618215319408758
2025-05-07 18:30:00+00:00,HINDUNILVR,-0.006706704617523207
2025-05-08 18:30:00+00:00,HINDUNILVR,-0.009342254752482404
2025-05-11 18:30:00+00:00,HINDUNILVR,0.021261172960622687
2025-05-12 18:30:00+00:00,HINDUNILVR,-0.009443905403982433
2025-05-13 18:30:00+00:00,HINDUNILVR,-0.004025454332054479
2025-05-14 18:30:00+00:00,HINDUNILVR,0.0019995463943001113
2025-05-15 18:30:00+00:00,HINDUNILVR,0.011124312529732228
2025-05-18 18:30:00+00:00,HINDUNILVR,0.0005459718988920503
2025-05-19 18:30:00+00:00,HINDUNILVR,-0.017459062711808637
2025-05-20 18:30:00+00:00,HINDUNILVR,0.009738786943563671
2025-05-21 18:30:00+00:00,HINDUNILVR,-0.01404444182650011
2025-05-22 18:30:00+00:00,HINDUNILVR,0.012227964880620057
2025-05-25 18:30:00+00:00,HINDUNILVR,0.014793215904540968
2025-05-26 18:30:00+00:00,HINDUNILVR,-0.005805892988653527
2025-05-27 18:30:00+00:00,HINDUNILVR,-0.007646414643642463
2025-05-28 18:30:00+00:00,HINDUNILVR,0.0019898109300644506
2025-05-29 18:30:00+00:00,HINDUNILVR,-0.007774499997215911
2025-06-01 18:30:00+00:00,HINDUNILVR,0.00992207254812083
2025-06-02 18:30:00+00:00,HINDUNILVR,-0.008137971005254374
2025-06-03 18:30:00+00:00,HINDUNILVR,0.005186364528120713
2025-06-04 18:30:00+00:00,HINDUNILVR,0.005032783708078137
2025-06-05 18:30:00+00:00,HINDUNILVR,0.005638826330594426
2025-06-08 18:30:00+00:00,HINDUNILVR,0.0014226111203596847
2025-06-09 18:30:00+00:00,HINDUNILVR,0.0008357512873156114
2025-06-10 18:30:00+00:00,HINDUNILVR,-0.007849024340186861
2025-06-11 18:30:00+00:00,HINDUNILVR,-0.018389174022643173
2025-06-12 18:30:00+00:00,HINDUNILVR,-0.005873012336864769
2025-06-15 18:30:00+00:00,HINDUNILVR,0.0036221678559891224
2025-06-16 18:30:00+00:00,HINDUNILVR,0.0005156918502418062
2025-06-17 18:30:00+00:00,HINDUNILVR,-0.013441546820589068
2025-06-18 18:30:00+00:00,HINDUNILVR,-0.0013494693851309192
2025-06-19 18:30:00+00:00,HINDUNILVR,0.005230678424258839
2025-06-22 18:30:00+00:00,HINDUNILVR,-0.003111057585993948
2025-06-23 18:30:00+00:00,HINDUNILVR,-0.005274425202511868
2025-06-24 18:30:00+00:00,HINDUNILVR,0.006893066465391451
2025-06-25 18:30:00+00:00,HINDUNILVR,0.0009216310201889399
2025-06-26 18:30:00+00:00,HINDUNILVR,0.011443270040826237
2025-06-29 18:30:00+00:00,HINDUNILVR,-0.005331740790382233
2025-06-30 18:30:00+00:00,HINDUNILVR,0.0003921558114285961
2025-07-01 18:30:00+00:00,HINDUNILVR,0.005053471785711583
2025-07-02 18:30:00+00:00,HINDUNILVR,0.0027306441346663934
2025-07-03 18:30:00+00:00,HINDUNILVR,0.011195647121677643
2025-07-06 18:30:00+00:00,HINDUNILVR,0.030393693598363747
2025-07-07 18:30:00+00:00,HINDUNILVR,-0.007343207303558419
2025-07-08 18:30:00+00:00,HINDUNILVR,0.01283065156542662
2025-07-09 18:30:00+00:00,HINDUNILVR,-0.006189571465588184
2025-07-10 18:30:00+00:00,HINDUNILVR,0.04617176944836987
2025-07-13 18:30:00+00:00,HINDUNILVR,-0.0011906497664453397
2025-07-14 18:30:00+00:00,HINDUNILVR,0.004092751032867437
2025-07-15 18:30:00+00:00,HINDUNILVR,-0.0036803319825962078
2025-07-16 18:30:00+00:00,HINDUNILVR,-0.0030982267880507175
2025-07-17 18:30:00+00:00,HINDUNILVR,-0.00804846372421697
2025-07-20 18:30:00+00:00,HINDUNILVR,-0.009921263033258465
2025-07-21 18:30:00+00:00,HINDUNILVR,0.006004302677628637
2025-07-22 18:30:00+00:00,HINDUNILVR,-0.011815971432174832
2025-07-23 18:30:00+00:00,HINDUNILVR,-0.005142011581199424
2025-07-24 18:30:00+00:00,HINDUNILVR,-0.00918863546416615
2025-07-27 18:30:00+00:00,HINDUNILVR,0.010847149112619858
2025-07-28 18:30:00+00:00,HINDUNILVR,0.004914847042530646
2025-07-29 18:30:00+00:00,HINDUNILVR,-0.0066026780162783405
2025-07-30 18:30:00+00:00,HINDUNILVR,0.034380940064837384
2025-07-31 18:30:00+00:00,HINDUNILVR,0.01289071584844037
2025-08-03 18:30:00+00:00,HINDUNILVR,-0.003915932471483252
2025-08-04 18:30:00+00:00,HINDUNILVR,-0.0035381074955527225
2025-08-05 18:30:00+00:00,HINDUNILVR,0.00035510584542275403
2025-08-06 18:30:00+00:00,HINDUNILVR,-0.0071384126173287266
2025-08-07 18:30:00+00:00,HINDUNILVR,-0.007507390102403866
2025-08-10 18:30:00+00:00,HINDUNILVR,0.007924315289801198
2025-08-11 18:30:00+00:00,HINDUNILVR,-0.013738764067174447
2025-08-12 18:30:00+00:00,HINDUNILVR,0.004549500935875361
2025-08-13 18:30:00+00:00,HINDUNILVR,-0.005811413521878972
2025-08-17 18:30:00+00:00,HINDUNILVR,0.03527376310707897
2025-08-18 18:30:00+00:00,HINDUNILVR,0.01429065007271313
2025-08-19 18:30:00+00:00,HINDUNILVR,0.024953986588379884
2025-08-20 18:30:00+00:00,HINDUNILVR,-0.008165465583701237
2025-08-21 18:30:00+00:00,HINDUNILVR,-0.006835407821375483
2025-08-24 18:30:00+00:00,HINDUNILVR,0.0006465163760913661
2025-08-25 18:30:00+00:00,HINDUNILVR,0.023179794671527976
2025-08-27 18:30:00+00:00,HINDUNILVR,-0.014187048587262496
2025-08-28 18:30:00+00:00,HINDUNILVR,0.0020343688381339042
2025-08-31 18:30:00+00:00,HINDUNILVR,-0.0038724955402931194
2025-09-01 18:30:00+00:00,HINDUNILVR,0.010379368606519446
2025-09-02 18:30:00+00:00,HINDUNILVR,-0.004594801455843123
2025-09-03 18:30:00+00:00,HINDUNILVR,0.0007131459682274688
2025-09-04 18:30:00+00:00,HINDUNILVR,-0.012450445008735156
2025-09-07 18:30:00+00:00,HINDUNILVR,-0.003607457292958749
2025-09-08 18:30:00+00:00,HINDUNILVR,0.0068981899003410785
2025-09-09 18:30:00+00:00,HINDUNILVR,0.0005677443533604887
2025-09-10 18:30:00+00:00,HINDUNILVR,-0.00813314465179904
2025-09-11 18:30:00+00:00,HINDUNILVR,-0.01582768906674259
2025-09-14 18:30:00+00:00,HINDUNILVR,0.00019375840481905549
2025-09-15 18:30:00+00:00,HINDUNILVR,-3.8706039924951696e-05
2025-09-16 18:30:00+00:00,HINDUNILVR,-0.004339629854876237
2025-09-17 18:30:00+00:00,HINDUNILVR,0.0066545409802081235
2025-09-18 18:30:00+00:00,HINDUNILVR,-0.010514900230583546
2025-09-21 18:30:00+00:00,HINDUNILVR,0.004922638146441782
2025-09-22 18:30:00+00:00,HINDUNILVR,-0.019438648436952977
2025-09-23 18:30:00+00:00,HINDUNILVR,0.010823919917684721
2025-09-24 18:30:00+00:00,HINDUNILVR,-0.0043929807277116595
2025-09-25 18:30:00+00:00,HINDUNILVR,-0.010440116772499675
2025-09-28 18:30:00+00:00,HINDUNILVR,-0.005533945782397853
2025-09-29 18:30:00+00:00,HINDUNILVR,0.006605562317491653
2025-09-30 18:30:00+00:00,HINDUNILVR,0.008670125113358962
2025-10-02 18:30:00+00:00,HINDUNILVR,0.0034303039122947077
2025-10-05 18:30:00+00:00,HINDUNILVR,-0.0012180681331118715
2025-10-06 18:30:00+00:00,HINDUNILVR,-0.009678210348122662
2025-10-07 18:30:00+00:00,HINDUNILVR,-0.006793233218309269
2025-10-08 18:30:00+00:00,HINDUNILVR,0.006999727770320874
2025-10-09 18:30:00+00:00,HINDUNILVR,0.00448832393651899
2025-10-12 18:30:00+00:00,HINDUNILVR,-0.014274952999645207
2025-10-13 18:30:00+00:00,HINDUNILVR,0.0038110251143288476
2025-10-14 18:30:00+00:00,HINDUNILVR,0.006673793219888591
2025-10-15 18:30:00+00:00,HINDUNILVR,0.01687175233273308
2025-10-16 18:30:00+00:00,HINDUNILVR,0.01647472111138537
2025-10-19 18:30:00+00:00,HINDUNILVR,-0.0035718697021699386
2025-10-20 18:30:00+00:00,HINDUNILVR,-0.0010406138141958454
2025-10-22 18:30:00+00:00,HINDUNILVR,0.003819875142471618
2025-10-23 18:30:00+00:00,HINDUNILVR,-0.03274914620101188
2025-10-26 18:30:00+00:00,HINDUNILVR,-0.0018279456654053394
2025-10-27 18:30:00+00:00,HINDUNILVR,-0.005852320811920997
2025-10-28 18:30:00+00:00,HINDUNILVR,-0.0036042326503255007
2025-10-29 18:30:00+00:00,HINDUNILVR,-0.007435395329936867
2025-10-30 18:30:00+00:00,HINDUNILVR,-0.0016602262283661462
2025-11-02 18:30:00+00:00,HINDUNILVR,-0.0022307561107517415
2025-11-03 18:30:00+00:00,HINDUNILVR,-0.005813013143495138
2025-11-05 18:30:00+00:00,HINDUNILVR,-0.003966113628184553
2025-11-06 18:30:00+00:00,HINDUNILVR,-0.0012412081092263438
2025-11-09 18:30:00+00:00,HINDUNILVR,-0.0021540808499896924
2025-11-10 18:30:00+00:00,HINDUNILVR,0.007763181166063449
2025-11-11 18:30:00+00:00,HINDUNILVR,-0.0012358393408856694
2025-11-12 18:30:00+00:00,HINDUNILVR,-0.006970469104454535
2025-11-13 18:30:00+00:00,HINDUNILVR,0.008348501703082656
2025-11-16 18:30:00+00:00,HINDUNILVR,-0.0011121436858668732
2025-11-17 18:30:00+00:00,HINDUNILVR,-0.008659793814432937
2025-11-18 18:30:00+00:00,HINDUNILVR,0.015640639624064034
2025-11-19 18:30:00+00:00,HINDUNILVR,-0.0054063707341637235
2025-11-20 18:30:00+00:00,HINDUNILVR,0.0021825271953805903
2025-11-23 18:30:00+00:00,HINDUNILVR,-0.003903521465505877
2025-11-24 18:30:00+00:00,HINDUNILVR,-0.004166262568705448
2025-11-25 18:30:00+00:00,HINDUNILVR,0.004597925962722682
2025-11-26 18:30:00+00:00,HINDUNILVR,0.010926934081123996
2025-11-27 18:30:00+00:00,HINDUNILVR,0.006077475539881139
2025-11-30 18:30:00+00:00,HINDUNILVR,-0.0008514139192021819
2025-12-01 18:30:00+00:00,HINDUNILVR,0.005396651989501011
2025-12-02 18:30:00+00:00,HINDUNILVR,-0.01202681743517553
2025-12-03 18:30:00+00:00,HINDUNILVR,0.005800633648641806
2025-12-04 18:30:00+00:00,HINDUNILVR,-0.05019895051853851
2025-12-07 18:30:00+00:00,HINDUNILVR,-0.010519155318989504
2025-12-08 18:30:00+00:00,HINDUNILVR,-0.003241140881590332
2025-12-09 18:30:00+00:00,HINDUNILVR,-0.002081096391990056
2025-12-10 18:30:00+00:00,HINDUNILVR,0.0016944634692237504
2025-12-11 18:30:00+00:00,HINDUNILVR,-0.019517695217719955
2025-12-14 18:30:00+00:00,HINDUNILVR,0.0145536144928331
2025-12-15 18:30:00+00:00,HINDUNILVR,-0.0054065412442773075
2025-12-16 18:30:00+00:00,HINDUNILVR,-0.002411117340116342
2025-12-17 18:30:00+00:00,HINDUNILVR,-0.004438432599230713
2025-12-18 18:30:00+00:00,HINDUNILVR,0.0064003531229308575
2025-12-21 18:30:00+00:00,HINDUNILVR,0.004166666666666652
2025-12-22 18:30:00+00:00,HINDUNILVR,0.005721815966914123
2025-12-23 18:30:00+00:00,HINDUNILVR,-0.008859613315025827
2025-12-25 18:30:00+00:00,HINDUNILVR,0.0014021344493639898
2025-12-28 18:30:00+00:00,HINDUNILVR,0.0034567895431663054
2025-12-29 18:30:00+00:00,HINDUNILVR,-0.0013518063882805853
2025-12-30 18:30:00+00:00,HINDUNILVR,0.011221706278844668
2025-12-31 18:30:00+00:00,HINDUNILVR,0.003065805067423044
2026-01-01 18:30:00+00:00,HINDUNILVR,0.01076194575979339
2026-01-04 18:30:00+00:00,HINDUNILVR,0.015374828644058702
2026-01-05 18:30:00+00:00,HINDUNILVR,0.017029424878400645
2026-01-06 18:30:00+00:00,HINDUNILVR,-0.010434300877474434
2026-01-07 18:30:00+00:00,HINDUNILVR,-0.005292969779430945
2026-01-08 18:30:00+00:00,HINDUNILVR,-0.005907677464317196
2026-01-11 18:30:00+00:00,HINDUNILVR,0.01416161684761641
2026-01-12 18:30:00+00:00,HINDUNILVR,-0.006940383804655004
2026-01-13 18:30:00+00:00,HINDUNILVR,-0.015065913370998163
2026-01-14 18:30:00+00:00,HINDUNILVR,0.0
2026-01-15 18:30:00+00:00,HINDUNILVR,0.0029317622025706314
2026-01-18 18:30:00+00:00,HINDUNILVR,0.022665650827589534
2026-01-19 18:30:00+00:00,HINDUNILVR,-0.014416424083580015
2026-01-20 18:30:00+00:00,HINDUNILVR,-0.004665670716076709
2026-01-21 18:30:00+00:00,HINDUNILVR,0.009543960158889364
2026-01-22 18:30:00+00:00,HINDUNILVR,0.007905923856641461
2026-01-26 18:30:00+00:00,HINDUNILVR,-0.0035692457589748816
2026-01-27 18:30:00+00:00,HINDUNILVR,-0.009371486074049029
2026-01-28 18:30:00+00:00,HINDUNILVR,-0.010847546984035783
2026-01-29 18:30:00+00:00,HINDUNILVR,0.008671215462446424
2026-02-01 18:30:00+00:00,HINDUNILVR,-0.006616077190002123
2026-02-02 18:30:00+00:00,HINDUNILVR,0.004793640433572444
2026-02-03 18:30:00+00:00,HINDUNILVR,0.0010132155048565572
2026-02-04 18:30:00+00:00,HINDUNILVR,-0.007001306476697611
2026-02-05 18:30:00+00:00,HINDUNILVR,0.0296466410649443
2025-01-01 18:30:00+00:00,ICICIBANK,0.005414204673572787
2025-01-02 18:30:00+00:00,ICICIBANK,-0.019796998391386045
2025-01-05 18:30:00+00:00,ICICIBANK,-0.0007509769117627352
2025-01-06 18:30:00+00:00,ICICIBANK,0.011984860184416135
2025-01-07 18:30:00+00:00,ICICIBANK,-0.012116498550778121
2025-01-08 18:30:00+00:00,ICICIBANK,-0.0010681986534116783
2025-01-09 18:30:00+00:00,ICICIBANK,-0.009941440575865546
2025-01-12 18:30:00+00:00,ICICIBANK,-0.01608188990699455
2025-01-13 18:30:00+00:00,ICICIBANK,0.008578995146031776
2025-01-14 18:30:00+00:00,ICICIBANK,-0.0016529238731658458
2025-01-15 18:30:00+00:00,ICICIBANK,0.008762404166947624
2025-01-16 18:30:00+00:00,ICICIBANK,-0.018933698473431293
2025-01-19 18:30:00+00:00,ICICIBANK,0.00612024591804583
2025-01-20 18:30:00+00:00,ICICIBANK,-0.029847087515220028
2025-01-21 18:30:00+00:00,ICICIBANK,0.0035947765854835723
2025-01-22 18:30:00+00:00,ICICIBANK,0.0010830240564758675
2025-01-23 18:30:00+00:00,ICICIBANK,0.00619928337131781
2025-01-26 18:30:00+00:00,ICICIBANK,0.01550613138380208
2025-01-27 18:30:00+00:00,ICICIBANK,0.015432250267522374
2025-01-28 18:30:00+00:00,ICICIBANK,0.003809442255192863
2025-01-29 18:30:00+00:00,ICICIBANK,0.0031557720948764967
2025-01-30 18:30:00+00:00,ICICIBANK,-0.0022299148946676173
2025-01-31 18:30:00+00:00,ICICIBANK,0.002195033460636431
2025-02-02 18:30:00+00:00,ICICIBANK,-0.0020310168506796344
2025-02-03 18:30:00+00:00,ICICIBANK,0.012130889713115378
2025-02-04 18:30:00+00:00,ICICIBANK,-0.0003942948015649428
2025-02-05 18:30:00+00:00,ICICIBANK,0.0037075420067769205
2025-02-06 18:30:00+00:00,ICICIBANK,-0.012181631928573244
2025-02-09 18:30:00+00:00,ICICIBANK,0.004534882412209784
2025-02-10 18:30:00+00:00,ICICIBANK,-0.007801328543657449
2025-02-11 18:30:00+00:00,ICICIBANK,-0.0007583502979394696
2025-02-12 18:30:00+00:00,ICICIBANK,-0.002316674405292707
2025-02-13 18:30:00+00:00,ICICIBANK,0.00896790493122479
2025-02-16 18:30:00+00:00,ICICIBANK,-0.007102610795437392
2025-02-17 18:30:00+00:00,ICICIBANK,-0.006474032245394001
2025-02-18 18:30:00+00:00,ICICIBANK,0.014963245270157799
2025-02-19 18:30:00+00:00,ICICIBANK,-0.009273618095572256
2025-02-20 18:30:00+00:00,ICICIBANK,-0.013600577727836072
2025-02-23 18:30:00+00:00,ICICIBANK,-0.011841478808514938
2025-02-24 18:30:00+00:00,ICICIBANK,0.004760558064622611
2025-02-26 18:30:00+00:00,ICICIBANK,-0.0013887422045287812
2025-02-27 18:30:00+00:00,ICICIBANK,-0.015010820989428963
2025-03-02 18:30:00+00:00,ICICIBANK,0.0017439925937270395
2025-03-03 18:30:00+00:00,ICICIBANK,0.0034820147406615654
2025-03-04 18:30:00+00:00,ICICIBANK,0.004378702422326519
2025-03-05 18:30:00+00:00,ICICIBANK,0.0019331648108755761
2025-03-06 18:30:00+00:00,ICICIBANK,-0.0028734996636491372
2025-03-09 18:30:00+00:00,ICICIBANK,0.0002469258341342151
2025-03-10 18:30:00+00:00,ICICIBANK,0.02514720761194389
2025-03-11 18:30:00+00:00,ICICIBANK,-0.0011643391407398784
2025-03-12 18:30:00+00:00,ICICIBANK,0.004903776646714375
2025-03-16 18:30:00+00:00,ICICIBANK,0.015159418929287405
2025-03-17 18:30:00+00:00,ICICIBANK,0.0
2025-03-18 18:30:00+00:00,ICICIBANK,0.03475167673205126
2025-03-19 18:30:00+00:00,ICICIBANK,0.006549410190538341
2025-03-20 18:30:00+00:00,ICICIBANK,0.01619131941565044
2025-03-23 18:30:00+00:00,ICICIBANK,0.011205459247430216
2025-03-24 18:30:00+00:00,ICICIBANK,-0.010639562045197226
2025-03-25 18:30:00+00:00,ICICIBANK,-0.00580483653985675
2025-03-26 18:30:00+00:00,ICICIBANK,0.0005614233726158879
2025-03-27 18:30:00+00:00,ICICIBANK,0.008753179874754213
2025-03-31 18:30:00+00:00,ICICIBANK,-0.02217522574820463
2025-04-01 18:30:00+00:00,ICICIBANK,0.009708397271479097
2025-04-02 18:30:00+00:00,ICICIBANK,-0.0012769245440069632
2025-04-03 18:30:00+00:00,ICICIBANK,0.004324741122012421
2025-04-06 18:30:00+00:00,ICICIBANK,-0.03575976829153704
2025-04-07 18:30:00+00:00,ICICIBANK,0.009591809262139872
2025-04-08 18:30:00+00:00,ICICIBANK,0.0006924228012925582
2025-04-10 18:30:00+00:00,ICICIBANK,0.008340961704316863
2025-04-14 18:30:00+00:00,ICICIBANK,0.02939041497878314
2025-04-15 18:30:00+00:00,ICICIBANK,0.004591958287722964
2025-04-16 18:30:00+00:00,ICICIBANK,0.037083413329667136
2025-04-20 18:30:00+00:00,ICICIBANK,0.002203848751369586
2025-04-21 18:30:00+00:00,ICICIBANK,0.004752435092910456
2025-04-22 18:30:00+00:00,ICICIBANK,0.005577103558739305
2025-04-23 18:30:00+00:00,ICICIBANK,-0.01523454967805582
2025-04-24 18:30:00+00:00,ICICIBANK,0.0014971588009118353
2025-04-27 18:30:00+00:00,ICICIBANK,0.01708431976030833
2025-04-28 18:30:00+00:00,ICICIBANK,0.0006998644093421102
2025-04-29 18:30:00+00:00,ICICIBANK,-0.001958318664440739
2025-05-01 18:30:00+00:00,ICICIBANK,0.002172325027408384
2025-05-04 18:30:00+00:00,ICICIBANK,-0.0004894339889455201
2025-05-05 18:30:00+00:00,ICICIBANK,0.001539072687191334
2025-05-06 18:30:00+00:00,ICICIBANK,0.002654438080926802
2025-05-07 18:30:00+00:00,ICICIBANK,6.96732129206179e-05
2025-05-08 18:30:00+00:00,ICICIBANK,-0.032462541688543345
2025-05-11 18:30:00+00:00,ICICIBANK,0.04291159071909223
2025-05-12 18:30:00+00:00,ICICIBANK,-0.012357611339645969
2025-05-13 18:30:00+00:00,ICICIBANK,-0.00307564941913141
2025-05-14 18:30:00+00:00,ICICIBANK,0.01724870773341669
2025-05-15 18:30:00+00:00,ICICIBANK,0.002205622187170464
2025-05-18 18:30:00+00:00,ICICIBANK,-0.0034387583583165293
2025-05-19 18:30:00+00:00,ICICIBANK,-0.007453487544864634
2025-05-20 18:30:00+00:00,ICICIBANK,0.004519600144412328
2025-05-21 18:30:00+00:00,ICICIBANK,-0.0017996720468936855
2025-05-22 18:30:00+00:00,ICICIBANK,0.00533948590601252
2025-05-25 18:30:00+00:00,ICICIBANK,0.007449204646057028
2025-05-26 18:30:00+00:00,ICICIBANK,-0.009721974357097762
2025-05-27 18:30:00+00:00,ICICIBANK,0.005116182076446929
2025-05-28 18:30:00+00:00,ICICIBANK,0.001857113761925433
2025-05-29 18:30:00+00:00,ICICIBANK,-0.007346274629998373
2025-06-01 18:30:00+00:00,ICICIBANK,0.003250745215920059
2025-06-02 18:30:00+00:00,ICICIBANK,-0.008686672243559568
2025-06-03 18:30:00+00:00,ICICIBANK,-0.0047986655582820115
2025-06-04 18:30:00+00:00,ICICIBANK,0.016631750166401726
2025-06-05 18:30:00+00:00,ICICIBANK,0.0033681230947397722
2025-06-08 18:30:00+00:00,ICICIBANK,-0.017058222271624457
2025-06-09 18:30:00+00:00,ICICIBANK,-0.008293893208633829
2025-06-10 18:30:00+00:00,ICICIBANK,0.005692589285652527
2025-06-11 18:30:00+00:00,ICICIBANK,-0.004053127867115203
2025-06-12 18:30:00+00:00,ICICIBANK,-0.006385034975018189
2025-06-15 18:30:00+00:00,ICICIBANK,0.007626566155874759
2025-06-16 18:30:00+00:00,ICICIBANK,-0.002593093022287496
2025-06-17 18:30:00+00:00,ICICIBANK,-0.0074479786737325915
2025-06-18 18:30:00+00:00,ICICIBANK,-0.0009201968892172951
2025-06-19 18:30:00+00:00,ICICIBANK,0.011195305087796426
2025-06-22 18:30:00+00:00,ICICIBANK,-0.004905059240410181
2025-06-23 18:30:00+00:00,ICICIBANK,0.0028166947351533356
2025-06-24 18:30:00+00:00,ICICIBANK,0.0011937566355204599
2025-06-25 18:30:00+00:00,ICICIBANK,0.009328066705784233
2025-06-26 18:30:00+00:00,ICICIBANK,0.016051679662544283
2025-06-29 18:30:00+00:00,ICICIBANK,-0.011215884341929216
2025-06-30 18:30:00+00:00,ICICIBANK,-0.009544974796450889
2025-07-01 18:30:00+00:00,ICICIBANK,-0.0029328793105818374
2025-07-02 18:30:00+00:00,ICICIBANK,-0.0013307512084540507
2025-07-03 18:30:00+00:00,ICICIBANK,0.011852186578961366
2025-07-06 18:30:00+00:00,ICICIBANK,-0.004921085211874177
2025-07-07 18:30:00+00:00,ICICIBANK,0.004388152784315702
2025-07-08 18:30:00+00:00,ICICIBANK,-0.007004104018515589
2025-07-09 18:30:00+00:00,ICICIBANK,-0.005447364451181214
2025-07-10 18:30:00+00:00,ICICIBANK,-0.0015448005549673072
2025-07-13 18:30:00+00:00,ICICIBANK,0.000773595327975718
2025-07-14 18:30:00+00:00,ICICIBANK,0.005481434621515291
2025-07-15 18:30:00+00:00,ICICIBANK,-0.0030752191960944364
2025-07-16 18:30:00+00:00,ICICIBANK,-0.0053982559069619684
2025-07-17 18:30:00+00:00,ICICIBANK,0.005004595074603824
2025-07-20 18:30:00+00:00,ICICIBANK,0.028054428720081903
2025-07-21 18:30:00+00:00,ICICIBANK,0.00532129786360902
2025-07-22 18:30:00+00:00,ICICIBANK,0.01017914405334941
2025-07-23 18:30:00+00:00,ICICIBANK,-0.0034931966046115592
2025-07-24 18:30:00+00:00,ICICIBANK,-0.004247047735854603
2025-07-27 18:30:00+00:00,ICICIBANK,0.007650225895775575
2025-07-28 18:30:00+00:00,ICICIBANK,-0.0014781465719727604
2025-07-29 18:30:00+00:00,ICICIBANK,-0.0025568364522721154
2025-07-30 18:30:00+00:00,ICICIBANK,-0.0006745590098479193
2025-07-31 18:30:00+00:00,ICICIBANK,-0.006615456142875509
2025-08-03 18:30:00+00:00,ICICIBANK,-0.005708081366281648
2025-08-04 18:30:00+00:00,ICICIBANK,-0.012848522369485083
2025-08-05 18:30:00+00:00,ICICIBANK,-0.0005538275118990299
2025-08-06 18:30:00+00:00,ICICIBANK,-0.0022859002915959215
2025-08-07 18:30:00+00:00,ICICIBANK,-0.0030549355456342964
2025-08-10 18:30:00+00:00,ICICIBANK,0.0004874569780666249
2025-08-11 18:30:00+00:00,ICICIBANK,-0.0025252354430336243
2025-08-12 18:30:00+00:00,ICICIBANK,-0.0008438475188994321
2025-08-13 18:30:00+00:00,ICICIBANK,0.00457488723016386
2025-08-17 18:30:00+00:00,ICICIBANK,0.005114500461067095
2025-08-18 18:30:00+00:00,ICICIBANK,0.0011850503771917431
2025-08-19 18:30:00+00:00,ICICIBANK,-0.003968581110080804
2025-08-20 18:30:00+00:00,ICICIBANK,0.010764731355286772
2025-08-21 18:30:00+00:00,ICICIBANK,-0.006638987265516927
2025-08-24 18:30:00+00:00,ICICIBANK,-0.0022278426537154505
2025-08-25 18:30:00+00:00,ICICIBANK,-0.011582456148121034
2025-08-27 18:30:00+00:00,ICICIBANK,-0.012353522731610722
2025-08-28 18:30:00+00:00,ICICIBANK,-0.0009291164180516009
2025-08-31 18:30:00+00:00,ICICIBANK,0.009443375812542953
2025-09-01 18:30:00+00:00,ICICIBANK,-0.011906483932051737
2025-09-02 18:30:00+00:00,ICICIBANK,0.0020083552762797385
2025-09-03 18:30:00+00:00,ICICIBANK,0.006084466714388004
2025-09-04 18:30:00+00:00,ICICIBANK,-0.0019209898056741226
2025-09-07 18:30:00+00:00,ICICIBANK,-7.135561217985753e-05
2025-09-08 18:30:00+00:00,ICICIBANK,0.0007129108396735084
2025-09-09 18:30:00+00:00,ICICIBANK,0.00014253276992737263
2025-09-10 18:30:00+00:00,ICICIBANK,-0.00163832807758868
2025-09-11 18:30:00+00:00,ICICIBANK,0.011486854927496015
2025-09-14 18:30:00+00:00,ICICIBANK,0.001199177047852995
2025-09-15 18:30:00+00:00,ICICIBANK,0.0015499162561893876
2025-09-16 18:30:00+00:00,ICICIBANK,-0.0016882558070341336
2025-09-17 18:30:00+00:00,ICICIBANK,0.0017615558666950193
2025-09-18 18:30:00+00:00,ICICIBANK,-0.013715974305215761
2025-09-21 18:30:00+00:00,ICICIBANK,-0.0004991807133426507
2025-09-22 18:30:00+00:00,ICICIBANK,-0.005137317996343205
2025-09-23 18:30:00+00:00,ICICIBANK,-0.00831965663775136
2025-09-24 18:30:00+00:00,ICICIBANK,-0.004990166042822319
2025-09-25 18:30:00+00:00,ICICIBANK,-0.011775020109925372
2025-09-28 18:30:00+00:00,ICICIBANK,-0.00845837026074081
2025-09-29 18:30:00+00:00,ICICIBANK,-7.416036477114751e-05
2025-09-30 18:30:00+00:00,ICICIBANK,0.017804154302670572
2025-10-02 18:30:00+00:00,ICICIBANK,-0.00495630381058676
2025-10-05 18:30:00+00:00,ICICIBANK,-0.001318434531342838
2025-10-06 18:30:00+00:00,ICICIBANK,0.0091682556668371
2025-10-07 18:30:00+00:00,ICICIBANK,-0.0040700454150528476
2025-10-08 18:30:00+00:00,ICICIBANK,0.0043055550853958735
2025-10-09 18:30:00+00:00,ICICIBANK,0.002979289203402846
2025-10-12 18:30:00+00:00,ICICIBANK,-0.0006520498313584699
2025-10-13 18:30:00+00:00,ICICIBANK,0.0034072430685010424
2025-10-14 18:30:00+00:00,ICICIBANK,0.010331658897740681
2025-10-15 18:30:00+00:00,ICICIBANK,0.013515463446864384
2025-10-16 18:30:00+00:00,ICICIBANK,0.013617389467932561
2025-10-19 18:30:00+00:00,ICICIBANK,-0.03222882329434007
2025-10-20 18:30:00+00:00,ICICIBANK,-0.005969969457399582
2025-10-22 18:30:00+00:00,ICICIBANK,-0.013241714057977583
2025-10-23 18:30:00+00:00,ICICIBANK,0.01026618794550016
2025-10-26 18:30:00+00:00,ICICIBANK,-7.256702437452578e-05
2025-10-27 18:30:00+00:00,ICICIBANK,-0.010525551870623873
2025-10-28 18:30:00+00:00,ICICIBANK,0.005355475723625602
2025-10-29 18:30:00+00:00,ICICIBANK,-0.005837711513045685
2025-10-30 18:30:00+00:00,ICICIBANK,-0.012551361772979885
2025-11-02 18:30:00+00:00,ICICIBANK,0.0008176433107958125
2025-11-03 18:30:00+00:00,ICICIBANK,-0.007055852516145267
2025-11-05 18:30:00+00:00,ICICIBANK,-0.012341984964232222
2025-11-06 18:30:00+00:00,ICICIBANK,0.01711600664046209
2025-11-09 18:30:00+00:00,ICICIBANK,0.0037230081906181045
2025-11-10 18:30:00+00:00,ICICIBANK,0.0076409857775407986
2025-11-11 18:30:00+00:00,ICICIBANK,0.0004417106415148808
2025-11-12 18:30:00+00:00,ICICIBANK,0.019869011343672582
2025-11-13 18:30:00+00:00,ICICIBANK,-0.009308048334522812
2025-11-16 18:30:00+00:00,ICICIBANK,0.004369992716678706
2025-11-17 18:30:00+00:00,ICICIBANK,-0.004060896001405023
2025-11-18 18:30:00+00:00,ICICIBANK,0.0070627282652142576
2025-11-19 18:30:00+00:00,ICICIBANK,-7.228370161393993e-05
2025-11-20 18:30:00+00:00,ICICIBANK,-0.009761388286334105
2025-11-23 18:30:00+00:00,ICICIBANK,-0.000803195024415837
2025-11-24 18:30:00+00:00,ICICIBANK,-0.007746255040061323
2025-11-25 18:30:00+00:00,ICICIBANK,0.012667514032511429
2025-11-26 18:30:00+00:00,ICICIBANK,0.012509055397727176
2025-11-27 18:30:00+00:00,ICICIBANK,-0.002442107788387826
2025-11-30 18:30:00+00:00,ICICIBANK,0.0009360071371753431
2025-12-01 18:30:00+00:00,ICICIBANK,-0.012301255942925748
2025-12-02 18:30:00+00:00,ICICIBANK,0.013474144209759675
2025-12-03 18:30:00+00:00,ICICIBANK,-0.0034495500022457826
2025-12-04 18:30:00+00:00,ICICIBANK,0.004182627123642257
2025-12-07 18:30:00+00:00,ICICIBANK,-0.002082602810816847
2025-12-08 18:30:00+00:00,ICICIBANK,-0.010362712051711576
2025-12-09 18:30:00+00:00,ICICIBANK,-0.008435119253787482
2025-12-10 18:30:00+00:00,ICICIBANK,-0.002640052545021976
2025-12-11 18:30:00+00:00,ICICIBANK,0.004411764705882337
2025-12-14 18:30:00+00:00,ICICIBANK,-0.0005856872826683901
2025-12-15 18:30:00+00:00,ICICIBANK,0.0005860305132872057
2025-12-16 18:30:00+00:00,ICICIBANK,-0.009956058262033274
2025-12-17 18:30:00+00:00,ICICIBANK,0.003253493296828891
2025-12-18 18:30:00+00:00,ICICIBANK,-0.0019900303250427465
2025-12-21 18:30:00+00:00,ICICIBANK,0.010634387913515342
2025-12-22 18:30:00+00:00,ICICIBANK,-0.004018998903909443
2025-12-23 18:30:00+00:00,ICICIBANK,-0.0023477264650586527
2025-12-25 18:30:00+00:00,ICICIBANK,-0.006912798997296243
2025-12-28 18:30:00+00:00,ICICIBANK,-0.005257683247612666
2025-12-29 18:30:00+00:00,ICICIBANK,-0.0005955846043651514
2025-12-30 18:30:00+00:00,ICICIBANK,0.00029796976838913913
2025-12-31 18:30:00+00:00,ICICIBANK,-0.0036488378322879766
2026-01-01 18:30:00+00:00,ICICIBANK,0.013004502551616115
2026-01-04 18:30:00+00:00,ICICIBANK,0.011878394050418795
2026-01-05 18:30:00+00:00,ICICIBANK,0.028946373439208806
2026-01-06 18:30:00+00:00,ICICIBANK,0.011692177275302695
2026-01-07 18:30:00+00:00,ICICIBANK,0.00511315337801399
2026-01-08 18:30:00+00:00,ICICIBANK,-0.02139369419642856
2026-01-11 18:30:00+00:00,ICICIBANK,0.006266414905529594
2026-01-12 18:30:00+00:00,ICICIBANK,0.01691318719622248
2026-01-13 18:30:00+00:00,ICICIBANK,-0.012943615578244638
2026-01-14 18:30:00+00:00,ICICIBANK,0.0
2026-01-15 18:30:00+00:00,ICICIBANK,-0.005358132723578435
2026-01-18 18:30:00+00:00,ICICIBANK,-0.021406345475585287
2026-01-19 18:30:00+00:00,ICICIBANK,-0.0034766962499584997
2026-01-20 18:30:00+00:00,ICICIBANK,-0.019479610319066865
2026-01-21 18:30:00+00:00,ICICIBANK,-0.0025945144551520194
2026-01-22 18:30:00+00:00,ICICIBANK,-0.001560739937523259
2026-01-26 18:30:00+00:00,ICICIBANK,0.013398838523805301
2026-01-27 18:30:00+00:00,ICICIBANK,0.0046275353642100114
2026-01-28 18:30:00+00:00,ICICIBANK,0.01162537470330327
2026-01-29 18:30:00+00:00,ICICIBANK,-0.020670696798636312
2026-02-01 18:30:00+00:00,ICICIBANK,-0.0016235802006457911
2026-02-02 18:30:00+00:00,ICICIBANK,0.02727668614124812
2026-02-03 18:30:00+00:00,ICICIBANK,0.013456194789687181
2026-02-04 18:30:00+00:00,ICICIBANK,-0.008449321363093065
2026-02-05 18:30:00+00:00,ICICIBANK,0.006874311196518157
2025-01-01 18:30:00+00:00,INDIGO,-0.012609573211907255
2025-01-02 18:30:00+00:00,INDIGO,-0.01576770543006978
2025-01-05 18:30:00+00:00,INDIGO,-0.044612914173560614
2025-01-06 18:30:00+00:00,INDIGO,0.014448236932470326
2025-01-07 18:30:00+00:00,INDIGO,-0.01535138294084637
2025-01-08 18:30:00+00:00,INDIGO,-0.0003754809558744743
2025-01-09 18:30:00+00:00,INDIGO,-0.0074520556751696
2025-01-12 18:30:00+00:00,INDIGO,-0.05377406424333364
2025-01-13 18:30:00+00:00,INDIGO,-0.0015994295103239908
2025-01-14 18:30:00+00:00,INDIGO,0.017772191993665087
2025-01-15 18:30:00+00:00,INDIGO,0.01125191331605424
2025-01-16 18:30:00+00:00,INDIGO,-0.005241143388966196
2025-01-19 18:30:00+00:00,INDIGO,0.005892128611953318
2025-01-20 18:30:00+00:00,INDIGO,-0.02539916506090023
2025-01-21 18:30:00+00:00,INDIGO,0.00042393366898774154
2025-01-22 18:30:00+00:00,INDIGO,0.030736584597422123
2025-01-23 18:30:00+00:00,INDIGO,0.006529975215832318
2025-01-26 18:30:00+00:00,INDIGO,0.0033518678545401137
2025-01-27 18:30:00+00:00,INDIGO,0.025564368431631346
2025-01-28 18:30:00+00:00,INDIGO,0.002661903632852569
2025-01-29 18:30:00+00:00,INDIGO,-0.01540550247286987
2025-01-30 18:30:00+00:00,INDIGO,0.0228490280633864
2025-01-31 18:30:00+00:00,INDIGO,0.03886124346930697
2025-02-02 18:30:00+00:00,INDIGO,-0.021970376856046414
2025-02-03 18:30:00+00:00,INDIGO,-0.011038484748667976
2025-02-04 18:30:00+00:00,INDIGO,0.016155638754217216
2025-02-05 18:30:00+00:00,INDIGO,-0.004654121198566674
2025-02-06 18:30:00+00:00,INDIGO,-0.006894465597117483
2025-02-09 18:30:00+00:00,INDIGO,-0.009027269289981876
2025-02-10 18:30:00+00:00,INDIGO,-0.0019189269479019666
2025-02-11 18:30:00+00:00,INDIGO,0.004783597178969368
2025-02-12 18:30:00+00:00,INDIGO,0.006305440982818045
2025-02-13 18:30:00+00:00,INDIGO,-0.03242959651426047
2025-02-16 18:30:00+00:00,INDIGO,0.01887158897688246
2025-02-17 18:30:00+00:00,INDIGO,0.009888405768931907
2025-02-18 18:30:00+00:00,INDIGO,0.012507045842547804
2025-02-19 18:30:00+00:00,INDIGO,0.023080122008143134
2025-02-20 18:30:00+00:00,INDIGO,0.002065971801560318
2025-02-23 18:30:00+00:00,INDIGO,0.005597764840962194
2025-02-24 18:30:00+00:00,INDIGO,-0.023930737532747215
2025-02-26 18:30:00+00:00,INDIGO,0.003602470625392762
2025-02-27 18:30:00+00:00,INDIGO,0.007629284785647394
2025-03-02 18:30:00+00:00,INDIGO,-0.002814166989201783
2025-03-03 18:30:00+00:00,INDIGO,0.030013211689387198
2025-03-04 18:30:00+00:00,INDIGO,0.0216148285372999
2025-03-05 18:30:00+00:00,INDIGO,0.01368635831411602
2025-03-06 18:30:00+00:00,INDIGO,-0.022016257467309286
2025-03-09 18:30:00+00:00,INDIGO,-0.006441223325215795
2025-03-10 18:30:00+00:00,INDIGO,0.005164865932379081
2025-03-11 18:30:00+00:00,INDIGO,0.016715178254190555
2025-03-12 18:30:00+00:00,INDIGO,-0.005994686971704133
2025-03-16 18:30:00+00:00,INDIGO,0.016933131164292403
2025-03-17 18:30:00+00:00,INDIGO,0.0
2025-03-18 18:30:00+00:00,INDIGO,0.04185793820139372
2025-03-19 18:30:00+00:00,INDIGO,0.021322979040078627
2025-03-20 18:30:00+00:00,INDIGO,-0.008394447393671345
2025-03-23 18:30:00+00:00,INDIGO,-0.014611182661988686
2025-03-24 18:30:00+00:00,INDIGO,0.007313347708309159
2025-03-25 18:30:00+00:00,INDIGO,0.0036850763201168313
2025-03-26 18:30:00+00:00,INDIGO,0.02042719856494135
2025-03-27 18:30:00+00:00,INDIGO,-0.002427886181413097
2025-03-31 18:30:00+00:00,INDIGO,-0.0170760552859891
2025-04-01 18:30:00+00:00,INDIGO,0.008005177446008593
2025-04-02 18:30:00+00:00,INDIGO,-0.012755898444982816
2025-04-03 18:30:00+00:00,INDIGO,0.019046273809064207
2025-04-06 18:30:00+00:00,INDIGO,-0.021612423296847094
2025-04-07 18:30:00+00:00,INDIGO,0.033746152553496556
2025-04-08 18:30:00+00:00,INDIGO,0.007116490987137514
2025-04-10 18:30:00+00:00,INDIGO,-0.008211713974811796
2025-04-14 18:30:00+00:00,INDIGO,0.02036450867745776
2025-04-15 18:30:00+00:00,INDIGO,-0.0021879508600679554
2025-04-16 18:30:00+00:00,INDIGO,0.02316710772818875
2025-04-20 18:30:00+00:00,INDIGO,0.024319781154509945
2025-04-21 18:30:00+00:00,INDIGO,0.006822573837803825
2025-04-22 18:30:00+00:00,INDIGO,0.004427146305558738
2025-04-23 18:30:00+00:00,INDIGO,-0.00683640246826045
2025-04-24 18:30:00+00:00,INDIGO,-0.037496622193319507
2025-04-27 18:30:00+00:00,INDIGO,0.005175497936290352
2025-04-28 18:30:00+00:00,INDIGO,-0.014416780205411928
2025-04-29 18:30:00+00:00,INDIGO,-0.0027544756396385983
2025-05-01 18:30:00+00:00,INDIGO,0.013715569571107977
2025-05-04 18:30:00+00:00,INDIGO,0.03946251697832892
2025-05-05 18:30:00+00:00,INDIGO,-0.037873980936212304
2025-05-06 18:30:00+00:00,INDIGO,-0.004791441428359744
2025-05-07 18:30:00+00:00,INDIGO,-0.028414990508759286
2025-05-08 18:30:00+00:00,INDIGO,-0.008744606618162787
2025-05-11 18:30:00+00:00,INDIGO,0.07361295528794853
2025-05-12 18:30:00+00:00,INDIGO,0.008125694943712292
2025-05-13 18:30:00+00:00,INDIGO,-0.012588310012116466
2025-05-14 18:30:00+00:00,INDIGO,0.02522242160907262
2025-05-15 18:30:00+00:00,INDIGO,-0.004741505222472964
2025-05-18 18:30:00+00:00,INDIGO,0.002157343924938049
2025-05-19 18:30:00+00:00,INDIGO,-0.023769017196680342
2025-05-20 18:30:00+00:00,INDIGO,0.0035832752208639906
2025-05-21 18:30:00+00:00,INDIGO,0.007598679667950359
2025-05-22 18:30:00+00:00,INDIGO,0.003270960048372018
2025-05-25 18:30:00+00:00,INDIGO,-0.01829387187184761
2025-05-26 18:30:00+00:00,INDIGO,-0.019649444255088633
2025-05-27 18:30:00+00:00,INDIGO,0.0031994656695344403
2025-05-28 18:30:00+00:00,INDIGO,-0.0015946308680493404
2025-05-29 18:30:00+00:00,INDIGO,0.0015031612705664887
2025-06-01 18:30:00+00:00,INDIGO,0.0005628853204207029
2025-06-02 18:30:00+00:00,INDIGO,0.00946938604811387
2025-06-03 18:30:00+00:00,INDIGO,0.006036900071301421
2025-06-04 18:30:00+00:00,INDIGO,0.012186118715770577
2025-06-05 18:30:00+00:00,INDIGO,-0.0002736390649876741
2025-06-08 18:30:00+00:00,INDIGO,0.03913877646020647
2025-06-09 18:30:00+00:00,INDIGO,-0.016856865649812036
2025-06-10 18:30:00+00:00,INDIGO,0.005715268095211501
2025-06-11 18:30:00+00:00,INDIGO,-0.027437384650449204
2025-06-12 18:30:00+00:00,INDIGO,-0.039167362540691864
2025-06-15 18:30:00+00:00,INDIGO,0.022900070131278927
2025-06-16 18:30:00+00:00,INDIGO,-0.013376662450613419
2025-06-17 18:30:00+00:00,INDIGO,-0.007061533921630225
2025-06-18 18:30:00+00:00,INDIGO,-0.0003792824058507227
2025-06-19 18:30:00+00:00,INDIGO,0.02257637613257235
2025-06-22 18:30:00+00:00,INDIGO,0.014285718174712914
2025-06-23 18:30:00+00:00,INDIGO,0.025516735499721888
2025-06-24 18:30:00+00:00,INDIGO,0.005796868305756986
2025-06-25 18:30:00+00:00,INDIGO,0.009310108456024091
2025-06-26 18:30:00+00:00,INDIGO,0.02187473977416121
2025-06-29 18:30:00+00:00,INDIGO,0.027596332139244284
2025-06-30 18:30:00+00:00,INDIGO,-0.0019242631057637682
2025-07-01 18:30:00+00:00,INDIGO,-0.0015087272491720594
2025-07-02 18:30:00+00:00,INDIGO,-0.031900641438872834
2025-07-03 18:30:00+00:00,INDIGO,-0.002254588786722689
2025-07-06 18:30:00+00:00,INDIGO,-0.0008691351760676813
2025-07-07 18:30:00+00:00,INDIGO,0.009394621054856556
2025-07-08 18:30:00+00:00,INDIGO,0.00861769701874393
2025-07-09 18:30:00+00:00,INDIGO,-0.00205061950272456
2025-07-10 18:30:00+00:00,INDIGO,0.013270612694555872
2025-07-13 18:30:00+00:00,INDIGO,0.0038867323023872302
2025-07-14 18:30:00+00:00,INDIGO,-0.0016833230154840173
2025-07-15 18:30:00+00:00,INDIGO,0.0032880352892254994
2025-07-16 18:30:00+00:00,INDIGO,-0.02579826686993769
2025-07-17 18:30:00+00:00,INDIGO,0.01112739168717436
2025-07-20 18:30:00+00:00,INDIGO,0.002900506864763841
2025-07-21 18:30:00+00:00,INDIGO,0.011908800545189724
2025-07-22 18:30:00+00:00,INDIGO,-0.008574328015246824
2025-07-23 18:30:00+00:00,INDIGO,-0.008987548065674145
2025-07-24 18:30:00+00:00,INDIGO,-0.007015797449700267
2025-07-27 18:30:00+00:00,INDIGO,-0.0070652823457957314
2025-07-28 18:30:00+00:00,INDIGO,-0.0010412822091242502
2025-07-29 18:30:00+00:00,INDIGO,-0.0027797319278973776
2025-07-30 18:30:00+00:00,INDIGO,0.029703840115722135
2025-07-31 18:30:00+00:00,INDIGO,-0.020641274289918576
2025-08-03 18:30:00+00:00,INDIGO,-0.0013820202845021834
2025-08-04 18:30:00+00:00,INDIGO,0.0001729493068998167
2025-08-05 18:30:00+00:00,INDIGO,0.019372133378723344
2025-08-06 18:30:00+00:00,INDIGO,-0.005853840711563363
2025-08-07 18:30:00+00:00,INDIGO,-0.01527566307974737
2025-08-10 18:30:00+00:00,INDIGO,0.018892417956524632
2025-08-11 18:30:00+00:00,INDIGO,0.008335484813572602
2025-08-12 18:30:00+00:00,INDIGO,0.008787494719053601
2025-08-13 18:30:00+00:00,INDIGO,0.005528101181003331
2025-08-17 18:30:00+00:00,INDIGO,0.01566014160766338
2025-08-18 18:30:00+00:00,INDIGO,-0.006725170179611273
2025-08-19 18:30:00+00:00,INDIGO,0.0165139129716787
2025-08-20 18:30:00+00:00,INDIGO,-0.009178783202014484
2025-08-21 18:30:00+00:00,INDIGO,-0.0020495163141498463
2025-08-24 18:30:00+00:00,INDIGO,0.0048467920808346054
2025-08-25 18:30:00+00:00,INDIGO,-0.010791366906474864
2025-08-27 18:30:00+00:00,INDIGO,-0.05338842975206615
2025-08-28 18:30:00+00:00,INDIGO,-0.014143530644316393
2025-08-31 18:30:00+00:00,INDIGO,0.004250797024442088
2025-09-01 18:30:00+00:00,INDIGO,-0.0007936507936507908
2025-09-02 18:30:00+00:00,INDIGO,0.013149766128320639
2025-09-03 18:30:00+00:00,INDIGO,-0.007839721254355392
2025-09-04 18:30:00+00:00,INDIGO,-0.004389815627743654
2025-09-07 18:30:00+00:00,INDIGO,0.004673721340388015
2025-09-08 18:30:00+00:00,INDIGO,-0.010357236899850797
2025-09-09 18:30:00+00:00,INDIGO,-0.0032815964523281727
2025-09-10 18:30:00+00:00,INDIGO,0.008542445274960064
2025-09-11 18:30:00+00:00,INDIGO,0.010675842597494212
2025-09-14 18:30:00+00:00,INDIGO,0.0001745962461807693
2025-09-15 18:30:00+00:00,INDIGO,-0.00017456576765295662
2025-09-16 18:30:00+00:00,INDIGO,0.0033173286774335065
2025-09-17 18:30:00+00:00,INDIGO,-0.005394588010093071
2025-09-18 18:30:00+00:00,INDIGO,-0.006386142944624251
2025-09-21 18:30:00+00:00,INDIGO,0.012061982743440725
2025-09-22 18:30:00+00:00,INDIGO,-0.0026968247063940964
2025-09-23 18:30:00+00:00,INDIGO,-0.008025122121423589
2025-09-24 18:30:00+00:00,INDIGO,-0.0020225114315863824
2025-09-25 18:30:00+00:00,INDIGO,-0.020001762269803547
2025-09-28 18:30:00+00:00,INDIGO,0.026254270814601632
2025-09-29 18:30:00+00:00,INDIGO,-0.019712633607850027
2025-09-30 18:30:00+00:00,INDIGO,0.002055590311913491
2025-10-02 18:30:00+00:00,INDIGO,0.009097395647520434
2025-10-05 18:30:00+00:00,INDIGO,0.006628955276648307
2025-10-06 18:30:00+00:00,INDIGO,-0.005356045306875057
2025-10-07 18:30:00+00:00,INDIGO,-0.005120056497175174
2025-10-08 18:30:00+00:00,INDIGO,0.01588287488908602
2025-10-09 18:30:00+00:00,INDIGO,0.0018342213293738308
2025-10-12 18:30:00+00:00,INDIGO,0.009154315605928609
2025-10-13 18:30:00+00:00,INDIGO,-0.0049244060475162055
2025-10-14 18:30:00+00:00,INDIGO,0.01762458760201424
2025-10-15 18:30:00+00:00,INDIGO,0.0034979950516167424
2025-10-16 18:30:00+00:00,INDIGO,-0.005611290596837293
2025-10-19 18:30:00+00:00,INDIGO,0.014705882352941124
2025-10-20 18:30:00+00:00,INDIGO,-0.00353892821031343
2025-10-22 18:30:00+00:00,INDIGO,-0.020970742431929645
2025-10-23 18:30:00+00:00,INDIGO,-0.0017274140611505118
2025-10-26 18:30:00+00:00,INDIGO,0.009690257830074378
2025-10-27 18:30:00+00:00,INDIGO,-0.004455869751499586
2025-10-28 18:30:00+00:00,INDIGO,0.0006885866758479242
2025-10-29 18:30:00+00:00,INDIGO,-0.01513848271116458
2025-10-30 18:30:00+00:00,INDIGO,-0.017467248908296984
2025-11-02 18:30:00+00:00,INDIGO,0.012533333333333285
2025-11-03 18:30:00+00:00,INDIGO,-0.010271266789570688
2025-11-05 18:30:00+00:00,INDIGO,0.009934362249423456
2025-11-06 18:30:00+00:00,INDIGO,-0.019234147198313734
2025-11-09 18:30:00+00:00,INDIGO,0.0008954956568461014
2025-11-10 18:30:00+00:00,INDIGO,0.03471414511944171
2025-11-11 18:30:00+00:00,INDIGO,0.002248162559446598
2025-11-12 18:30:00+00:00,INDIGO,0.018980243292209487
2025-11-13 18:30:00+00:00,INDIGO,0.0005080010160021242
2025-11-16 18:30:00+00:00,INDIGO,-0.0060082931370060155
2025-11-17 18:30:00+00:00,INDIGO,-0.022731142516601355
2025-11-18 18:30:00+00:00,INDIGO,0.00331039289136692
2025-11-19 18:30:00+00:00,INDIGO,0.004688721021099296
2025-11-20 18:30:00+00:00,INDIGO,0.010025062656641603
2025-11-23 18:30:00+00:00,INDIGO,-0.006502951997946482
2025-11-24 18:30:00+00:00,INDIGO,-0.005253638790801873
2025-11-25 18:30:00+00:00,INDIGO,0.02389610389610386
2025-11-26 18:30:00+00:00,INDIGO,0.0010147133434805777
2025-11-27 18:30:00+00:00,INDIGO,-0.0029565805034633685
2025-11-30 18:30:00+00:00,INDIGO,-0.018215707870880338
2025-12-01 18:30:00+00:00,INDIGO,-0.016655160510873346
2025-12-02 18:30:00+00:00,INDIGO,-0.017902588854760815
2025-12-03 18:30:00+00:00,INDIGO,-0.028415691180412872
2025-12-04 18:30:00+00:00,INDIGO,-0.012140163708268203
2025-12-07 18:30:00+00:00,INDIGO,-0.08323247369891074
2025-12-08 18:30:00+00:00,INDIGO,0.008936731999593883
2025-12-09 18:30:00+00:00,INDIGO,-0.0326119778560644
2025-12-10 18:30:00+00:00,INDIGO,0.0028092810321507233
2025-12-11 18:30:00+00:00,INDIGO,0.008611745175347574
2025-12-14 18:30:00+00:00,INDIGO,0.021602715769982517
2025-12-15 18:30:00+00:00,INDIGO,0.001711811499345517
2025-12-16 18:30:00+00:00,INDIGO,0.0013067953357459583
2025-12-17 18:30:00+00:00,INDIGO,0.02710571227788372
2025-12-18 18:30:00+00:00,INDIGO,0.007428403870589406
2025-12-21 18:30:00+00:00,INDIGO,-0.0015523430678180405
2025-12-22 18:30:00+00:00,INDIGO,0.002234962588669731
2025-12-23 18:30:00+00:00,INDIGO,-0.014640294745006832
2025-12-25 18:30:00+00:00,INDIGO,-0.0014759421430680097
2025-12-28 18:30:00+00:00,INDIGO,0.0022664564446195357
2025-12-29 18:30:00+00:00,INDIGO,-0.013273031167043592
2025-12-30 18:30:00+00:00,INDIGO,0.008270227182144207
2025-12-31 18:30:00+00:00,INDIGO,0.01008004743551738
2026-01-01 18:30:00+00:00,INDIGO,-0.0008805400645729433
2026-01-04 18:30:00+00:00,INDIGO,-0.0006854680767723886
2026-01-05 18:30:00+00:00,INDIGO,-0.019598236158745674
2026-01-06 18:30:00+00:00,INDIGO,-0.010294852573713098
2026-01-07 18:30:00+00:00,INDIGO,-0.008988083215512033
2026-01-08 18:30:00+00:00,INDIGO,-0.012738204422704569
2026-01-11 18:30:00+00:00,INDIGO,0.0012386457473163581
2026-01-12 18:30:00+00:00,INDIGO,-0.018659793814432946
2026-01-13 18:30:00+00:00,INDIGO,-0.00556781174493115
2026-01-14 18:30:00+00:00,INDIGO,0.0
2026-01-15 18:30:00+00:00,INDIGO,0.001478977392774139
2026-01-18 18:30:00+00:00,INDIGO,0.04251054852320668
2026-01-19 18:30:00+00:00,INDIGO,-0.030658706870383523
2026-01-20 18:30:00+00:00,INDIGO,0.014091858037578398
2026-01-21 18:30:00+00:00,INDIGO,0.010602161605764326
2026-01-22 18:30:00+00:00,INDIGO,-0.041658178855163985
2026-01-26 18:30:00+00:00,INDIGO,0.01371027739398456
2026-01-27 18:30:00+00:00,INDIGO,-0.004193751310547333
2026-01-28 18:30:00+00:00,INDIGO,-0.026953042745841205
2026-01-29 18:30:00+00:00,INDIGO,-0.005301882709370265
2026-02-01 18:30:00+00:00,INDIGO,0.019688893723485368
2026-02-02 18:30:00+00:00,INDIGO,0.055301940540324335
2026-02-03 18:30:00+00:00,INDIGO,0.0029315432913010753
2026-02-04 18:30:00+00:00,INDIGO,-0.005745156707299137
2026-02-05 18:30:00+00:00,INDIGO,-0.004622742805618252
2025-01-01 18:30:00+00:00,INFY,0.040026585357223254
2025-01-02 18:30:00+00:00,INFY,-0.00975561532049507
2025-01-05 18:30:00+00:00,INFY,-0.0004641597072423398
2025-01-06 18:30:00+00:00,INFY,-0.0036122687163170353
2025-01-07 18:30:00+00:00,INFY,0.0011911837561069394
2025-01-08 18:30:00+00:00,INFY,-0.008198986696004829
2025-01-09 18:30:00+00:00,INFY,0.02589567172437679
2025-01-12 18:30:00+00:00,INFY,-0.0024148729027207994
2025-01-13 18:30:00+00:00,INFY,-0.011288274775039686
2025-01-14 18:30:00+00:00,INFY,0.004948280229359003
2025-01-15 18:30:00+00:00,INFY,-0.010873780624752305
2025-01-16 18:30:00+00:00,INFY,-0.058596278764030174
2025-01-19 18:30:00+00:00,INFY,-0.001184241816280518
2025-01-20 18:30:00+00:00,INFY,-0.006948705669884037
2025-01-21 18:30:00+00:00,INFY,0.03096020848551917
2025-01-22 18:30:00+00:00,INFY,0.004847909433837616
2025-01-23 18:30:00+00:00,INFY,0.005360683242882525
2025-01-26 18:30:00+00:00,INFY,-0.028499852936022196
2025-01-27 18:30:00+00:00,INFY,0.004253628386954311
2025-01-28 18:30:00+00:00,INFY,0.028145895061457038
2025-01-29 18:30:00+00:00,INFY,-0.011322250968301195
2025-01-30 18:30:00+00:00,INFY,0.010672387149428975
2025-01-31 18:30:00+00:00,INFY,-0.015134633072867887
2025-02-02 18:30:00+00:00,INFY,0.00645477951097484
2025-02-03 18:30:00+00:00,INFY,0.01905222696767961
2025-02-04 18:30:00+00:00,INFY,-0.0009216392814789254
2025-02-05 18:30:00+00:00,INFY,0.00980466397803803
2025-02-06 18:30:00+00:00,INFY,-0.006264167333139614
2025-02-09 18:30:00+00:00,INFY,-0.012265908874236842
2025-02-10 18:30:00+00:00,INFY,-0.0024730180813461455
2025-02-11 18:30:00+00:00,INFY,-0.006664379918906005
2025-02-12 18:30:00+00:00,INFY,-0.010680837537941357
2025-02-13 18:30:00+00:00,INFY,0.007134111379769603
2025-02-16 18:30:00+00:00,INFY,-0.007595271793347624
2025-02-17 18:30:00+00:00,INFY,0.005237981244643475
2025-02-18 18:30:00+00:00,INFY,-0.022219803205937083
2025-02-19 18:30:00+00:00,INFY,0.007924658002033347
2025-02-20 18:30:00+00:00,INFY,-0.005561200683328216
2025-02-23 18:30:00+00:00,INFY,-0.02804411435274512
2025-02-24 18:30:00+00:00,INFY,0.002040664095347644
2025-02-26 18:30:00+00:00,INFY,-0.0019233175681632186
2025-02-27 18:30:00+00:00,INFY,-0.043416699975758144
2025-03-02 18:30:00+00:00,INFY,0.012383679824560678
2025-03-03 18:30:00+00:00,INFY,-0.01188095593455274
2025-03-04 18:30:00+00:00,INFY,0.013741593192830193
2025-03-05 18:30:00+00:00,INFY,0.0025416365463410973
2025-03-06 18:30:00+00:00,INFY,-0.017396590956119562
2025-03-09 18:30:00+00:00,INFY,0.009163669770646532
2025-03-10 18:30:00+00:00,INFY,-0.023421214966477533
2025-03-11 18:30:00+00:00,INFY,-0.0425794706477548
2025-03-12 18:30:00+00:00,INFY,-0.006914554741923595
2025-03-16 18:30:00+00:00,INFY,0.006456418973047606
2025-03-17 18:30:00+00:00,INFY,0.0
2025-03-18 18:30:00+00:00,INFY,-0.00220119949880182
2025-03-19 18:30:00+00:00,INFY,0.018278620812907098
2025-03-20 18:30:00+00:00,INFY,-0.014236619619695579
2025-03-23 18:30:00+00:00,INFY,0.00012556057350643357
2025-03-24 18:30:00+00:00,INFY,0.022413970241382142
2025-03-25 18:30:00+00:00,INFY,-0.017808314436582484
2025-03-26 18:30:00+00:00,INFY,0.0025634771572127235
2025-03-27 18:30:00+00:00,INFY,-0.02051698539435487
2025-03-31 18:30:00+00:00,INFY,-0.028109470432211014
2025-04-01 18:30:00+00:00,INFY,0.015493042979602967
2025-04-02 18:30:00+00:00,INFY,-0.034609558856795175
2025-04-03 18:30:00+00:00,INFY,-0.029969891533936033
2025-04-06 18:30:00+00:00,INFY,-0.03781906650158873
2025-04-07 18:30:00+00:00,INFY,0.02294613852284555
2025-04-08 18:30:00+00:00,INFY,-0.017567281209237007
2025-04-10 18:30:00+00:00,INFY,0.004096311949331355
2025-04-14 18:30:00+00:00,INFY,0.01174220526535108
2025-04-15 18:30:00+00:00,INFY,-0.00904634878821764
2025-04-16 18:30:00+00:00,INFY,0.004529156461396733
2025-04-20 18:30:00+00:00,INFY,0.02219093406167727
2025-04-21 18:30:00+00:00,INFY,-0.0194348548557427
2025-04-22 18:30:00+00:00,INFY,0.03661790756883443
2025-04-23 18:30:00+00:00,INFY,-0.0023730540092197216
2025-04-24 18:30:00+00:00,INFY,0.005980657611814877
2025-04-27 18:30:00+00:00,INFY,0.0012835755147759809
2025-04-28 18:30:00+00:00,INFY,0.010390697378602765
2025-04-29 18:30:00+00:00,INFY,0.0017362285527053878
2025-05-01 18:30:00+00:00,INFY,0.004533080174566884
2025-05-04 18:30:00+00:00,INFY,0.0011280517657743516
2025-05-05 18:30:00+00:00,INFY,0.0019224003419748836
2025-05-06 18:30:00+00:00,INFY,-0.002117110352662155
2025-05-07 18:30:00+00:00,INFY,0.002055273311353245
2025-05-08 18:30:00+00:00,INFY,-0.002514240153966174
2025-05-11 18:30:00+00:00,INFY,0.07913246116155648
2025-05-12 18:30:00+00:00,INFY,-0.035835114916147326
2025-05-13 18:30:00+00:00,INFY,0.015172809993738268
2025-05-14 18:30:00+00:00,INFY,0.012936483488017902
2025-05-15 18:30:00+00:00,INFY,-0.014321149494393226
2025-05-18 18:30:00+00:00,INFY,-0.018931960167872353
2025-05-19 18:30:00+00:00,INFY,0.000512787497203071
2025-05-20 18:30:00+00:00,INFY,0.005062187911810678
2025-05-21 18:30:00+00:00,INFY,-0.01338857451469655
2025-05-22 18:30:00+00:00,INFY,0.011179321439033885
2025-05-25 18:30:00+00:00,INFY,0.010033186936206917
2025-05-26 18:30:00+00:00,INFY,-0.006580201916487338
2025-05-27 18:30:00+00:00,INFY,0.0010828053519897907
2025-05-28 18:30:00+00:00,INFY,0.008779651684537093
2025-05-29 18:30:00+00:00,INFY,-0.000575544655004534
2025-06-01 18:30:00+00:00,INFY,-0.005695232981576481
2025-06-02 18:30:00+00:00,INFY,-0.006950733703624312
2025-06-03 18:30:00+00:00,INFY,0.005314279113993958
2025-06-04 18:30:00+00:00,INFY,0.0019985095671264386
2025-06-05 18:30:00+00:00,INFY,0.006112110512533464
2025-06-08 18:30:00+00:00,INFY,0.00581914423398433
2025-06-09 18:30:00+00:00,INFY,0.014686255064056075
2025-06-10 18:30:00+00:00,INFY,0.021992427602813613
2025-06-11 18:30:00+00:00,INFY,-0.013794385759992811
2025-06-12 18:30:00+00:00,INFY,-0.004102948788338834
2025-06-15 18:30:00+00:00,INFY,0.013608076804470182
2025-06-16 18:30:00+00:00,INFY,0.009914972217133888
2025-06-17 18:30:00+00:00,INFY,-0.00426852522109733
2025-06-18 18:30:00+00:00,INFY,-0.008879908596744035
2025-06-19 18:30:00+00:00,INFY,0.0027805113022407735
2025-06-22 18:30:00+00:00,INFY,-0.023969443892467135
2025-06-23 18:30:00+00:00,INFY,-0.0015152020183288872
2025-06-24 18:30:00+00:00,INFY,0.0210546747935465
2025-06-25 18:30:00+00:00,INFY,0.0006811314687342751
2025-06-26 18:30:00+00:00,INFY,-0.0049505068195248025
2025-06-29 18:30:00+00:00,INFY,-0.0038556766522145347
2025-06-30 18:30:00+00:00,INFY,0.00312153433126805
2025-07-01 18:30:00+00:00,INFY,0.0023026840504283275
2025-07-02 18:30:00+00:00,INFY,0.005091544446949037
2025-07-03 18:30:00+00:00,INFY,0.013591109035293591
2025-07-06 18:30:00+00:00,INFY,-0.008350005091420476
2025-07-07 18:30:00+00:00,INFY,0.007191055606589503
2025-07-08 18:30:00+00:00,INFY,-0.0030511686780767544
2025-07-09 18:30:00+00:00,INFY,-0.010956662899005876
2025-07-10 18:30:00+00:00,INFY,-0.01293482606343832
2025-07-13 18:30:00+00:00,INFY,-0.0154241157811138
2025-07-14 18:30:00+00:00,INFY,0.009743300992206994
2025-07-15 18:30:00+00:00,INFY,0.014064145503968728
2025-07-16 18:30:00+00:00,INFY,-0.015175077511053292
2025-07-17 18:30:00+00:00,INFY,0.0016418501554422704
2025-07-20 18:30:00+00:00,INFY,-0.0011347602410705093
2025-07-21 18:30:00+00:00,INFY,-0.008458021441934749
2025-07-22 18:30:00+00:00,INFY,0.002291637951500114
2025-07-23 18:30:00+00:00,INFY,-0.013972644297704728
2025-07-24 18:30:00+00:00,INFY,-0.023703775020223472
2025-07-27 18:30:00+00:00,INFY,0.00019796562315921307
2025-07-28 18:30:00+00:00,INFY,-0.0015171907820399344
2025-07-29 18:30:00+00:00,INFY,0.0035014405245969993
2025-07-30 18:30:00+00:00,INFY,-0.006583293781351474
2025-07-31 18:30:00+00:00,INFY,-0.02611007595846615
2025-08-03 18:30:00+00:00,INFY,0.00741703162040297
2025-08-04 18:30:00+00:00,INFY,-0.013644012843117781
2025-08-05 18:30:00+00:00,INFY,-0.01616113453257373
2025-08-06 18:30:00+00:00,INFY,0.00013923412260852253
2025-08-07 18:30:00+00:00,INFY,-0.009604005658294223
2025-08-10 18:30:00+00:00,INFY,0.003583703723702314
2025-08-11 18:30:00+00:00,INFY,-0.0028706795318467204
2025-08-12 18:30:00+00:00,INFY,0.0017554770431189581
2025-08-13 18:30:00+00:00,INFY,0.014790328304734146
2025-08-17 18:30:00+00:00,INFY,-0.008219856637495249
2025-08-18 18:30:00+00:00,INFY,0.0029252312851621998
2025-08-19 18:30:00+00:00,INFY,0.03902772215582018
2025-08-20 18:30:00+00:00,INFY,0.00013369713754762813
2025-08-21 18:30:00+00:00,INFY,-0.005947650570352403
2025-08-24 18:30:00+00:00,INFY,0.02998317344845991
2025-08-25 18:30:00+00:00,INFY,-0.0016317309914584133
2025-08-27 18:30:00+00:00,INFY,-0.019286073351576283
2025-08-28 18:30:00+00:00,INFY,-0.02033200567636151
2025-08-31 18:30:00+00:00,INFY,0.020277734509112744
2025-09-01 18:30:00+00:00,INFY,-0.000466941276740962
2025-09-02 18:30:00+00:00,INFY,-0.013077982625540052
2025-09-03 18:30:00+00:00,INFY,-0.010884952266993153
2025-09-04 18:30:00+00:00,INFY,-0.0125769769170061
2025-09-07 18:30:00+00:00,INFY,-0.008099022909510478
2025-09-08 18:30:00+00:00,INFY,0.049828968595041045
2025-09-09 18:30:00+00:00,INFY,0.01881273575858322
2025-09-10 18:30:00+00:00,INFY,-0.014941992214951072
2025-09-11 18:30:00+00:00,INFY,0.010531906902438548
2025-09-14 18:30:00+00:00,INFY,-0.011274182376637354
2025-09-15 18:30:00+00:00,INFY,0.0019226002027690203
2025-09-16 18:30:00+00:00,INFY,0.007344658343813926
2025-09-17 18:30:00+00:00,INFY,0.011954778850512326
2025-09-18 18:30:00+00:00,INFY,-0.00025968797861875004
2025-09-21 18:30:00+00:00,INFY,-0.026425126300849255
2025-09-22 18:30:00+00:00,INFY,-0.001333781095419706
2025-09-23 18:30:00+00:00,INFY,-0.001936594510264844
2025-09-24 18:30:00+00:00,INFY,-0.006556846331885247
2025-09-25 18:30:00+00:00,INFY,-0.0241783841027452
2025-09-28 18:30:00+00:00,INFY,-0.004900250820714547
2025-09-29 18:30:00+00:00,INFY,0.0
2025-09-30 18:30:00+00:00,INFY,0.002774316401011667
2025-10-02 18:30:00+00:00,INFY,0.0005532595939619078
2025-10-05 18:30:00+00:00,INFY,0.020323574709232295
2025-10-06 18:30:00+00:00,INFY,-0.01185641743214716
2025-10-07 18:30:00+00:00,INFY,0.025025750179790363
2025-10-08 18:30:00+00:00,INFY,0.009565277297289398
2025-10-09 18:30:00+00:00,INFY,0.003710288567871922
2025-10-12 18:30:00+00:00,INFY,-0.014324456419739229
2025-10-13 18:30:00+00:00,INFY,-0.002209936955582581
2025-10-14 18:30:00+00:00,INFY,-0.010403344749247756
2025-10-15 18:30:00+00:00,INFY,-0.0019669357420863953
2025-10-16 18:30:00+00:00,INFY,-0.020659205897191613
2025-10-19 18:30:00+00:00,INFY,0.013739511062062615
2025-10-20 18:30:00+00:00,INFY,0.00787189948727618
2025-10-22 18:30:00+00:00,INFY,0.03810099164716063
2025-10-23 18:30:00+00:00,INFY,-0.0020281085860299752
2025-10-26 18:30:00+00:00,INFY,0.0013977473055197809
2025-10-27 18:30:00+00:00,INFY,-0.0028581248442173246
2025-10-28 18:30:00+00:00,INFY,0.006799142497118327
2025-10-29 18:30:00+00:00,INFY,-0.010990449760074128
2025-10-30 18:30:00+00:00,INFY,-0.007698486828288442
2025-11-02 18:30:00+00:00,INFY,0.002158774247093209
2025-11-03 18:30:00+00:00,INFY,-0.011847846237588389
2025-11-05 18:30:00+00:00,INFY,-0.0008175442620259599
2025-11-06 18:30:00+00:00,INFY,0.006886273943201626
2025-11-09 18:30:00+00:00,INFY,0.024850995367312834
2025-11-10 18:30:00+00:00,INFY,0.011100131369755628
2025-11-11 18:30:00+00:00,INFY,0.01398412184599862
2025-11-12 18:30:00+00:00,INFY,-0.006380036511745346
2025-11-13 18:30:00+00:00,INFY,-0.025295108811056677
2025-11-16 18:30:00+00:00,INFY,0.003193988955187743
2025-11-17 18:30:00+00:00,INFY,-0.0140620532735386
2025-11-18 18:30:00+00:00,INFY,0.03680028947351355
2025-11-19 18:30:00+00:00,INFY,-0.0029848651345208976
2025-11-20 18:30:00+00:00,INFY,0.0055320533680442985
2025-11-23 18:30:00+00:00,INFY,0.001941747572815622
2025-11-24 18:30:00+00:00,INFY,-0.011240325848877575
2025-11-25 18:30:00+00:00,INFY,0.01783617487493694
2025-11-26 18:30:00+00:00,INFY,0.005456062562934294
2025-11-27 18:30:00+00:00,INFY,-0.004021992294389598
2025-11-30 18:30:00+00:00,INFY,0.00249985544201925
2025-12-01 18:30:00+00:00,INFY,-0.0019181585677748858
2025-12-02 18:30:00+00:00,INFY,0.011338854049887992
2025-12-03 18:30:00+00:00,INFY,0.01197189142878785
2025-12-04 18:30:00+00:00,INFY,0.011642448591748122
2025-12-07 18:30:00+00:00,INFY,-0.0033411103247680263
2025-12-08 18:30:00+00:00,INFY,-0.007325582611392156
2025-12-09 18:30:00+00:00,INFY,-0.008880519807301424
2025-12-10 18:30:00+00:00,INFY,0.008329095636787631
2025-12-11 18:30:00+00:00,INFY,0.00012512588978408345
2025-12-14 18:30:00+00:00,INFY,0.005381114953697752
2025-12-15 18:30:00+00:00,INFY,-0.008650749310220696
2025-12-16 18:30:00+00:00,INFY,0.005712835360954127
2025-12-17 18:30:00+00:00,INFY,0.015480679667993158
2025-12-18 18:30:00+00:00,INFY,0.007314913933228695
2025-12-21 18:30:00+00:00,INFY,0.031061222878332684
2025-12-22 18:30:00+00:00,INFY,-0.01260649092423538
2025-12-23 18:30:00+00:00,INFY,-0.0029371361689429776
2025-12-25 18:30:00+00:00,INFY,-0.004388630949248906
2025-12-28 18:30:00+00:00,INFY,-0.006883657135511423
2025-12-29 18:30:00+00:00,INFY,-0.014045100183458059
2025-12-30 18:30:00+00:00,INFY,-0.003823354258274958
2025-12-31 18:30:00+00:00,INFY,0.008914215795734926
2026-01-01 18:30:00+00:00,INFY,0.006503850330326744
2026-01-04 18:30:00+00:00,INFY,-0.02072665172761412
2026-01-05 18:30:00+00:00,INFY,0.0036105121200604717
2026-01-06 18:30:00+00:00,INFY,0.016623278526118668
2026-01-07 18:30:00+00:00,INFY,-0.015680263070088518
2026-01-08 18:30:00+00:00,INFY,0.0004958326000135127
2026-01-11 18:30:00+00:00,INFY,-0.011275603399515721
2026-01-12 18:30:00+00:00,INFY,0.0019424622711410322
2026-01-13 18:30:00+00:00,INFY,0.0005003432320982437
2026-01-14 18:30:00+00:00,INFY,0.0
2026-01-15 18:30:00+00:00,INFY,0.05625703041197316
2026-01-18 18:30:00+00:00,INFY,-0.0050894173320767955
2026-01-19 18:30:00+00:00,INFY,-0.013264291818631313
2026-01-20 18:30:00+00:00,INFY,-0.0027126408667028645
2026-01-21 18:30:00+00:00,INFY,0.005500468720774032
2026-01-22 18:30:00+00:00,INFY,0.004388367194544607
2026-01-26 18:30:00+00:00,INFY,0.0071222779482778
2026-01-27 18:30:00+00:00,INFY,-0.009627355822167227
2026-01-28 18:30:00+00:00,INFY,-0.00420042004200416
2026-01-29 18:30:00+00:00,INFY,-0.01114793612533893
2026-02-01 18:30:00+00:00,INFY,-0.0070688455733927125
2026-02-02 18:30:00+00:00,INFY,0.01632501238945472
2026-02-03 18:30:00+00:00,INFY,-0.07258451157721924
2026-02-04 18:30:00+00:00,INFY,-0.010157635864221692
2026-02-05 18:30:00+00:00,INFY,-0.008617271416065497
2025-01-01 18:30:00+00:00,ITC,0.010538236564351822
2025-01-02 18:30:00+00:00,ITC,-0.015233580680640513
2025-01-05 18:30:00+00:00,ITC,-0.045478072777899836
2025-01-06 18:30:00+00:00,ITC,-0.0035015848443300523
2025-01-07 18:30:00+00:00,ITC,0.019156643250969996
2025-01-08 18:30:00+00:00,ITC,0.0012234640969139843
2025-01-09 18:30:00+00:00,ITC,-0.011553064386039646
2025-01-12 18:30:00+00:00,ITC,-0.01314901033223459
2025-01-13 18:30:00+00:00,ITC,-0.005580287662463546
2025-01-14 18:30:00+00:00,ITC,0.0017179126836734948
2025-01-15 18:30:00+00:00,ITC,-0.010289209536776367
2025-01-16 18:30:00+00:00,ITC,0.01698050348026081
2025-01-19 18:30:00+00:00,ITC,-0.0056792754005213775
2025-01-20 18:30:00+00:00,ITC,-0.0003427926681691673
2025-01-21 18:30:00+00:00,ITC,-0.0012569445764275544
2025-01-22 18:30:00+00:00,ITC,0.007322731460484455
2025-01-23 18:30:00+00:00,ITC,0.003180300500834843
2025-01-26 18:30:00+00:00,ITC,-0.0033967771126505175
2025-01-27 18:30:00+00:00,ITC,-0.010565693986624991
2025-01-28 18:30:00+00:00,ITC,-0.00482263619729939
2025-01-29 18:30:00+00:00,ITC,0.006576654346054145
2025-01-30 18:30:00+00:00,ITC,0.02590552245276556
2025-01-31 18:30:00+00:00,ITC,0.033631282654794425
2025-02-02 18:30:00+00:00,ITC,-0.017727751864433317
2025-02-03 18:30:00+00:00,ITC,0.0017606869027071426
2025-02-04 18:30:00+00:00,ITC,-0.01537955255646506
2025-02-05 18:30:00+00:00,ITC,-0.015731257687170985
2025-02-06 18:30:00+00:00,ITC,-0.02323742528564965
2025-02-09 18:30:00+00:00,ITC,-0.008471536303832239
2025-02-10 18:30:00+00:00,ITC,-0.020833378917486378
2025-02-11 18:30:00+00:00,ITC,-0.004613896150889474
2025-02-12 18:30:00+00:00,ITC,-0.0004879285863913507
2025-02-13 18:30:00+00:00,ITC,0.0013424392740433166
2025-02-16 18:30:00+00:00,ITC,-0.004021918640590094
2025-02-17 18:30:00+00:00,ITC,-0.008198709239526147
2025-02-18 18:30:00+00:00,ITC,0.0028376838717907304
2025-02-19 18:30:00+00:00,ITC,-0.010703746190144359
2025-02-20 18:30:00+00:00,ITC,-0.0028602698097618395
2025-02-23 18:30:00+00:00,ITC,0.002494332465691196
2025-02-24 18:30:00+00:00,ITC,0.007340185615450023
2025-02-26 18:30:00+00:00,ITC,-0.008027604639178287
2025-02-27 18:30:00+00:00,ITC,-0.016434341055203916
2025-03-02 18:30:00+00:00,ITC,0.006202531187980975
2025-03-03 18:30:00+00:00,ITC,-0.006541686586005624
2025-03-04 18:30:00+00:00,ITC,0.02583252180361617
2025-03-05 18:30:00+00:00,ITC,0.0016048536364239308
2025-03-06 18:30:00+00:00,ITC,-0.0044368184522590726
2025-03-09 18:30:00+00:00,ITC,0.0027234333266343835
2025-03-10 18:30:00+00:00,ITC,0.00296306986542505
2025-03-11 18:30:00+00:00,ITC,0.015263250031969378
2025-03-12 18:30:00+00:00,ITC,-0.0008486026409861847
2025-03-16 18:30:00+00:00,ITC,-0.009950305841895601
2025-03-17 18:30:00+00:00,ITC,0.0028190584937330954
2025-03-18 18:30:00+00:00,ITC,-0.014788643742568941
2025-03-19 18:30:00+00:00,ITC,0.002233034519451449
2025-03-20 18:30:00+00:00,ITC,0.003960845732430718
2025-03-23 18:30:00+00:00,ITC,0.013191912703327757
2025-03-24 18:30:00+00:00,ITC,-0.002677037710199115
2025-03-25 18:30:00+00:00,ITC,-0.005978448471442133
2025-03-26 18:30:00+00:00,ITC,0.005155204528727975
2025-03-27 18:30:00+00:00,ITC,0.0007327360262474603
2025-03-31 18:30:00+00:00,ITC,-0.0075656228493332645
2025-04-01 18:30:00+00:00,ITC,0.005901938215050029
2025-04-02 18:30:00+00:00,ITC,0.0008555523673061671
2025-04-03 18:30:00+00:00,ITC,0.0007328255303238329
2025-04-06 18:30:00+00:00,ITC,-0.008908985591296381
2025-04-07 18:30:00+00:00,ITC,0.016007840243090765
2025-04-08 18:30:00+00:00,ITC,0.00908987633396352
2025-04-10 18:30:00+00:00,ITC,0.01261108597478211
2025-04-14 18:30:00+00:00,ITC,-0.0027280350349490057
2025-04-15 18:30:00+00:00,ITC,0.009633794150675445
2025-04-16 18:30:00+00:00,ITC,0.006596685778415656
2025-04-20 18:30:00+00:00,ITC,-0.010298370830769121
2025-04-21 18:30:00+00:00,ITC,0.025422651525327522
2025-04-22 18:30:00+00:00,ITC,-0.006342220711768931
2025-04-23 18:30:00+00:00,ITC,-0.0018568125880875641
2025-04-24 18:30:00+00:00,ITC,-0.005231944909187325
2025-04-27 18:30:00+00:00,ITC,0.00233756344669378
2025-04-28 18:30:00+00:00,ITC,-0.006529839563423345
2025-04-29 18:30:00+00:00,ITC,-0.00046948807922619906
2025-05-01 18:30:00+00:00,ITC,0.008689497351433761
2025-05-04 18:30:00+00:00,ITC,0.017345788819111974
2025-05-05 18:30:00+00:00,ITC,-0.003204058692202749
2025-05-06 18:30:00+00:00,ITC,-0.010102194150089172
2025-05-07 18:30:00+00:00,ITC,-0.0012756520467507304
2025-05-08 18:30:00+00:00,ITC,-0.016372532576460763
2025-05-11 18:30:00+00:00,ITC,0.028213935984202854
2025-05-12 18:30:00+00:00,ITC,-0.017451228264473095
2025-05-13 18:30:00+00:00,ITC,0.0028044206889092926
2025-05-14 18:30:00+00:00,ITC,0.008273117208988934
2025-05-15 18:30:00+00:00,ITC,0.007049664634689812
2025-05-18 18:30:00+00:00,ITC,-0.0008033673406816488
2025-05-19 18:30:00+00:00,ITC,-0.0010336063839425647
2025-05-20 18:30:00+00:00,ITC,-0.004368825854156655
2025-05-21 18:30:00+00:00,ITC,-0.015935377928433136
2025-05-22 18:30:00+00:00,ITC,0.023938050158127444
2025-05-25 18:30:00+00:00,ITC,0.015127206367598234
2025-05-26 18:30:00+00:00,ITC,-0.020320666658116937
2025-05-27 18:30:00+00:00,ITC,-0.013730649178973597
2025-05-28 18:30:00+00:00,ITC,-0.0034507917935532317
2025-05-29 18:30:00+00:00,ITC,-0.0016716603678992303
2025-06-01 18:30:00+00:00,ITC,0.0029900583299495853
2025-06-02 18:30:00+00:00,ITC,-0.005604498222303356
2025-06-03 18:30:00+00:00,ITC,0.00011986106876626934
2025-06-04 18:30:00+00:00,ITC,0.005035952516795783
2025-06-05 18:30:00+00:00,ITC,0.004652831531903212
2025-06-08 18:30:00+00:00,ITC,0.004750050874109624
2025-06-09 18:30:00+00:00,ITC,0.009336982683898931
2025-06-10 18:30:00+00:00,ITC,-0.0019907013044704325
2025-06-11 18:30:00+00:00,ITC,-0.012084940481534745
2025-06-12 18:30:00+00:00,ITC,-0.016864605878637362
2025-06-15 18:30:00+00:00,ITC,0.010389055686018889
2025-06-16 18:30:00+00:00,ITC,-0.001913013430878463
2025-06-17 18:30:00+00:00,ITC,-0.0035936724850078594
2025-06-18 18:30:00+00:00,ITC,0.00024047719665620804
2025-06-19 18:30:00+00:00,ITC,0.006129720561526719
2025-06-22 18:30:00+00:00,ITC,-0.011109753808963285
2025-06-23 18:30:00+00:00,ITC,0.0010873011595369242
2025-06-24 18:30:00+00:00,ITC,0.004826783225323039
2025-06-25 18:30:00+00:00,ITC,0.009487160797856387
2025-06-26 18:30:00+00:00,ITC,-0.003925742334249915
2025-06-29 18:30:00+00:00,ITC,-0.005254927894982719
2025-06-30 18:30:00+00:00,ITC,-0.0032417055909751413
2025-07-01 18:30:00+00:00,ITC,-0.005179473387804778
2025-07-02 18:30:00+00:00,ITC,0.0009686294730451017
2025-07-03 18:30:00+00:00,ITC,-0.001935459653011784
2025-07-06 18:30:00+00:00,ITC,0.008726269337846704
2025-07-07 18:30:00+00:00,ITC,0.0025231941672070324
2025-07-08 18:30:00+00:00,ITC,0.005393055091700072
2025-07-09 18:30:00+00:00,ITC,-0.006198598496344965
2025-07-10 18:30:00+00:00,ITC,-0.00011996457121088433
2025-07-13 18:30:00+00:00,ITC,0.006238009111673604
2025-07-14 18:30:00+00:00,ITC,0.0064378079359812546
2025-07-15 18:30:00+00:00,ITC,0.005922737790304611
2025-07-16 18:30:00+00:00,ITC,-0.0015308538373600689
2025-07-17 18:30:00+00:00,ITC,-0.0028305643924185775
2025-07-20 18:30:00+00:00,ITC,-0.006268428968909334
2025-07-21 18:30:00+00:00,ITC,-0.009759583364853941
2025-07-22 18:30:00+00:00,ITC,-0.002524029018394658
2025-07-23 18:30:00+00:00,ITC,-0.012049660124603068
2025-07-24 18:30:00+00:00,ITC,-0.0013416690658067942
2025-07-27 18:30:00+00:00,ITC,0.0012213239446845492
2025-07-28 18:30:00+00:00,ITC,-0.003537427769028434
2025-07-29 18:30:00+00:00,ITC,-0.0020810339247204768
2025-07-30 18:30:00+00:00,ITC,0.010672242339666793
2025-07-31 18:30:00+00:00,ITC,0.010923647163526784
2025-08-03 18:30:00+00:00,ITC,0.0009604887344951685
2025-08-04 18:30:00+00:00,ITC,-0.006477189914006809
2025-08-05 18:30:00+00:00,ITC,-0.005191354508311985
2025-08-06 18:30:00+00:00,ITC,0.0038835275979414163
2025-08-07 18:30:00+00:00,ITC,0.0021760288791261573
2025-08-10 18:30:00+00:00,ITC,0.005669474393480423
2025-08-11 18:30:00+00:00,ITC,-0.0011994962235452045
2025-08-12 18:30:00+00:00,ITC,-0.005404065673758729
2025-08-13 18:30:00+00:00,ITC,-0.0063994429784222095
2025-08-17 18:30:00+00:00,ITC,-0.012516777875505425
2025-08-18 18:30:00+00:00,ITC,0.006891536518633057
2025-08-19 18:30:00+00:00,ITC,-0.007455478057435627
2025-08-20 18:30:00+00:00,ITC,-0.0012313234505693105
2025-08-21 18:30:00+00:00,ITC,-0.017877008101858993
2025-08-24 18:30:00+00:00,ITC,0.002636272468275802
2025-08-25 18:30:00+00:00,ITC,0.010016320934213674
2025-08-27 18:30:00+00:00,ITC,-0.0060741578086808135
2025-08-28 18:30:00+00:00,ITC,0.02207533689401031
2025-08-31 18:30:00+00:00,ITC,-0.00951800662957314
2025-09-01 18:30:00+00:00,ITC,0.002217581724289097
2025-09-02 18:30:00+00:00,ITC,0.012292502359479318
2025-09-03 18:30:00+00:00,ITC,0.010078951890703847
2025-09-04 18:30:00+00:00,ITC,-0.020557803713522338
2025-09-07 18:30:00+00:00,ITC,0.0004909728007647107
2025-09-08 18:30:00+00:00,ITC,0.006134186534528574
2025-09-09 18:30:00+00:00,ITC,0.007316175635325273
2025-09-10 18:30:00+00:00,ITC,0.0048420504598820635
2025-09-11 18:30:00+00:00,ITC,-0.0031321554294974074
2025-09-14 18:30:00+00:00,ITC,-0.0026586183437963262
2025-09-15 18:30:00+00:00,ITC,0.001090519292707981
2025-09-16 18:30:00+00:00,ITC,-0.00919878973574273
2025-09-17 18:30:00+00:00,ITC,0.005497224592397432
2025-09-18 18:30:00+00:00,ITC,-0.0021868681316850047
2025-09-21 18:30:00+00:00,ITC,-0.009010043886331087
2025-09-22 18:30:00+00:00,ITC,-0.009214845857266285
2025-09-23 18:30:00+00:00,ITC,-0.005456442618254842
2025-09-24 18:30:00+00:00,ITC,-0.002244325240916334
2025-09-25 18:30:00+00:00,ITC,0.012496814003944978
2025-09-28 18:30:00+00:00,ITC,0.005307330222540374
2025-09-29 18:30:00+00:00,ITC,-0.01399635248982578
2025-09-30 18:30:00+00:00,ITC,0.010085979939307155
2025-10-02 18:30:00+00:00,ITC,-0.003205130913435439
2025-10-05 18:30:00+00:00,ITC,-0.008780645542634913
2025-10-06 18:30:00+00:00,ITC,-0.002370509462834458
2025-10-07 18:30:00+00:00,ITC,-0.0001250806204996513
2025-10-08 18:30:00+00:00,ITC,0.0003752108612553595
2025-10-09 18:30:00+00:00,ITC,0.007251849308446134
2025-10-12 18:30:00+00:00,ITC,-0.008813344049084293
2025-10-13 18:30:00+00:00,ITC,-0.006136535375838026
2025-10-14 18:30:00+00:00,ITC,0.007812531285734448
2025-10-15 18:30:00+00:00,ITC,0.013128311616430022
2025-10-16 18:30:00+00:00,ITC,0.017277513001565437
2025-10-19 18:30:00+00:00,ITC,0.0021836845666660665
2025-10-20 18:30:00+00:00,ITC,-0.00048412207087478176
2025-10-22 18:30:00+00:00,ITC,0.007508734153227614
2025-10-23 18:30:00+00:00,ITC,0.0020435108026448656
2025-10-26 18:30:00+00:00,ITC,0.009237034703074576
2025-10-27 18:30:00+00:00,ITC,-0.006537484282543193
2025-10-28 18:30:00+00:00,ITC,0.00885380592202134
2025-10-29 18:30:00+00:00,ITC,-0.006759978991092042
2025-10-30 18:30:00+00:00,ITC,0.003820927354463377
2025-11-02 18:30:00+00:00,ITC,-0.015225385515566847
2025-11-03 18:30:00+00:00,ITC,-0.012199649040778304
2025-11-05 18:30:00+00:00,ITC,-0.0034237820459041
2025-11-06 18:30:00+00:00,ITC,-0.008466259057174685
2025-11-09 18:30:00+00:00,ITC,0.0037124090915505725
2025-11-10 18:30:00+00:00,ITC,0.003205526129140601
2025-11-11 18:30:00+00:00,ITC,0.00036866300158178156
2025-11-12 18:30:00+00:00,ITC,-0.0031940294622674337
2025-11-13 18:30:00+00:00,ITC,0.0060388967526290305
2025-11-16 18:30:00+00:00,ITC,-0.0025725740702854383
2025-11-17 18:30:00+00:00,ITC,-0.0030704835902592986
2025-11-18 18:30:00+00:00,ITC,-0.005667170355432627
2025-11-19 18:30:00+00:00,ITC,0.004708278152367962
2025-11-20 18:30:00+00:00,ITC,0.005919359646533673
2025-11-23 18:30:00+00:00,ITC,-0.010543165013660705
2025-11-24 18:30:00+00:00,ITC,-0.006814503399106275
2025-11-25 18:30:00+00:00,ITC,0.0037425122352858775
2025-11-26 18:30:00+00:00,ITC,0.0049714365640169955
2025-11-27 18:30:00+00:00,ITC,-0.00012368843061572043
2025-11-30 18:30:00+00:00,ITC,0.0
2025-12-01 18:30:00+00:00,ITC,-0.008163213084571241
2025-12-02 18:30:00+00:00,ITC,-0.0011223413456317166
2025-12-03 18:30:00+00:00,ITC,0.0063669506700188006
2025-12-04 18:30:00+00:00,ITC,0.004714119081174362
2025-12-07 18:30:00+00:00,ITC,-0.006544041074046492
2025-12-08 18:30:00+00:00,ITC,-0.003107118809674514
2025-12-09 18:30:00+00:00,ITC,0.005236235401566036
2025-12-10 18:30:00+00:00,ITC,-0.0006201290137297644
2025-12-11 18:30:00+00:00,ITC,-0.006949538168056657
2025-12-14 18:30:00+00:00,ITC,0.005498563897433639
2025-12-15 18:30:00+00:00,ITC,-0.0014914077349361676
2025-12-16 18:30:00+00:00,ITC,-0.00472988407010011
2025-12-17 18:30:00+00:00,ITC,0.0015007336504431201
2025-12-18 18:30:00+00:00,ITC,0.0016233780129315534
2025-12-21 18:30:00+00:00,ITC,0.004114251548904102
2025-12-22 18:30:00+00:00,ITC,0.011547024979340126
2025-12-23 18:30:00+00:00,ITC,-0.00184112888101029
2025-12-25 18:30:00+00:00,ITC,-0.006025606336503508
2025-12-28 18:30:00+00:00,ITC,-0.0038352247212103396
2025-12-29 18:30:00+00:00,ITC,-0.0049677319147464205
2025-12-30 18:30:00+00:00,ITC,0.005991024623952068
2025-12-31 18:30:00+00:00,ITC,-0.09714638350096472
2026-01-01 18:30:00+00:00,ITC,-0.03792780822846853
2026-01-04 18:30:00+00:00,ITC,-0.0009997348459663824
2026-01-05 18:30:00+00:00,ITC,-0.020732024697277973
2026-01-06 18:30:00+00:00,ITC,-0.003504212879999913
2026-01-07 18:30:00+00:00,ITC,-0.0010256980549080419
2026-01-08 18:30:00+00:00,ITC,-0.011000239733699124
2026-01-11 18:30:00+00:00,ITC,0.0037075303000198012
2026-01-12 18:30:00+00:00,ITC,-0.010933730372212902
2026-01-13 18:30:00+00:00,ITC,0.00014931601813650275
2026-01-14 18:30:00+00:00,ITC,0.0
2026-01-15 18:30:00+00:00,ITC,-0.016579515057863925
2026-01-18 18:30:00+00:00,ITC,0.012150627231730438
2026-01-19 18:30:00+00:00,ITC,-0.020708286652927677
2026-01-20 18:30:00+00:00,ITC,-0.00475024862225315
2026-01-21 18:30:00+00:00,ITC,0.0003079737276343586
2026-01-22 18:30:00+00:00,ITC,-0.004463668706180646
2026-01-26 18:30:00+00:00,ITC,-0.014687699127850173
2026-01-27 18:30:00+00:00,ITC,0.007845658409425527
2026-01-28 18:30:00+00:00,ITC,-0.007940199219514055
2026-01-29 18:30:00+00:00,ITC,0.011142447553835755
2026-02-01 18:30:00+00:00,ITC,-0.02312583399672652
2026-02-02 18:30:00+00:00,ITC,0.0061963827405404626
2026-02-03 18:30:00+00:00,ITC,0.011929751023197488
2026-02-04 18:30:00+00:00,ITC,-0.01162973976581827
2026-02-05 18:30:00+00:00,ITC,0.05029005471323411
2025-01-01 18:30:00+00:00,JIOFIN,0.0008211281833401252
2025-01-02 18:30:00+00:00,JIOFIN,0.009025300272398118
2025-01-05 18:30:00+00:00,JIOFIN,-0.03496507598244214
2025-01-06 18:30:00+00:00,JIOFIN,0.008257436364552229
2025-01-07 18:30:00+00:00,JIOFIN,-0.001838507819073465
2025-01-08 18:30:00+00:00,JIOFIN,-0.03131281481941728
2025-01-09 18:30:00+00:00,JIOFIN,-0.030077814634443256
2025-01-12 18:30:00+00:00,JIOFIN,-0.051327691823798594
2025-01-13 18:30:00+00:00,JIOFIN,0.02517379882574189
2025-01-14 18:30:00+00:00,JIOFIN,-0.0016492978637767663
2025-01-15 18:30:00+00:00,JIOFIN,0.016152635527449943
2025-01-16 18:30:00+00:00,JIOFIN,0.007948048047384804
2025-01-19 18:30:00+00:00,JIOFIN,-0.011827952512905804
2025-01-20 18:30:00+00:00,JIOFIN,-0.05658325122016761
2025-01-21 18:30:00+00:00,JIOFIN,0.010380640322023682
2025-01-22 18:30:00+00:00,JIOFIN,-0.02644596321735826
2025-01-23 18:30:00+00:00,JIOFIN,-0.044557345674882676
2025-01-26 18:30:00+00:00,JIOFIN,-0.045612617130259214
2025-01-27 18:30:00+00:00,JIOFIN,0.00042860668959199266
2025-01-28 18:30:00+00:00,JIOFIN,0.020994039726990543
2025-01-29 18:30:00+00:00,JIOFIN,-0.014687376586570045
2025-01-30 18:30:00+00:00,JIOFIN,0.029173721897995275
2025-01-31 18:30:00+00:00,JIOFIN,-0.0005793658116747258
2025-02-02 18:30:00+00:00,JIOFIN,-0.03122017171977176
2025-02-03 18:30:00+00:00,JIOFIN,0.04757019866965684
2025-02-04 18:30:00+00:00,JIOFIN,0.019257488449989868
2025-02-05 18:30:00+00:00,JIOFIN,0.0026418153520029186
2025-02-06 18:30:00+00:00,JIOFIN,-0.004112105876918348
2025-02-09 18:30:00+00:00,JIOFIN,-0.026017151047063813
2025-02-10 18:30:00+00:00,JIOFIN,-0.028893679058352495
2025-02-11 18:30:00+00:00,JIOFIN,-0.03526322846340546
2025-02-12 18:30:00+00:00,JIOFIN,0.0019330500395491335
2025-02-13 18:30:00+00:00,JIOFIN,-0.025300361123563708
2025-02-16 18:30:00+00:00,JIOFIN,0.0007197506056246805
2025-02-17 18:30:00+00:00,JIOFIN,-0.006428371949709466
2025-02-18 18:30:00+00:00,JIOFIN,0.03574334913427846
2025-02-19 18:30:00+00:00,JIOFIN,0.02773897011331017
2025-02-20 18:30:00+00:00,JIOFIN,-0.00680073965960537
2025-02-23 18:30:00+00:00,JIOFIN,-0.022339177737225158
2025-02-24 18:30:00+00:00,JIOFIN,-0.009323680297589232
2025-02-26 18:30:00+00:00,JIOFIN,-0.020413579161072226
2025-02-27 18:30:00+00:00,JIOFIN,-0.06355438276494074
2025-03-02 18:30:00+00:00,JIOFIN,-0.03222386581419101
2025-03-03 18:30:00+00:00,JIOFIN,0.027175037453434303
2025-03-04 18:30:00+00:00,JIOFIN,0.05194300880714531
2025-03-05 18:30:00+00:00,JIOFIN,0.013081496642829649
2025-03-06 18:30:00+00:00,JIOFIN,0.008502352700676008
2025-03-09 18:30:00+00:00,JIOFIN,-0.02393945173140133
2025-03-10 18:30:00+00:00,JIOFIN,0.004896073844313786
2025-03-11 18:30:00+00:00,JIOFIN,0.03663359444241099
2025-03-12 18:30:00+00:00,JIOFIN,-0.012991584787538257
2025-03-16 18:30:00+00:00,JIOFIN,-0.013836504240367309
2025-03-17 18:30:00+00:00,JIOFIN,0.025783510850411195
2025-03-18 18:30:00+00:00,JIOFIN,0.016253642830868165
2025-03-19 18:30:00+00:00,JIOFIN,0.012454130211031034
2025-03-20 18:30:00+00:00,JIOFIN,-0.011092389083529719
2025-03-23 18:30:00+00:00,JIOFIN,0.015537648501923407
2025-03-24 18:30:00+00:00,JIOFIN,-0.022133343106620296
2025-03-25 18:30:00+00:00,JIOFIN,-0.021359816068978188
2025-03-26 18:30:00+00:00,JIOFIN,0.013966882086090981
2025-03-27 18:30:00+00:00,JIOFIN,0.007662274554323778
2025-03-31 18:30:00+00:00,JIOFIN,0.012790657761017954
2025-04-01 18:30:00+00:00,JIOFIN,-0.0027775541154798633
2025-04-02 18:30:00+00:00,JIOFIN,0.002741793110346835
2025-04-03 18:30:00+00:00,JIOFIN,-0.035111271476933825
2025-04-06 18:30:00+00:00,JIOFIN,-0.03958265737649924
2025-04-07 18:30:00+00:00,JIOFIN,0.052875576353509146
2025-04-08 18:30:00+00:00,JIOFIN,-0.017303493104686596
2025-04-10 18:30:00+00:00,JIOFIN,0.041191446595595815
2025-04-14 18:30:00+00:00,JIOFIN,0.03717065326894908
2025-04-15 18:30:00+00:00,JIOFIN,0.015550990703036671
2025-04-16 18:30:00+00:00,JIOFIN,0.017294020232075935
2025-04-20 18:30:00+00:00,JIOFIN,-0.00036509047987509646
2025-04-21 18:30:00+00:00,JIOFIN,0.01696560166003147
2025-04-22 18:30:00+00:00,JIOFIN,0.030252268752423817
2025-04-23 18:30:00+00:00,JIOFIN,0.0024792903065538052
2025-04-24 18:30:00+00:00,JIOFIN,-0.022142382077318445
2025-04-27 18:30:00+00:00,JIOFIN,0.01916618880285803
2025-04-28 18:30:00+00:00,JIOFIN,-0.0010469665347586643
2025-04-29 18:30:00+00:00,JIOFIN,0.010829557820046132
2025-05-01 18:30:00+00:00,JIOFIN,-0.006220777387083376
2025-05-04 18:30:00+00:00,JIOFIN,0.006955228763380061
2025-05-05 18:30:00+00:00,JIOFIN,-0.0360706475193775
2025-05-06 18:30:00+00:00,JIOFIN,0.019506404205338557
2025-05-07 18:30:00+00:00,JIOFIN,-0.018157032741903723
2025-05-08 18:30:00+00:00,JIOFIN,-0.01232841661009254
2025-05-11 18:30:00+00:00,JIOFIN,0.05858653436817951
2025-05-12 18:30:00+00:00,JIOFIN,0.01711684311686157
2025-05-13 18:30:00+00:00,JIOFIN,0.00037400607485538195
2025-05-14 18:30:00+00:00,JIOFIN,0.023177536305988733
2025-05-15 18:30:00+00:00,JIOFIN,0.012056992141949552
2025-05-18 18:30:00+00:00,JIOFIN,0.00018052206628471623
2025-05-19 18:30:00+00:00,JIOFIN,-0.020212946700440382
2025-05-20 18:30:00+00:00,JIOFIN,0.010683338916397611
2025-05-21 18:30:00+00:00,JIOFIN,0.0007289516465416312
2025-05-22 18:30:00+00:00,JIOFIN,0.026224813795171942
2025-05-25 18:30:00+00:00,JIOFIN,0.0
2025-05-26 18:30:00+00:00,JIOFIN,0.03425012556940166
2025-05-27 18:30:00+00:00,JIOFIN,-0.003603207475606607
2025-05-28 18:30:00+00:00,JIOFIN,-0.008610249767984746
2025-05-29 18:30:00+00:00,JIOFIN,-0.004168903616893704
2025-06-01 18:30:00+00:00,JIOFIN,-0.0006976727075832523
2025-06-02 18:30:00+00:00,JIOFIN,-0.00890215092543789
2025-06-03 18:30:00+00:00,JIOFIN,0.022719317993043164
2025-06-04 18:30:00+00:00,JIOFIN,0.003960681206849781
2025-06-05 18:30:00+00:00,JIOFIN,0.008576386704414407
2025-06-08 18:30:00+00:00,JIOFIN,0.03486393771027174
2025-06-09 18:30:00+00:00,JIOFIN,-0.004765855259046936
2025-06-10 18:30:00+00:00,JIOFIN,-0.0004953212481810798
2025-06-11 18:30:00+00:00,JIOFIN,-0.021972581738967545
2025-06-12 18:30:00+00:00,JIOFIN,-0.006587929010751226
2025-06-15 18:30:00+00:00,JIOFIN,0.0003401096084290067
2025-06-16 18:30:00+00:00,JIOFIN,-0.014788387002919845
2025-06-17 18:30:00+00:00,JIOFIN,-0.0056935798698523055
2025-06-18 18:30:00+00:00,JIOFIN,-0.014055097705644726
2025-06-19 18:30:00+00:00,JIOFIN,0.035726815633743136
2025-06-22 18:30:00+00:00,JIOFIN,-0.0037383509581205843
2025-06-23 18:30:00+00:00,JIOFIN,0.026095865251768213
2025-06-24 18:30:00+00:00,JIOFIN,0.008311124135629733
2025-06-25 18:30:00+00:00,JIOFIN,0.03033308273859081
2025-06-26 18:30:00+00:00,JIOFIN,0.03504000417838049
2025-06-29 18:30:00+00:00,JIOFIN,0.01020250024852798
2025-06-30 18:30:00+00:00,JIOFIN,0.008722320868482791
2025-07-01 18:30:00+00:00,JIOFIN,-0.008798520111896524
2025-07-02 18:30:00+00:00,JIOFIN,-0.005050596245228189
2025-07-03 18:30:00+00:00,JIOFIN,-0.0003075793243880742
2025-07-06 18:30:00+00:00,JIOFIN,0.009539867998371587
2025-07-07 18:30:00+00:00,JIOFIN,0.002438691242532487
2025-07-08 18:30:00+00:00,JIOFIN,0.003040901646810479
2025-07-09 18:30:00+00:00,JIOFIN,0.005456973078469485
2025-07-10 18:30:00+00:00,JIOFIN,-0.017639137864154275
2025-07-13 18:30:00+00:00,JIOFIN,-0.020564691957889458
2025-07-14 18:30:00+00:00,JIOFIN,0.006581041416806155
2025-07-15 18:30:00+00:00,JIOFIN,-0.005137079342392159
2025-07-16 18:30:00+00:00,JIOFIN,-0.004381087148176532
2025-07-17 18:30:00+00:00,JIOFIN,-0.004086115469557394
2025-07-20 18:30:00+00:00,JIOFIN,0.0012624469727897658
2025-07-21 18:30:00+00:00,JIOFIN,-0.02033101327111042
2025-07-22 18:30:00+00:00,JIOFIN,0.01174398663786902
2025-07-23 18:30:00+00:00,JIOFIN,0.006360217328080786
2025-07-24 18:30:00+00:00,JIOFIN,-0.01643226611369586
2025-07-27 18:30:00+00:00,JIOFIN,-0.012530097481518787
2025-07-28 18:30:00+00:00,JIOFIN,0.04473721765012706
2025-07-29 18:30:00+00:00,JIOFIN,-0.002491475117184727
2025-07-30 18:30:00+00:00,JIOFIN,0.027942555807195735
2025-07-31 18:30:00+00:00,JIOFIN,0.0007593715077498508
2025-08-03 18:30:00+00:00,JIOFIN,0.013353498612183712
2025-08-04 18:30:00+00:00,JIOFIN,-0.0031445780926749878
2025-08-05 18:30:00+00:00,JIOFIN,-0.018927536913279197
2025-08-06 18:30:00+00:00,JIOFIN,-0.003215356434503658
2025-08-07 18:30:00+00:00,JIOFIN,-0.013364066896677018
2025-08-10 18:30:00+00:00,JIOFIN,0.022142542456457193
2025-08-11 18:30:00+00:00,JIOFIN,-0.0022883295194507935
2025-08-12 18:30:00+00:00,JIOFIN,0.011009192977111892
2025-08-13 18:30:00+00:00,JIOFIN,-0.009679407586064226
2025-08-17 18:30:00+00:00,JIOFIN,0.005956054500257046
2025-08-18 18:30:00+00:00,JIOFIN,0.005920697292594701
2025-08-19 18:30:00+00:00,JIOFIN,-0.008602401723354358
2025-08-20 18:30:00+00:00,JIOFIN,-0.01400519388812238
2025-08-21 18:30:00+00:00,JIOFIN,-0.010035510077962329
2025-08-24 18:30:00+00:00,JIOFIN,-0.002807217340456858
2025-08-25 18:30:00+00:00,JIOFIN,-0.012355370835811286
2025-08-27 18:30:00+00:00,JIOFIN,-0.01789388407437653
2025-08-28 18:30:00+00:00,JIOFIN,0.005159645507976984
2025-08-31 18:30:00+00:00,JIOFIN,0.007539221988790423
2025-09-01 18:30:00+00:00,JIOFIN,-0.007323635989073707
2025-09-02 18:30:00+00:00,JIOFIN,0.006255051185344751
2025-09-03 18:30:00+00:00,JIOFIN,-0.013547975245838173
2025-09-04 18:30:00+00:00,JIOFIN,-0.0001616361563218094
2025-09-07 18:30:00+00:00,JIOFIN,0.005494545056778488
2025-09-08 18:30:00+00:00,JIOFIN,-0.010125341802263543
2025-09-09 18:30:00+00:00,JIOFIN,0.006819209295974016
2025-09-10 18:30:00+00:00,JIOFIN,0.002096514883582312
2025-09-11 18:30:00+00:00,JIOFIN,0.0016092693284699422
2025-09-14 18:30:00+00:00,JIOFIN,0.013335455442474498
2025-09-15 18:30:00+00:00,JIOFIN,0.000317127323862465
2025-09-16 18:30:00+00:00,JIOFIN,0.0012680104010325266
2025-09-17 18:30:00+00:00,JIOFIN,0.0047490896660244974
2025-09-18 18:30:00+00:00,JIOFIN,-0.0011029024634757745
2025-09-21 18:30:00+00:00,JIOFIN,-0.009936889263357673
2025-09-22 18:30:00+00:00,JIOFIN,-0.004142164362801015
2025-09-23 18:30:00+00:00,JIOFIN,-0.018556992543575568
2025-09-24 18:30:00+00:00,JIOFIN,-0.01678889615805823
2025-09-25 18:30:00+00:00,JIOFIN,-0.01906498635158005
2025-09-28 18:30:00+00:00,JIOFIN,-0.005577129837567307
2025-09-29 18:30:00+00:00,JIOFIN,-0.0033990481254511096
2025-09-30 18:30:00+00:00,JIOFIN,0.02336280798344803
2025-10-02 18:30:00+00:00,JIOFIN,0.005499165076457091
2025-10-05 18:30:00+00:00,JIOFIN,0.0150811654254972
2025-10-06 18:30:00+00:00,JIOFIN,0.011918347417091857
2025-10-07 18:30:00+00:00,JIOFIN,-0.01694094902678067
2025-10-08 18:30:00+00:00,JIOFIN,0.008862669493269859
2025-10-09 18:30:00+00:00,JIOFIN,0.002602855952764438
2025-10-12 18:30:00+00:00,JIOFIN,0.0009736112818086173
2025-10-13 18:30:00+00:00,JIOFIN,-0.009239766544741457
2025-10-14 18:30:00+00:00,JIOFIN,0.02306933132252853
2025-10-15 18:30:00+00:00,JIOFIN,-0.0017591165958916744
2025-10-16 18:30:00+00:00,JIOFIN,-0.008971541992274679
2025-10-19 18:30:00+00:00,JIOFIN,0.004526428934098714
2025-10-20 18:30:00+00:00,JIOFIN,0.0035403139450298493
2025-10-22 18:30:00+00:00,JIOFIN,-0.00881975659930423
2025-10-23 18:30:00+00:00,JIOFIN,-0.01003066076163106
2025-10-26 18:30:00+00:00,JIOFIN,-0.0013074829158424839
2025-10-27 18:30:00+00:00,JIOFIN,0.007854768482886243
2025-10-28 18:30:00+00:00,JIOFIN,0.0058450648534433824
2025-10-29 18:30:00+00:00,JIOFIN,0.00016138109110164223
2025-10-30 18:30:00+00:00,JIOFIN,-0.00968366726342429
2025-11-02 18:30:00+00:00,JIOFIN,0.0
2025-11-03 18:30:00+00:00,JIOFIN,-0.015971297560125497
2025-11-05 18:30:00+00:00,JIOFIN,-0.012586909141414915
2025-11-06 18:30:00+00:00,JIOFIN,0.004025433293806779
2025-11-09 18:30:00+00:00,JIOFIN,0.008854074581170934
2025-11-10 18:30:00+00:00,JIOFIN,0.009769768406005186
2025-11-11 18:30:00+00:00,JIOFIN,0.015086934062312096
2025-11-12 18:30:00+00:00,JIOFIN,0.003877260765852153
2025-11-13 18:30:00+00:00,JIOFIN,0.01351780342594422
2025-11-16 18:30:00+00:00,JIOFIN,-0.00920925358111524
2025-11-17 18:30:00+00:00,JIOFIN,-0.019390986515925523
2025-11-18 18:30:00+00:00,JIOFIN,-0.004902761693583391
2025-11-19 18:30:00+00:00,JIOFIN,0.01280996465794959
2025-11-20 18:30:00+00:00,JIOFIN,-0.015566785197129063
2025-11-23 18:30:00+00:00,JIOFIN,-0.012189035869692222
2025-11-24 18:30:00+00:00,JIOFIN,0.0031681896618844796
2025-11-25 18:30:00+00:00,JIOFIN,0.023936211766028448
2025-11-26 18:30:00+00:00,JIOFIN,-0.005032427899249181
2025-11-27 18:30:00+00:00,JIOFIN,-0.0008157937348395317
2025-11-30 18:30:00+00:00,JIOFIN,-0.004735506692438829
2025-12-01 18:30:00+00:00,JIOFIN,0.0003281578458265155
2025-12-02 18:30:00+00:00,JIOFIN,-0.012629181651412913
2025-12-03 18:30:00+00:00,JIOFIN,0.004152823920265725
2025-12-04 18:30:00+00:00,JIOFIN,0.00496277915632759
2025-12-07 18:30:00+00:00,JIOFIN,-0.021563745820473268
2025-12-08 18:30:00+00:00,JIOFIN,-0.013458949649078678
2025-12-09 18:30:00+00:00,JIOFIN,-0.00801502730448822
2025-12-10 18:30:00+00:00,JIOFIN,0.026130328155505422
2025-12-11 18:30:00+00:00,JIOFIN,0.007706442281440573
2025-12-14 18:30:00+00:00,JIOFIN,-0.0038237536042705633
2025-12-15 18:30:00+00:00,JIOFIN,-0.014519379221950457
2025-12-16 18:30:00+00:00,JIOFIN,-0.007112637099121466
2025-12-17 18:30:00+00:00,JIOFIN,-0.0028995603657279156
2025-12-18 18:30:00+00:00,JIOFIN,0.015908397565024934
2025-12-21 18:30:00+00:00,JIOFIN,0.006061585179238271
2025-12-22 18:30:00+00:00,JIOFIN,-0.0001673231563807942
2025-12-23 18:30:00+00:00,JIOFIN,0.0006695068004032301
2025-12-25 18:30:00+00:00,JIOFIN,-0.006523859917268671
2025-12-28 18:30:00+00:00,JIOFIN,-0.010102710478787302
2025-12-29 18:30:00+00:00,JIOFIN,-0.004932853025398032
2025-12-30 18:30:00+00:00,JIOFIN,0.008376110109508561
2025-12-31 18:30:00+00:00,JIOFIN,0.0025428037598234088
2026-01-01 18:30:00+00:00,JIOFIN,0.020290834468410957
2026-01-04 18:30:00+00:00,JIOFIN,-0.004308976658757291
2026-01-05 18:30:00+00:00,JIOFIN,-0.00615847583589868
2026-01-06 18:30:00+00:00,JIOFIN,0.01658017889608443
2026-01-07 18:30:00+00:00,JIOFIN,-0.03278422473486409
2026-01-08 18:30:00+00:00,JIOFIN,-0.021461379849935236
2026-01-11 18:30:00+00:00,JIOFIN,0.003481288076588429
2026-01-12 18:30:00+00:00,JIOFIN,-0.012662598079737686
2026-01-13 18:30:00+00:00,JIOFIN,0.00843286663743581
2026-01-15 18:30:00+00:00,JIOFIN,-0.028571471104638535
2026-01-18 18:30:00+00:00,JIOFIN,-0.011298400410345466
2026-01-19 18:30:00+00:00,JIOFIN,-0.0368220356293425
2026-01-20 18:30:00+00:00,JIOFIN,-0.008474576271186418
2026-01-21 18:30:00+00:00,JIOFIN,-0.0024691126172246003
2026-01-22 18:30:00+00:00,JIOFIN,-0.03693835484225971
2026-01-26 18:30:00+00:00,JIOFIN,0.012455492180730054
2026-01-27 18:30:00+00:00,JIOFIN,-0.0033196285305580053
2026-01-28 18:30:00+00:00,JIOFIN,-0.0027429347829661666
2026-01-29 18:30:00+00:00,JIOFIN,0.0
2026-02-01 18:30:00+00:00,JIOFIN,-0.04086441609620595
2026-02-02 18:30:00+00:00,JIOFIN,0.08111424538257572
2026-02-03 18:30:00+00:00,JIOFIN,0.01553621143744266
2026-02-04 18:30:00+00:00,JIOFIN,0.007276164951609099
2026-02-05 18:30:00+00:00,JIOFIN,-0.006853143248227833
2025-01-01 18:30:00+00:00,JSWSTEEL,0.007786184191850065
2025-01-02 18:30:00+00:00,JSWSTEEL,0.0027945207353679002
2025-01-05 18:30:00+00:00,JSWSTEEL,-0.015463570020056272
2025-01-06 18:30:00+00:00,JSWSTEEL,0.01209894416748769
2025-01-07 18:30:00+00:00,JSWSTEEL,-0.010418952223771427
2025-01-08 18:30:00+00:00,JSWSTEEL,-0.01257896572074313
2025-01-09 18:30:00+00:00,JSWSTEEL,0.010269937289988373
2025-01-12 18:30:00+00:00,JSWSTEEL,-0.01816464960745212
2025-01-13 18:30:00+00:00,JSWSTEEL,0.02523338222831195
2025-01-14 18:30:00+00:00,JSWSTEEL,-0.0022073838475700214
2025-01-15 18:30:00+00:00,JSWSTEEL,0.003041867359284023
2025-01-16 18:30:00+00:00,JSWSTEEL,0.0019850023395249217
2025-01-19 18:30:00+00:00,JSWSTEEL,0.011666300587686473
2025-01-20 18:30:00+00:00,JSWSTEEL,0.008322454862195627
2025-01-21 18:30:00+00:00,JSWSTEEL,-0.008037912599024533
2025-01-22 18:30:00+00:00,JSWSTEEL,0.011420425060354233
2025-01-23 18:30:00+00:00,JSWSTEEL,0.0027422305278235193
2025-01-26 18:30:00+00:00,JSWSTEEL,-0.014049011592892624
2025-01-27 18:30:00+00:00,JSWSTEEL,-0.0034806537374273416
2025-01-28 18:30:00+00:00,JSWSTEEL,0.0234131297281992
2025-01-29 18:30:00+00:00,JSWSTEEL,0.014131826860986463
2025-01-30 18:30:00+00:00,JSWSTEEL,-0.006152390362857751
2025-01-31 18:30:00+00:00,JSWSTEEL,-0.01137566211236507
2025-02-02 18:30:00+00:00,JSWSTEEL,-0.00032111321343519794
2025-02-03 18:30:00+00:00,JSWSTEEL,0.011028428368686116
2025-02-04 18:30:00+00:00,JSWSTEEL,0.005983585243518608
2025-02-05 18:30:00+00:00,JSWSTEEL,-0.0015791136926424088
2025-02-06 18:30:00+00:00,JSWSTEEL,0.034110082336061165
2025-02-09 18:30:00+00:00,JSWSTEEL,-0.02202396262845341
2025-02-10 18:30:00+00:00,JSWSTEEL,-0.004848042846997802
2025-02-11 18:30:00+00:00,JSWSTEEL,0.001990571107199468
2025-02-12 18:30:00+00:00,JSWSTEEL,0.01401087500779874
2025-02-13 18:30:00+00:00,JSWSTEEL,-0.005361930633272394
2025-02-16 18:30:00+00:00,JSWSTEEL,0.009278457980341326
2025-02-17 18:30:00+00:00,JSWSTEEL,0.005392635540061086
2025-02-18 18:30:00+00:00,JSWSTEEL,-0.0014814058956491571
2025-02-19 18:30:00+00:00,JSWSTEEL,0.003888064908116773
2025-02-20 18:30:00+00:00,JSWSTEEL,0.000764409159436763
2025-02-23 18:30:00+00:00,JSWSTEEL,-0.015378349059117502
2025-02-24 18:30:00+00:00,JSWSTEEL,-0.008326438259799174
2025-02-26 18:30:00+00:00,JSWSTEEL,0.0169491536242814
2025-02-27 18:30:00+00:00,JSWSTEEL,-0.024923078487466888
2025-03-02 18:30:00+00:00,JSWSTEEL,0.026664564670094038
2025-03-03 18:30:00+00:00,JSWSTEEL,-0.0019978485961450465
2025-03-04 18:30:00+00:00,JSWSTEEL,0.029360437118205907
2025-03-05 18:30:00+00:00,JSWSTEEL,0.008377381582419074
2025-03-06 18:30:00+00:00,JSWSTEEL,4.945109586240726e-05
2025-03-09 18:30:00+00:00,JSWSTEEL,0.0023240865769003083
2025-03-10 18:30:00+00:00,JSWSTEEL,0.0050814013921847145
2025-03-11 18:30:00+00:00,JSWSTEEL,-0.008098954985178541
2025-03-12 18:30:00+00:00,JSWSTEEL,-0.009105305381274964
2025-03-16 18:30:00+00:00,JSWSTEEL,0.00449460674697133
2025-03-17 18:30:00+00:00,JSWSTEEL,0.0
2025-03-18 18:30:00+00:00,JSWSTEEL,0.02749328992997513
2025-03-19 18:30:00+00:00,JSWSTEEL,0.016354575894800494
2025-03-20 18:30:00+00:00,JSWSTEEL,0.008045645601408413
2025-03-23 18:30:00+00:00,JSWSTEEL,0.0025031278982627914
2025-03-24 18:30:00+00:00,JSWSTEEL,0.00032971104788037664
2025-03-25 18:30:00+00:00,JSWSTEEL,-0.004944842616307343
2025-03-26 18:30:00+00:00,JSWSTEEL,0.0031236690720497506
2025-03-27 18:30:00+00:00,JSWSTEEL,0.0032554272231377634
2025-03-31 18:30:00+00:00,JSWSTEEL,-0.0065368130178603545
2025-04-01 18:30:00+00:00,JSWSTEEL,-0.0003313030255764904
2025-04-02 18:30:00+00:00,JSWSTEEL,-0.011222711619954917
2025-04-03 18:30:00+00:00,JSWSTEEL,-0.03668406900536103
2025-04-06 18:30:00+00:00,JSWSTEEL,-0.0750186473687342
2025-04-07 18:30:00+00:00,JSWSTEEL,0.02612060797438298
2025-04-08 18:30:00+00:00,JSWSTEEL,-0.009480411250991416
2025-04-10 18:30:00+00:00,JSWSTEEL,0.04727407635043113
2025-04-14 18:30:00+00:00,JSWSTEEL,0.01792476758090089
2025-04-15 18:30:00+00:00,JSWSTEEL,0.0013888889732136533
2025-04-16 18:30:00+00:00,JSWSTEEL,-0.0021795127138747317
2025-04-20 18:30:00+00:00,JSWSTEEL,0.026608360235214734
2025-04-21 18:30:00+00:00,JSWSTEEL,0.00986460464934047
2025-04-22 18:30:00+00:00,JSWSTEEL,-0.004788355282599133
2025-04-23 18:30:00+00:00,JSWSTEEL,0.005100077582991247
2025-04-24 18:30:00+00:00,JSWSTEEL,-0.01541395834143855
2025-04-27 18:30:00+00:00,JSWSTEEL,0.025281991443018237
2025-04-28 18:30:00+00:00,JSWSTEEL,-0.017830161607569006
2025-04-29 18:30:00+00:00,JSWSTEEL,-0.005600500469751801
2025-05-01 18:30:00+00:00,JSWSTEEL,-0.06049724334774753
2025-05-04 18:30:00+00:00,JSWSTEEL,-0.01240310155975577
2025-05-05 18:30:00+00:00,JSWSTEEL,0.012558870506119035
2025-05-06 18:30:00+00:00,JSWSTEEL,-0.0014470285153048712
2025-05-07 18:30:00+00:00,JSWSTEEL,-0.013352655850508266
2025-05-08 18:30:00+00:00,JSWSTEEL,0.003986571804423189
2025-05-11 18:30:00+00:00,JSWSTEEL,0.05036572944864992
2025-05-12 18:30:00+00:00,JSWSTEEL,-0.015220852498516457
2025-05-13 18:30:00+00:00,JSWSTEEL,-0.0006061218679607183
2025-05-14 18:30:00+00:00,JSWSTEEL,0.04953003561177027
2025-05-15 18:30:00+00:00,JSWSTEEL,-0.01589141982038944
2025-05-18 18:30:00+00:00,JSWSTEEL,-0.002153063350720741
2025-05-19 18:30:00+00:00,JSWSTEEL,-0.006767360155118807
2025-05-20 18:30:00+00:00,JSWSTEEL,-0.011652020058356749
2025-05-21 18:30:00+00:00,JSWSTEEL,0.0046957740906974355
2025-05-22 18:30:00+00:00,JSWSTEEL,0.0028838506130570707
2025-05-25 18:30:00+00:00,JSWSTEEL,0.023599467172817246
2025-05-26 18:30:00+00:00,JSWSTEEL,-0.01801807730263527
2025-05-27 18:30:00+00:00,JSWSTEEL,-0.012528362204527577
2025-05-28 18:30:00+00:00,JSWSTEEL,0.005194805512407141
2025-05-29 18:30:00+00:00,JSWSTEEL,-0.012621745947569707
2025-06-01 18:30:00+00:00,JSWSTEEL,-0.014796176049842735
2025-06-02 18:30:00+00:00,JSWSTEEL,-0.005108296191893347
2025-06-03 18:30:00+00:00,JSWSTEEL,-0.005391251108997741
2025-06-04 18:30:00+00:00,JSWSTEEL,0.00020649425702079505
2025-06-05 18:30:00+00:00,JSWSTEEL,0.037316131389655505
2025-06-08 18:30:00+00:00,JSWSTEEL,0.0030848842559392242
2025-06-09 18:30:00+00:00,JSWSTEEL,-0.004861111406247676
2025-06-10 18:30:00+00:00,JSWSTEEL,0.003987638564491691
2025-06-11 18:30:00+00:00,JSWSTEEL,-0.011369278816199313
2025-06-12 18:30:00+00:00,JSWSTEEL,-0.008436700162026689
2025-06-15 18:30:00+00:00,JSWSTEEL,0.016763738694284713
2025-06-16 18:30:00+00:00,JSWSTEEL,-0.004134289951201908
2025-06-17 18:30:00+00:00,JSWSTEEL,-0.013304657444343948
2025-06-18 18:30:00+00:00,JSWSTEEL,0.009834237949866154
2025-06-19 18:30:00+00:00,JSWSTEEL,0.009537674397571472
2025-06-22 18:30:00+00:00,JSWSTEEL,-0.008502809925282628
2025-06-23 18:30:00+00:00,JSWSTEEL,0.01003009088649609
2025-06-24 18:30:00+00:00,JSWSTEEL,0.017328639385296718
2025-06-25 18:30:00+00:00,JSWSTEEL,0.007906742317622006
2025-06-26 18:30:00+00:00,JSWSTEEL,-0.0035348787146602945
2025-06-29 18:30:00+00:00,JSWSTEEL,-0.008164118183992986
2025-06-30 18:30:00+00:00,JSWSTEEL,0.00891713801686822
2025-07-01 18:30:00+00:00,JSWSTEEL,0.029429026807599845
2025-07-02 18:30:00+00:00,JSWSTEEL,-0.013020211717162722
2025-07-03 18:30:00+00:00,JSWSTEEL,-0.004492761830502623
2025-07-06 18:30:00+00:00,JSWSTEEL,0.0011521774543683527
2025-07-07 18:30:00+00:00,JSWSTEEL,0.005001032514400983
2025-07-08 18:30:00+00:00,JSWSTEEL,-0.004401890512858886
2025-07-09 18:30:00+00:00,JSWSTEEL,0.002787412866215311
2025-07-10 18:30:00+00:00,JSWSTEEL,-0.00584692549674648
2025-07-13 18:30:00+00:00,JSWSTEEL,0.0016390988451808752
2025-07-14 18:30:00+00:00,JSWSTEEL,-0.0037539939574667835
2025-07-15 18:30:00+00:00,JSWSTEEL,-0.005024107412439638
2025-07-16 18:30:00+00:00,JSWSTEEL,0.004272579272798671
2025-07-17 18:30:00+00:00,JSWSTEEL,0.00019345702149831112
2025-07-20 18:30:00+00:00,JSWSTEEL,0.00038672119549598705
2025-07-21 18:30:00+00:00,JSWSTEEL,-0.003962212468866078
2025-07-22 18:30:00+00:00,JSWSTEEL,0.0030077595838879922
2025-07-23 18:30:00+00:00,JSWSTEEL,0.0
2025-07-24 18:30:00+00:00,JSWSTEEL,-0.006674428407973165
2025-07-27 18:30:00+00:00,JSWSTEEL,0.0018502525746326715
2025-07-28 18:30:00+00:00,JSWSTEEL,0.0059292139350943796
2025-07-29 18:30:00+00:00,JSWSTEEL,0.0028988307365231947
2025-07-30 18:30:00+00:00,JSWSTEEL,0.010020256449973397
2025-07-31 18:30:00+00:00,JSWSTEEL,-0.01955546985132417
2025-08-03 18:30:00+00:00,JSWSTEEL,0.027339924353940726
2025-08-04 18:30:00+00:00,JSWSTEEL,-0.002367648396814137
2025-08-05 18:30:00+00:00,JSWSTEEL,-0.0007594919399873667
2025-08-06 18:30:00+00:00,JSWSTEEL,0.011590417561425648
2025-08-07 18:30:00+00:00,JSWSTEEL,-0.0146507296589804
2025-08-10 18:30:00+00:00,JSWSTEEL,0.0033358751075911464
2025-08-11 18:30:00+00:00,JSWSTEEL,-0.0042747223413381885
2025-08-12 18:30:00+00:00,JSWSTEEL,0.0052470904943766605
2025-08-13 18:30:00+00:00,JSWSTEEL,-0.0077820551882491484
2025-08-17 18:30:00+00:00,JSWSTEEL,0.03280731595229547
2025-08-18 18:30:00+00:00,JSWSTEEL,-0.005927045864656422
2025-08-19 18:30:00+00:00,JSWSTEEL,0.008570850533469176
2025-08-20 18:30:00+00:00,JSWSTEEL,-0.00997591631384176
2025-08-21 18:30:00+00:00,JSWSTEEL,-0.016047837710955082
2025-08-24 18:30:00+00:00,JSWSTEEL,0.0030343953311866567
2025-08-25 18:30:00+00:00,JSWSTEEL,-0.010115402484658143
2025-08-27 18:30:00+00:00,JSWSTEEL,-0.010791640742317199
2025-08-28 18:30:00+00:00,JSWSTEEL,-0.00888209384870775
2025-08-31 18:30:00+00:00,JSWSTEEL,0.008669418104147786
2025-09-01 18:30:00+00:00,JSWSTEEL,0.008208594881699671
2025-09-02 18:30:00+00:00,JSWSTEEL,0.02701144748263884
2025-09-03 18:30:00+00:00,JSWSTEEL,0.0001866006820545607
2025-09-04 18:30:00+00:00,JSWSTEEL,0.0006526959678665456
2025-09-07 18:30:00+00:00,JSWSTEEL,0.026372238814629023
2025-09-08 18:30:00+00:00,JSWSTEEL,0.0028145773717289657
2025-09-09 18:30:00+00:00,JSWSTEEL,-0.002987821483137143
2025-09-10 18:30:00+00:00,JSWSTEEL,-0.0019977763071400423
2025-09-11 18:30:00+00:00,JSWSTEEL,0.0
2025-09-14 18:30:00+00:00,JSWSTEEL,0.001728866618801117
2025-09-15 18:30:00+00:00,JSWSTEEL,0.012989305514298
2025-09-16 18:30:00+00:00,JSWSTEEL,-0.003766096983291334
2025-09-17 18:30:00+00:00,JSWSTEEL,0.009090887116055324
2025-09-18 18:30:00+00:00,JSWSTEEL,0.0015164332166710537
2025-09-21 18:30:00+00:00,JSWSTEEL,-0.005165700548533603
2025-09-22 18:30:00+00:00,JSWSTEEL,0.01915848201796111
2025-09-23 18:30:00+00:00,JSWSTEEL,0.00939911361771295
2025-09-24 18:30:00+00:00,JSWSTEEL,-0.0005221265326644797
2025-09-25 18:30:00+00:00,JSWSTEEL,-0.015411363667283462
2025-09-28 18:30:00+00:00,JSWSTEEL,-0.007605321263615461
2025-09-29 18:30:00+00:00,JSWSTEEL,0.018267689263925302
2025-09-30 18:30:00+00:00,JSWSTEEL,0.002975430611137808
2025-10-02 18:30:00+00:00,JSWSTEEL,0.013611356703818078
2025-10-05 18:30:00+00:00,JSWSTEEL,-0.0015493904049809215
2025-10-06 18:30:00+00:00,JSWSTEEL,-0.002672623088790349
2025-10-07 18:30:00+00:00,JSWSTEEL,-0.010027746513324609
2025-10-08 18:30:00+00:00,JSWSTEEL,0.026196298706877563
2025-10-09 18:30:00+00:00,JSWSTEEL,-0.006296717708651256
2025-10-12 18:30:00+00:00,JSWSTEEL,-0.005480411154704878
2025-10-13 18:30:00+00:00,JSWSTEEL,-0.011709983898785303
2025-10-14 18:30:00+00:00,JSWSTEEL,0.011326014503373338
2025-10-15 18:30:00+00:00,JSWSTEEL,0.00973460224197975
2025-10-16 18:30:00+00:00,JSWSTEEL,-0.007507829486485096
2025-10-19 18:30:00+00:00,JSWSTEEL,-0.0155592683714606
2025-10-20 18:30:00+00:00,JSWSTEEL,0.006374475322545203
2025-10-22 18:30:00+00:00,JSWSTEEL,-0.012407851477765686
2025-10-23 18:30:00+00:00,JSWSTEEL,0.0028115211557449005
2025-10-26 18:30:00+00:00,JSWSTEEL,0.008060233901429736
2025-10-27 18:30:00+00:00,JSWSTEEL,0.02920213479826206
2025-10-28 18:30:00+00:00,JSWSTEEL,0.02001357390593883
2025-10-29 18:30:00+00:00,JSWSTEEL,0.0017385342689733019
2025-10-30 18:30:00+00:00,JSWSTEEL,-0.0033057851239669533
2025-11-02 18:30:00+00:00,JSWSTEEL,-0.009121061359867344
2025-11-03 18:30:00+00:00,JSWSTEEL,-0.011380732707897523
2025-11-05 18:30:00+00:00,JSWSTEEL,-0.01066529145552264
2025-11-06 18:30:00+00:00,JSWSTEEL,0.00248109361961224
2025-11-09 18:30:00+00:00,JSWSTEEL,0.006486385570511288
2025-11-10 18:30:00+00:00,JSWSTEEL,0.010345078153772835
2025-11-11 18:30:00+00:00,JSWSTEEL,-0.008140957760700784
2025-11-12 18:30:00+00:00,JSWSTEEL,0.0017769296828340497
2025-11-13 18:30:00+00:00,JSWSTEEL,-0.01359910064526415
2025-11-16 18:30:00+00:00,JSWSTEEL,0.006593552705877803
2025-11-17 18:30:00+00:00,JSWSTEEL,-0.01063377286261169
2025-11-18 18:30:00+00:00,JSWSTEEL,0.0016337269252471032
2025-11-19 18:30:00+00:00,JSWSTEEL,0.004378037152589664
2025-11-20 18:30:00+00:00,JSWSTEEL,-0.02538457365117519
2025-11-23 18:30:00+00:00,JSWSTEEL,-0.030079845092854995
2025-11-24 18:30:00+00:00,JSWSTEEL,0.005424954792043302
2025-11-25 18:30:00+00:00,JSWSTEEL,0.03812951835796996
2025-11-26 18:30:00+00:00,JSWSTEEL,0.005370712959766211
2025-11-27 18:30:00+00:00,JSWSTEEL,-0.0002584238877492151
2025-11-30 18:30:00+00:00,JSWSTEEL,0.006980931866820361
2025-12-01 18:30:00+00:00,JSWSTEEL,-0.0054775969533824576
2025-12-02 18:30:00+00:00,JSWSTEEL,-0.01583478865237742
2025-12-03 18:30:00+00:00,JSWSTEEL,0.0061210214668057095
2025-12-04 18:30:00+00:00,JSWSTEEL,0.010081675501540266
2025-12-07 18:30:00+00:00,JSWSTEEL,-0.037084819649560896
2025-12-08 18:30:00+00:00,JSWSTEEL,-0.010097334469063912
2025-12-09 18:30:00+00:00,JSWSTEEL,-0.0099295897410695
2025-12-10 18:30:00+00:00,JSWSTEEL,0.007840969368232642
2025-12-11 18:30:00+00:00,JSWSTEEL,0.01818344051203713
2025-12-14 18:30:00+00:00,JSWSTEEL,-0.009506842445024422
2025-12-15 18:30:00+00:00,JSWSTEEL,-0.028884169206878085
2025-12-16 18:30:00+00:00,JSWSTEEL,-0.003048149669527267
2025-12-17 18:30:00+00:00,JSWSTEEL,0.0026868361091048065
2025-12-18 18:30:00+00:00,JSWSTEEL,-0.0024024909473725486
2025-12-21 18:30:00+00:00,JSWSTEEL,0.014171961072730666
2025-12-22 18:30:00+00:00,JSWSTEEL,0.001735340553197462
2025-12-23 18:30:00+00:00,JSWSTEEL,-0.0050145876688065805
2025-12-25 18:30:00+00:00,JSWSTEEL,0.0028406262688858153
2025-12-28 18:30:00+00:00,JSWSTEEL,-0.0016447814217555035
2025-12-29 18:30:00+00:00,JSWSTEEL,0.0173897130006897
2025-12-30 18:30:00+00:00,JSWSTEEL,0.04785900900559592
2025-12-31 18:30:00+00:00,JSWSTEEL,0.005752018278686988
2026-01-01 18:30:00+00:00,JSWSTEEL,0.00785313800416132
2026-01-04 18:30:00+00:00,JSWSTEEL,0.004404229234553858
2026-01-05 18:30:00+00:00,JSWSTEEL,-0.008095096878576014
2026-01-06 18:30:00+00:00,JSWSTEEL,0.011476663639901519
2026-01-07 18:30:00+00:00,JSWSTEEL,-0.02849220291044008
2026-01-08 18:30:00+00:00,JSWSTEEL,0.002508888617363425
2026-01-11 18:30:00+00:00,JSWSTEEL,0.02062469911691811
2026-01-12 18:30:00+00:00,JSWSTEEL,-0.003889385115286137
2026-01-13 18:30:00+00:00,JSWSTEEL,0.003140712434313686
2026-01-14 18:30:00+00:00,JSWSTEEL,0.0
2026-01-15 18:30:00+00:00,JSWSTEEL,0.004653917560296206
2026-01-18 18:30:00+00:00,JSWSTEEL,-0.002695252346149535
2026-01-19 18:30:00+00:00,JSWSTEEL,-0.020352990526844583
2026-01-20 18:30:00+00:00,JSWSTEEL,0.012586185849946085
2026-01-21 18:30:00+00:00,JSWSTEEL,0.00834330753602841
2026-01-22 18:30:00+00:00,JSWSTEEL,-0.012158075073652852
2026-01-26 18:30:00+00:00,JSWSTEEL,0.04444444444444451
2026-01-27 18:30:00+00:00,JSWSTEEL,-0.0027005309559123836
2026-01-28 18:30:00+00:00,JSWSTEEL,0.015426314582229539
2026-01-29 18:30:00+00:00,JSWSTEEL,-0.01866664693813136
2026-02-01 18:30:00+00:00,JSWSTEEL,-0.012516529097997497
2026-02-02 18:30:00+00:00,JSWSTEEL,0.025183517738368355
2026-02-03 18:30:00+00:00,JSWSTEEL,-0.0009761454517291934
2026-02-04 18:30:00+00:00,JSWSTEEL,0.009444795731494704
2026-02-05 18:30:00+00:00,JSWSTEEL,-0.0029037727975997907
2025-01-01 18:30:00+00:00,KOTAKBANK,0.027259083485379643
2025-01-02 18:30:00+00:00,KOTAKBANK,0.0008164754586303946
2025-01-05 18:30:00+00:00,KOTAKBANK,-0.03208875115280119
2025-01-06 18:30:00+00:00,KOTAKBANK,-0.004270502467749515
2025-01-07 18:30:00+00:00,KOTAKBANK,-0.0019186317714076084
2025-01-08 18:30:00+00:00,KOTAKBANK,0.012184395885288524
2025-01-09 18:30:00+00:00,KOTAKBANK,-0.01899239372410555
2025-01-12 18:30:00+00:00,KOTAKBANK,-0.010135456334744997
2025-01-13 18:30:00+00:00,KOTAKBANK,0.0070179613482233005
2025-01-14 18:30:00+00:00,KOTAKBANK,0.02227807098377599
2025-01-15 18:30:00+00:00,KOTAKBANK,0.008912559958261346
2025-01-16 18:30:00+00:00,KOTAKBANK,-0.026003143184092026
2025-01-19 18:30:00+00:00,KOTAKBANK,0.09206187551511968
2025-01-20 18:30:00+00:00,KOTAKBANK,-0.014162928241810424
2025-01-21 18:30:00+00:00,KOTAKBANK,0.012781876384681645
2025-01-22 18:30:00+00:00,KOTAKBANK,-0.011812248128912128
2025-01-23 18:30:00+00:00,KOTAKBANK,-0.004565057061600819
2025-01-26 18:30:00+00:00,KOTAKBANK,-0.002544713911631802
2025-01-27 18:30:00+00:00,KOTAKBANK,0.003375110752545707
2025-01-28 18:30:00+00:00,KOTAKBANK,0.017269291029415657
2025-01-29 18:30:00+00:00,KOTAKBANK,-0.009815990548825648
2025-01-30 18:30:00+00:00,KOTAKBANK,-0.00010516320823772407
2025-01-31 18:30:00+00:00,KOTAKBANK,0.0009467291123821386
2025-02-02 18:30:00+00:00,KOTAKBANK,-0.009773561015181453
2025-02-03 18:30:00+00:00,KOTAKBANK,0.02334842408047444
2025-02-04 18:30:00+00:00,KOTAKBANK,-0.008685476300300476
2025-02-05 18:30:00+00:00,KOTAKBANK,0.0021969061762927566
2025-02-06 18:30:00+00:00,KOTAKBANK,0.006941685915462514
2025-02-09 18:30:00+00:00,KOTAKBANK,0.016016584722810423
2025-02-10 18:30:00+00:00,KOTAKBANK,-0.021197319511863433
2025-02-11 18:30:00+00:00,KOTAKBANK,0.013212724287750444
2025-02-12 18:30:00+00:00,KOTAKBANK,0.014840946691678347
2025-02-13 18:30:00+00:00,KOTAKBANK,-0.010340595628653526
2025-02-16 18:30:00+00:00,KOTAKBANK,-0.0036366299508767685
2025-02-17 18:30:00+00:00,KOTAKBANK,0.00927883351358516
2025-02-18 18:30:00+00:00,KOTAKBANK,0.011027067520694711
2025-02-19 18:30:00+00:00,KOTAKBANK,-0.007279638199880534
2025-02-20 18:30:00+00:00,KOTAKBANK,-0.008880775457690615
2025-02-23 18:30:00+00:00,KOTAKBANK,0.006681857660616242
2025-02-24 18:30:00+00:00,KOTAKBANK,0.0005849950668963544
2025-02-26 18:30:00+00:00,KOTAKBANK,-0.010014037419503463
2025-02-27 18:30:00+00:00,KOTAKBANK,-0.022900571153362748
2025-03-02 18:30:00+00:00,KOTAKBANK,0.006122112633803356
2025-03-03 18:30:00+00:00,KOTAKBANK,-0.00355172270998505
2025-03-04 18:30:00+00:00,KOTAKBANK,0.013261337837295661
2025-03-05 18:30:00+00:00,KOTAKBANK,-0.0058972636222640595
2025-03-06 18:30:00+00:00,KOTAKBANK,0.007129110908507208
2025-03-09 18:30:00+00:00,KOTAKBANK,-0.007052756955237216
2025-03-10 18:30:00+00:00,KOTAKBANK,0.006998876062142889
2025-03-11 18:30:00+00:00,KOTAKBANK,0.024467706700435743
2025-03-12 18:30:00+00:00,KOTAKBANK,0.0012861887965189833
2025-03-16 18:30:00+00:00,KOTAKBANK,0.004030068253899177
2025-03-17 18:30:00+00:00,KOTAKBANK,0.0
2025-03-18 18:30:00+00:00,KOTAKBANK,0.014274230474613958
2025-03-19 18:30:00+00:00,KOTAKBANK,0.006974820022378703
2025-03-20 18:30:00+00:00,KOTAKBANK,0.021295380756493953
2025-03-23 18:30:00+00:00,KOTAKBANK,0.04672927068757615
2025-03-24 18:30:00+00:00,KOTAKBANK,-0.0028261463358200123
2025-03-25 18:30:00+00:00,KOTAKBANK,-0.011566755607593904
2025-03-26 18:30:00+00:00,KOTAKBANK,-0.007576085088495721
2025-03-27 18:30:00+00:00,KOTAKBANK,0.01998908301957414
2025-03-31 18:30:00+00:00,KOTAKBANK,-0.0116525335034523
2025-04-01 18:30:00+00:00,KOTAKBANK,0.004054338616436226
2025-04-02 18:30:00+00:00,KOTAKBANK,-0.01021077094745182
2025-04-03 18:30:00+00:00,KOTAKBANK,-0.0003047253489082413
2025-04-06 18:30:00+00:00,KOTAKBANK,-0.04413802433358105
2025-04-07 18:30:00+00:00,KOTAKBANK,0.008489285580958184
2025-04-08 18:30:00+00:00,KOTAKBANK,-0.0011920654836944378
2025-04-10 18:30:00+00:00,KOTAKBANK,0.028498968116815293
2025-04-14 18:30:00+00:00,KOTAKBANK,0.004263016581878887
2025-04-15 18:30:00+00:00,KOTAKBANK,0.0015092650080434922
2025-04-16 18:30:00+00:00,KOTAKBANK,0.03047002968657031
2025-04-20 18:30:00+00:00,KOTAKBANK,0.024359060107021824
2025-04-21 18:30:00+00:00,KOTAKBANK,0.012224512778242325
2025-04-22 18:30:00+00:00,KOTAKBANK,-0.01842390274234873
2025-04-23 18:30:00+00:00,KOTAKBANK,-0.001796123887274681
2025-04-24 18:30:00+00:00,KOTAKBANK,-0.008367031739896058
2025-04-27 18:30:00+00:00,KOTAKBANK,0.009617107107710021
2025-04-28 18:30:00+00:00,KOTAKBANK,-0.009255952493308572
2025-04-29 18:30:00+00:00,KOTAKBANK,0.0014059121053098256
2025-05-01 18:30:00+00:00,KOTAKBANK,-0.011955994667068537
2025-05-04 18:30:00+00:00,KOTAKBANK,-0.04436900742308769
2025-05-05 18:30:00+00:00,KOTAKBANK,-0.005228143359555348
2025-05-06 18:30:00+00:00,KOTAKBANK,0.010077182557848285
2025-05-07 18:30:00+00:00,KOTAKBANK,0.008449080842969803
2025-05-08 18:30:00+00:00,KOTAKBANK,-0.004496864639442766
2025-05-11 18:30:00+00:00,KOTAKBANK,0.019922999944141706
2025-05-12 18:30:00+00:00,KOTAKBANK,-0.013706297351887331
2025-05-13 18:30:00+00:00,KOTAKBANK,-0.010966125728030907
2025-05-14 18:30:00+00:00,KOTAKBANK,0.006690827257228804
2025-05-15 18:30:00+00:00,KOTAKBANK,0.0008546187232139069
2025-05-18 18:30:00+00:00,KOTAKBANK,0.0014229309043392036
2025-05-19 18:30:00+00:00,KOTAKBANK,-0.009994337203128367
2025-05-20 18:30:00+00:00,KOTAKBANK,-0.008994727634399458
2025-05-21 18:30:00+00:00,KOTAKBANK,-0.002655315842307715
2025-05-22 18:30:00+00:00,KOTAKBANK,0.016942599910255485
2025-05-25 18:30:00+00:00,KOTAKBANK,-0.005474206272449544
2025-05-26 18:30:00+00:00,KOTAKBANK,-0.005695612827306351
2025-05-27 18:30:00+00:00,KOTAKBANK,-0.001492267315352902
2025-05-28 18:30:00+00:00,KOTAKBANK,0.003519319582012015
2025-05-29 18:30:00+00:00,KOTAKBANK,-0.003314775054996777
2025-06-01 18:30:00+00:00,KOTAKBANK,-0.005350230938651612
2025-06-02 18:30:00+00:00,KOTAKBANK,-0.009255625041363236
2025-06-03 18:30:00+00:00,KOTAKBANK,0.0008804186976334449
2025-06-04 18:30:00+00:00,KOTAKBANK,-0.003127615678107709
2025-06-05 18:30:00+00:00,KOTAKBANK,0.01642231620320178
2025-06-08 18:30:00+00:00,KOTAKBANK,0.03125307375124198
2025-06-09 18:30:00+00:00,KOTAKBANK,0.0060331062095040355
2025-06-10 18:30:00+00:00,KOTAKBANK,-0.0026962874081737365
2025-06-11 18:30:00+00:00,KOTAKBANK,-0.008623575445194431
2025-06-12 18:30:00+00:00,KOTAKBANK,-0.009121583572185399
2025-06-15 18:30:00+00:00,KOTAKBANK,0.014994687988939992
2025-06-16 18:30:00+00:00,KOTAKBANK,-0.0010284954884323128
2025-06-17 18:30:00+00:00,KOTAKBANK,-0.00205910876093518
2025-06-18 18:30:00+00:00,KOTAKBANK,0.006565391029589085
2025-06-19 18:30:00+00:00,KOTAKBANK,0.010901929959813428
2025-06-22 18:30:00+00:00,KOTAKBANK,0.006590500664443111
2025-06-23 18:30:00+00:00,KOTAKBANK,0.01808524641899245
2025-06-24 18:30:00+00:00,KOTAKBANK,-0.011377936346074535
2025-06-25 18:30:00+00:00,KOTAKBANK,0.002547430235101844
2025-06-26 18:30:00+00:00,KOTAKBANK,0.0018148803972815042
2025-06-29 18:30:00+00:00,KOTAKBANK,-0.02010955627363653
2025-06-30 18:30:00+00:00,KOTAKBANK,0.009290525571787445
2025-07-01 18:30:00+00:00,KOTAKBANK,-0.006640426680889933
2025-07-02 18:30:00+00:00,KOTAKBANK,-0.01959336273578438
2025-07-03 18:30:00+00:00,KOTAKBANK,0.0015047228485416397
2025-07-06 18:30:00+00:00,KOTAKBANK,0.009390549257580538
2025-07-07 18:30:00+00:00,KOTAKBANK,0.034747408884603814
2025-07-08 18:30:00+00:00,KOTAKBANK,0.002157784664339246
2025-07-09 18:30:00+00:00,KOTAKBANK,-0.011438544820622565
2025-07-10 18:30:00+00:00,KOTAKBANK,0.007623218076067362
2025-07-13 18:30:00+00:00,KOTAKBANK,-0.007565544282140402
2025-07-14 18:30:00+00:00,KOTAKBANK,-0.007124056516373489
2025-07-15 18:30:00+00:00,KOTAKBANK,-0.003976076101388726
2025-07-16 18:30:00+00:00,KOTAKBANK,-0.0039460365344832216
2025-07-17 18:30:00+00:00,KOTAKBANK,-0.01282109835272216
2025-07-20 18:30:00+00:00,KOTAKBANK,0.011539365500994103
2025-07-21 18:30:00+00:00,KOTAKBANK,-0.002309255450460901
2025-07-22 18:30:00+00:00,KOTAKBANK,0.0047217340685976605
2025-07-23 18:30:00+00:00,KOTAKBANK,-0.013039009674750246
2025-07-24 18:30:00+00:00,KOTAKBANK,-0.008169552986091677
2025-07-27 18:30:00+00:00,KOTAKBANK,-0.07436695167310525
2025-07-28 18:30:00+00:00,KOTAKBANK,0.003101803106846379
2025-07-29 18:30:00+00:00,KOTAKBANK,-0.006589968183719819
2025-07-30 18:30:00+00:00,KOTAKBANK,0.009644330141733715
2025-07-31 18:30:00+00:00,KOTAKBANK,0.0069746531818231094
2025-08-03 18:30:00+00:00,KOTAKBANK,0.0023087303874518295
2025-08-04 18:30:00+00:00,KOTAKBANK,0.003004537369478033
2025-08-05 18:30:00+00:00,KOTAKBANK,-0.0002995384806770973
2025-08-06 18:30:00+00:00,KOTAKBANK,-0.005143821169801388
2025-08-07 18:30:00+00:00,KOTAKBANK,-0.019778135177041745
2025-08-10 18:30:00+00:00,KOTAKBANK,0.011880944408607874
2025-08-11 18:30:00+00:00,KOTAKBANK,-0.008553076940779114
2025-08-12 18:30:00+00:00,KOTAKBANK,0.014650385224070472
2025-08-13 18:30:00+00:00,KOTAKBANK,-0.004779377812660246
2025-08-17 18:30:00+00:00,KOTAKBANK,0.011727792839615558
2025-08-18 18:30:00+00:00,KOTAKBANK,0.014240062517273167
2025-08-19 18:30:00+00:00,KOTAKBANK,-0.006108702200147587
2025-08-20 18:30:00+00:00,KOTAKBANK,0.0001486928341851712
2025-08-21 18:30:00+00:00,KOTAKBANK,-0.01546236067034601
2025-08-24 18:30:00+00:00,KOTAKBANK,-0.001661138754512459
2025-08-25 18:30:00+00:00,KOTAKBANK,-0.00887407094532866
2025-08-27 18:30:00+00:00,KOTAKBANK,-0.010683247826571485
2025-08-28 18:30:00+00:00,KOTAKBANK,0.008021790244261418
2025-08-31 18:30:00+00:00,KOTAKBANK,0.00423405517636688
2025-09-01 18:30:00+00:00,KOTAKBANK,-0.013258156061462079
2025-09-02 18:30:00+00:00,KOTAKBANK,0.009111991106619977
2025-09-03 18:30:00+00:00,KOTAKBANK,-0.005356611717538318
2025-09-04 18:30:00+00:00,KOTAKBANK,-0.0021541681608233665
2025-09-07 18:30:00+00:00,KOTAKBANK,0.002364386779041938
2025-09-08 18:30:00+00:00,KOTAKBANK,0.005281774310602172
2025-09-09 18:30:00+00:00,KOTAKBANK,0.006580333549792705
2025-09-10 18:30:00+00:00,KOTAKBANK,-0.0005067962427793837
2025-09-11 18:30:00+00:00,KOTAKBANK,0.0
2025-09-14 18:30:00+00:00,KOTAKBANK,-0.0007605024577072017
2025-09-15 18:30:00+00:00,KOTAKBANK,0.025827056477571997
2025-09-16 18:30:00+00:00,KOTAKBANK,0.01414651350969276
2025-09-17 18:30:00+00:00,KOTAKBANK,0.002097292772425874
2025-09-18 18:30:00+00:00,KOTAKBANK,-0.011486423309808313
2025-09-21 18:30:00+00:00,KOTAKBANK,-0.00457906404048225
2025-09-22 18:30:00+00:00,KOTAKBANK,0.012860494272463274
2025-09-23 18:30:00+00:00,KOTAKBANK,-0.008008982543489584
2025-09-24 18:30:00+00:00,KOTAKBANK,-0.008762855001769654
2025-09-25 18:30:00+00:00,KOTAKBANK,-0.009287361903605795
2025-09-28 18:30:00+00:00,KOTAKBANK,-0.0016041311022821914
2025-09-29 18:30:00+00:00,KOTAKBANK,0.0005523227973933675
2025-09-30 18:30:00+00:00,KOTAKBANK,0.03542930399570143
2025-10-02 18:30:00+00:00,KOTAKBANK,0.01802937618228251
2025-10-05 18:30:00+00:00,KOTAKBANK,0.021661523378491365
2025-10-06 18:30:00+00:00,KOTAKBANK,-0.008900296401613716
2025-10-07 18:30:00+00:00,KOTAKBANK,-0.00427854460324284
2025-10-08 18:30:00+00:00,KOTAKBANK,0.012654679148257353
2025-10-09 18:30:00+00:00,KOTAKBANK,0.002564523807474073
2025-10-12 18:30:00+00:00,KOTAKBANK,0.0009302460915363575
2025-10-13 18:30:00+00:00,KOTAKBANK,-0.00013946395218433771
2025-10-14 18:30:00+00:00,KOTAKBANK,-0.0010223346472807426
2025-10-15 18:30:00+00:00,KOTAKBANK,0.025958254549615534
2025-10-16 18:30:00+00:00,KOTAKBANK,0.00018141174453556452
2025-10-19 18:30:00+00:00,KOTAKBANK,0.0036268158723224975
2025-10-20 18:30:00+00:00,KOTAKBANK,-0.007588797079752685
2025-10-22 18:30:00+00:00,KOTAKBANK,0.013017754438227502
2025-10-23 18:30:00+00:00,KOTAKBANK,-0.01734364060340776
2025-10-26 18:30:00+00:00,KOTAKBANK,-0.017558282539891445
2025-10-27 18:30:00+00:00,KOTAKBANK,0.005678121647758827
2025-10-28 18:30:00+00:00,KOTAKBANK,-0.0047667473647200476
2025-10-29 18:30:00+00:00,KOTAKBANK,-0.006184616657431752
2025-10-30 18:30:00+00:00,KOTAKBANK,-0.016376567377920037
2025-11-02 18:30:00+00:00,KOTAKBANK,0.005375344288130579
2025-11-03 18:30:00+00:00,KOTAKBANK,-0.007996226130121409
2025-11-05 18:30:00+00:00,KOTAKBANK,-0.006391282621792782
2025-11-06 18:30:00+00:00,KOTAKBANK,0.0024481302270800143
2025-11-09 18:30:00+00:00,KOTAKBANK,0.0021069886393154658
2025-11-10 18:30:00+00:00,KOTAKBANK,-0.00277154785307665
2025-11-11 18:30:00+00:00,KOTAKBANK,-0.001150057455346687
2025-11-12 18:30:00+00:00,KOTAKBANK,-0.004461466487870269
2025-11-13 18:30:00+00:00,KOTAKBANK,0.002168450939560529
2025-11-16 18:30:00+00:00,KOTAKBANK,0.011155416895764825
2025-11-17 18:30:00+00:00,KOTAKBANK,-0.004660210941210274
2025-11-18 18:30:00+00:00,KOTAKBANK,0.0061153255660355565
2025-11-19 18:30:00+00:00,KOTAKBANK,-0.00341897161889837
2025-11-20 18:30:00+00:00,KOTAKBANK,-0.005193674004147164
2025-11-23 18:30:00+00:00,KOTAKBANK,-0.0002395011593551155
2025-11-24 18:30:00+00:00,KOTAKBANK,-0.008336081396974948
2025-11-25 18:30:00+00:00,KOTAKBANK,0.016377599399408638
2025-11-26 18:30:00+00:00,KOTAKBANK,0.0030421112976251052
2025-11-27 18:30:00+00:00,KOTAKBANK,0.0067292111657426545
2025-11-30 18:30:00+00:00,KOTAKBANK,0.010920693084013555
2025-12-01 18:30:00+00:00,KOTAKBANK,-0.002421256411679229
2025-12-02 18:30:00+00:00,KOTAKBANK,0.0017270122652199849
2025-12-03 18:30:00+00:00,KOTAKBANK,-0.004985822287757569
2025-12-04 18:30:00+00:00,KOTAKBANK,0.009131836041683883
2025-12-07 18:30:00+00:00,KOTAKBANK,-0.010812574929970786
2025-12-08 18:30:00+00:00,KOTAKBANK,-0.0018296086646099052
2025-12-09 18:30:00+00:00,KOTAKBANK,0.0008459494861445815
2025-12-10 18:30:00+00:00,KOTAKBANK,0.023808440464317293
2025-12-11 18:30:00+00:00,KOTAKBANK,-0.001651227425450541
2025-12-14 18:30:00+00:00,KOTAKBANK,0.0021593366387731017
2025-12-15 18:30:00+00:00,KOTAKBANK,0.0005042892215156858
2025-12-16 18:30:00+00:00,KOTAKBANK,-0.004215534025791334
2025-12-17 18:30:00+00:00,KOTAKBANK,-0.003957300668909536
2025-12-18 18:30:00+00:00,KOTAKBANK,-0.0023561385466422946
2025-12-21 18:30:00+00:00,KOTAKBANK,-0.004538067799898626
2025-12-22 18:30:00+00:00,KOTAKBANK,0.006047369606809072
2025-12-23 18:30:00+00:00,KOTAKBANK,0.00046234263999278546
2025-12-25 18:30:00+00:00,KOTAKBANK,0.00023109974990176418
2025-12-28 18:30:00+00:00,KOTAKBANK,-0.0025875499645674482
2025-12-29 18:30:00+00:00,KOTAKBANK,-0.0027332360614398254
2025-12-30 18:30:00+00:00,KOTAKBANK,0.022483375490459867
2025-12-31 18:30:00+00:00,KOTAKBANK,0.00758710719328759
2026-01-01 18:30:00+00:00,KOTAKBANK,-0.01023538770382948
2026-01-04 18:30:00+00:00,KOTAKBANK,-0.0019133441731838952
2026-01-05 18:30:00+00:00,KOTAKBANK,-0.02031127400896582
2026-01-06 18:30:00+00:00,KOTAKBANK,-0.0011181769187780244
2026-01-07 18:30:00+00:00,KOTAKBANK,-0.0051305544591464525
2026-01-08 18:30:00+00:00,KOTAKBANK,-0.0029067527759298883
2026-01-11 18:30:00+00:00,KOTAKBANK,0.003056277871253954
2026-01-12 18:30:00+00:00,KOTAKBANK,-0.00032816445702832375
2026-01-13 18:30:00+00:00,KOTAKBANK,-0.012941923370196173
2026-01-14 18:30:00+00:00,KOTAKBANK,0.0
2026-01-15 18:30:00+00:00,KOTAKBANK,-0.006650802358595498
2026-01-18 18:30:00+00:00,KOTAKBANK,0.02080339893712413
2026-01-19 18:30:00+00:00,KOTAKBANK,-0.007261668184205372
2026-01-20 18:30:00+00:00,KOTAKBANK,-0.005191084834405224
2026-01-21 18:30:00+00:00,KOTAKBANK,0.010436418009453385
2026-01-22 18:30:00+00:00,KOTAKBANK,-0.007511765744204646
2026-01-26 18:30:00+00:00,KOTAKBANK,-0.03334904444898379
2026-01-27 18:30:00+00:00,KOTAKBANK,0.009053050107517002
2026-01-28 18:30:00+00:00,KOTAKBANK,0.0
2026-01-29 18:30:00+00:00,KOTAKBANK,-0.010669238510194523
2026-02-01 18:30:00+00:00,KOTAKBANK,0.0004902259976258261
2026-02-02 18:30:00+00:00,KOTAKBANK,0.018618263984967687
2026-02-03 18:30:00+00:00,KOTAKBANK,-0.008297214503938277
2026-02-04 18:30:00+00:00,KOTAKBANK,-0.008730462107988668
2026-02-05 18:30:00+00:00,KOTAKBANK,0.03327218618597105
2025-01-01 18:30:00+00:00,LT,0.012542603193356427
2025-01-02 18:30:00+00:00,LT,-0.014433890917613601
2025-01-05 18:30:00+00:00,LT,-0.01549221134237222
2025-01-06 18:30:00+00:00,LT,0.01112907146013753
2025-01-07 18:30:00+00:00,LT,-0.01288665110547016
2025-01-08 18:30:00+00:00,LT,-0.01903328622209799
2025-01-09 18:30:00+00:00,LT,0.002338518749535057
2025-01-12 18:30:00+00:00,LT,-0.020318691645119347
2025-01-13 18:30:00+00:00,LT,-0.0004906585316080125
2025-01-14 18:30:00+00:00,LT,0.011205358702778723
2025-01-15 18:30:00+00:00,LT,0.0018564010648300933
2025-01-16 18:30:00+00:00,LT,0.017318071492917086
2025-01-19 18:30:00+00:00,LT,0.00682330804353648
2025-01-20 18:30:00+00:00,LT,-0.014444678158974766
2025-01-21 18:30:00+00:00,LT,-0.006467007981170059
2025-01-22 18:30:00+00:00,LT,-0.004249305773022516
2025-01-23 18:30:00+00:00,LT,-0.012859504462421123
2025-01-26 18:30:00+00:00,LT,-0.00015904343638706298
2025-01-27 18:30:00+00:00,LT,-0.012653091185867438
2025-01-28 18:30:00+00:00,LT,0.010486551082327322
2025-01-29 18:30:00+00:00,LT,-0.008334066697677556
2025-01-30 18:30:00+00:00,LT,0.04280971704712955
2025-01-31 18:30:00+00:00,LT,-0.03360988134877185
2025-02-02 18:30:00+00:00,LT,-0.045917366666476056
2025-02-03 18:30:00+00:00,LT,0.04558859952379657
2025-02-04 18:30:00+00:00,LT,-0.016268510784221424
2025-02-05 18:30:00+00:00,LT,-0.00900037371970408
2025-02-06 18:30:00+00:00,LT,-0.004727483597273818
2025-02-09 18:30:00+00:00,LT,-0.002472372638839815
2025-02-10 18:30:00+00:00,LT,-0.026737526509886478
2025-02-11 18:30:00+00:00,LT,0.015433719330344209
2025-02-12 18:30:00+00:00,LT,-0.007903504895167779
2025-02-13 18:30:00+00:00,LT,-0.007966543416989658
2025-02-16 18:30:00+00:00,LT,-0.004880021329067952
2025-02-17 18:30:00+00:00,LT,-0.0005277343926568534
2025-02-18 18:30:00+00:00,LT,0.01731285897712853
2025-02-19 18:30:00+00:00,LT,-3.04646399180708e-05
2025-02-20 18:30:00+00:00,LT,0.011997039799917175
2025-02-23 18:30:00+00:00,LT,-0.017314715382183543
2025-02-24 18:30:00+00:00,LT,-0.00976154523029571
2025-02-26 18:30:00+00:00,LT,-0.005083799467321293
2025-02-27 18:30:00+00:00,LT,-0.014223348975480277
2025-03-02 18:30:00+00:00,LT,0.010572546070349409
2025-03-03 18:30:00+00:00,LT,0.004910316512411361
2025-03-04 18:30:00+00:00,LT,0.008294447597842813
2025-03-05 18:30:00+00:00,LT,0.0062506308476775185
2025-03-06 18:30:00+00:00,LT,-0.0046626507936627926
2025-03-09 18:30:00+00:00,LT,-0.020649042600155987
2025-03-10 18:30:00+00:00,LT,0.0055857850950762344
2025-03-11 18:30:00+00:00,LT,-0.0005633260621472624
2025-03-12 18:30:00+00:00,LT,-0.0019882999784418542
2025-03-16 18:30:00+00:00,LT,-0.004345416295535309
2025-03-17 18:30:00+00:00,LT,0.0
2025-03-18 18:30:00+00:00,LT,0.04603829856061448
2025-03-19 18:30:00+00:00,LT,0.009489252659740322
2025-03-20 18:30:00+00:00,LT,0.01936698327650599
2025-03-23 18:30:00+00:00,LT,0.019291907019288512
2025-03-24 18:30:00+00:00,LT,-0.0035182186286392136
2025-03-25 18:30:00+00:00,LT,-0.007147856069310565
2025-03-26 18:30:00+00:00,LT,0.01648868849101648
2025-03-27 18:30:00+00:00,LT,-0.0026559414700619843
2025-03-31 18:30:00+00:00,LT,-0.015892143299958805
2025-04-01 18:30:00+00:00,LT,-0.004917381142316879
2025-04-02 18:30:00+00:00,LT,7.306278247432019e-05
2025-04-03 18:30:00+00:00,LT,-0.04678154937836687
2025-04-06 18:30:00+00:00,LT,-0.05878564812207843
2025-04-07 18:30:00+00:00,LT,0.03017770011339138
2025-04-08 18:30:00+00:00,LT,-0.0338332049965443
2025-04-10 18:30:00+00:00,LT,0.02023477744358937
2025-04-14 18:30:00+00:00,LT,0.045459628311585565
2025-04-15 18:30:00+00:00,LT,-0.009178554924693882
2025-04-16 18:30:00+00:00,LT,0.006072451971210757
2025-04-20 18:30:00+00:00,LT,0.010223904347521184
2025-04-21 18:30:00+00:00,LT,-0.006919672383709163
2025-04-22 18:30:00+00:00,LT,0.013260468529192382
2025-04-23 18:30:00+00:00,LT,-0.00012115592154982036
2025-04-24 18:30:00+00:00,LT,-0.00863476791462181
2025-04-27 18:30:00+00:00,LT,0.016869823139813445
2025-04-28 18:30:00+00:00,LT,-0.0015026635433383895
2025-04-29 18:30:00+00:00,LT,0.005628597282382852
2025-05-01 18:30:00+00:00,LT,-0.0018258206217348638
2025-05-04 18:30:00+00:00,LT,-0.0014093142869133768
2025-05-05 18:30:00+00:00,LT,0.0011410741636050936
2025-05-06 18:30:00+00:00,LT,-0.0037792648567467335
2025-05-07 18:30:00+00:00,LT,0.0007526664014094742
2025-05-08 18:30:00+00:00,LT,0.03610214982816973
2025-05-11 18:30:00+00:00,LT,0.04160986042371606
2025-05-12 18:30:00+00:00,LT,-0.005631155115293884
2025-05-13 18:30:00+00:00,LT,0.0017102083813889113
2025-05-14 18:30:00+00:00,LT,0.012622045856656383
2025-05-15 18:30:00+00:00,LT,-0.0037311331237106504
2025-05-18 18:30:00+00:00,LT,-0.0012483916583757582
2025-05-19 18:30:00+00:00,LT,-0.008999490765330465
2025-05-20 18:30:00+00:00,LT,0.005942048844797654
2025-05-21 18:30:00+00:00,LT,-0.010476488064402822
2025-05-22 18:30:00+00:00,LT,0.013656559387992928
2025-05-25 18:30:00+00:00,LT,0.013555944023872613
2025-05-26 18:30:00+00:00,LT,-0.002384348462684538
2025-05-27 18:30:00+00:00,LT,0.0017307448207464216
2025-05-28 18:30:00+00:00,LT,0.0024682303951122364
2025-05-29 18:30:00+00:00,LT,0.005416831493341823
2025-06-01 18:30:00+00:00,LT,0.001224477535242352
2025-06-02 18:30:00+00:00,LT,-0.00021945600359163375
2025-06-03 18:30:00+00:00,LT,-0.005020864953623083
2025-06-04 18:30:00+00:00,LT,0.004439569186888148
2025-06-05 18:30:00+00:00,LT,0.0037610362940170283
2025-06-08 18:30:00+00:00,LT,0.006181071907068514
2025-06-09 18:30:00+00:00,LT,0.0002446781669165343
2025-06-10 18:30:00+00:00,LT,0.0013587694803125494
2025-06-11 18:30:00+00:00,LT,-0.021955098081944402
2025-06-12 18:30:00+00:00,LT,-0.0045783735528474034
2025-06-15 18:30:00+00:00,LT,0.011512529952722117
2025-06-16 18:30:00+00:00,LT,-0.0017636901451946185
2025-06-17 18:30:00+00:00,LT,-0.005742221391862423
2025-06-18 18:30:00+00:00,LT,0.005442203986186334
2025-06-19 18:30:00+00:00,LT,0.011294883113069032
2025-06-22 18:30:00+00:00,LT,-0.021381771935588434
2025-06-23 18:30:00+00:00,LT,0.0058877969539135044
2025-06-24 18:30:00+00:00,LT,0.00416111845229139
2025-06-25 18:30:00+00:00,LT,0.010995095942111455
2025-06-26 18:30:00+00:00,LT,0.005355736417259838
2025-06-29 18:30:00+00:00,LT,-0.002554876730946898
2025-06-30 18:30:00+00:00,LT,-0.0008447592825227002
2025-07-01 18:30:00+00:00,LT,-0.019063436680007095
2025-07-02 18:30:00+00:00,LT,-0.0038645869371870534
2025-07-03 18:30:00+00:00,LT,0.003265565779509094
2025-07-06 18:30:00+00:00,LT,-0.0036722291642696803
2025-07-07 18:30:00+00:00,LT,0.00698051060526339
2025-07-08 18:30:00+00:00,LT,-0.007403491541390972
2025-07-09 18:30:00+00:00,LT,-0.0013967651110990964
2025-07-10 18:30:00+00:00,LT,-0.00953922118818562
2025-07-13 18:30:00+00:00,LT,-0.012625033632600813
2025-07-14 18:30:00+00:00,LT,-0.000543465887703598
2025-07-15 18:30:00+00:00,LT,0.002804822217551406
2025-07-16 18:30:00+00:00,LT,-0.008505065475437723
2025-07-17 18:30:00+00:00,LT,-0.0026482300437176143
2025-07-20 18:30:00+00:00,LT,0.010967443853752146
2025-07-21 18:30:00+00:00,LT,-0.010905547173511887
2025-07-22 18:30:00+00:00,LT,0.005859205713592219
2025-07-23 18:30:00+00:00,LT,-0.002123418907605701
2025-07-24 18:30:00+00:00,LT,-0.009949704574047424
2025-07-27 18:30:00+00:00,LT,-0.006012359278230406
2025-07-28 18:30:00+00:00,LT,0.021448234332199112
2025-07-29 18:30:00+00:00,LT,0.04848952833982567
2025-07-30 18:30:00+00:00,LT,-0.007803360588852448
2025-07-31 18:30:00+00:00,LT,-0.013529479216795037
2025-08-03 18:30:00+00:00,LT,0.01220975336100838
2025-08-04 18:30:00+00:00,LT,0.0059210705906669325
2025-08-05 18:30:00+00:00,LT,-0.006625470805859179
2025-08-06 18:30:00+00:00,LT,0.0036380210747921637
2025-08-07 18:30:00+00:00,LT,-0.009336555109904165
2025-08-10 18:30:00+00:00,LT,0.016853255084176233
2025-08-11 18:30:00+00:00,LT,0.00482504519237148
2025-08-12 18:30:00+00:00,LT,0.0020617599398500275
2025-08-13 18:30:00+00:00,LT,-0.004521198633521073
2025-08-17 18:30:00+00:00,LT,-0.01139513253841451
2025-08-18 18:30:00+00:00,LT,-0.006079639366877165
2025-08-19 18:30:00+00:00,LT,-0.005729297307466075
2025-08-20 18:30:00+00:00,LT,0.005650989213650703
2025-08-21 18:30:00+00:00,LT,-0.004650403690966032
2025-08-24 18:30:00+00:00,LT,0.00203015983341559
2025-08-25 18:30:00+00:00,LT,-0.01715191006442618
2025-08-27 18:30:00+00:00,LT,0.005308798624489963
2025-08-28 18:30:00+00:00,LT,0.011488413590021285
2025-08-31 18:30:00+00:00,LT,-0.0007220487798528241
2025-09-01 18:30:00+00:00,LT,-0.0065306804795913775
2025-09-02 18:30:00+00:00,LT,0.007244999074629943
2025-09-03 18:30:00+00:00,LT,-0.002277258126161086
2025-09-04 18:30:00+00:00,LT,-0.010855647425229153
2025-09-07 18:30:00+00:00,LT,-0.006753714357400242
2025-09-08 18:30:00+00:00,LT,-0.0013032914576652788
2025-09-09 18:30:00+00:00,LT,0.007092198581560183
2025-09-10 18:30:00+00:00,LT,-0.002901422205105586
2025-09-11 18:30:00+00:00,LT,0.011328671415489433
2025-09-14 18:30:00+00:00,LT,0.0017877820706340142
2025-09-15 18:30:00+00:00,LT,0.02275391745225619
2025-09-16 18:30:00+00:00,LT,0.004825767745308296
2025-09-17 18:30:00+00:00,LT,0.0001356668023335672
2025-09-18 18:30:00+00:00,LT,-0.00287577256002447
2025-09-21 18:30:00+00:00,LT,-0.008407221843817703
2025-09-22 18:30:00+00:00,LT,0.003594484197077863
2025-09-23 18:30:00+00:00,LT,0.00442912039024046
2025-09-24 18:30:00+00:00,LT,-0.008002652864505522
2025-09-25 18:30:00+00:00,LT,0.023350921945070047
2025-09-28 18:30:00+00:00,LT,-0.01102027018534657
2025-09-29 18:30:00+00:00,LT,-0.00797090964162217
2025-09-30 18:30:00+00:00,LT,0.0030882888297689703
2025-10-02 18:30:00+00:00,LT,0.01711033103361026
2025-10-05 18:30:00+00:00,LT,0.0010446819645149041
2025-10-06 18:30:00+00:00,LT,-0.001953451653231242
2025-10-07 18:30:00+00:00,LT,2.683799167768619e-05
2025-10-08 18:30:00+00:00,LT,0.010563542771181211
2025-10-09 18:30:00+00:00,LT,0.003926575671190813
2025-10-12 18:30:00+00:00,LT,-0.003831923890063371
2025-10-13 18:30:00+00:00,LT,-0.0066852238153269905
2025-10-14 18:30:00+00:00,LT,0.02254090250330365
2025-10-15 18:30:00+00:00,LT,0.00864525767972979
2025-10-16 18:30:00+00:00,LT,-0.005800441814995727
2025-10-19 18:30:00+00:00,LT,0.008673243130468578
2025-10-20 18:30:00+00:00,LT,0.004002375654047263
2025-10-22 18:30:00+00:00,LT,0.007844246793637044
2025-10-23 18:30:00+00:00,LT,-0.003521588537034659
2025-10-26 18:30:00+00:00,LT,0.0048401103631443565
2025-10-27 18:30:00+00:00,LT,0.012487894232692698
2025-10-28 18:30:00+00:00,LT,-0.003700148759364641
2025-10-29 18:30:00+00:00,LT,0.007427781414916401
2025-10-30 18:30:00+00:00,LT,0.010883988048589366
2025-11-02 18:30:00+00:00,LT,-0.012503387224883755
2025-11-03 18:30:00+00:00,LT,-0.014093731354415273
2025-11-05 18:30:00+00:00,LT,-0.010906076279825316
2025-11-06 18:30:00+00:00,LT,0.0002318379846222296
2025-11-09 18:30:00+00:00,LT,0.009272376046361774
2025-11-10 18:30:00+00:00,LT,0.00931478882225334
2025-11-11 18:30:00+00:00,LT,-0.00010111310840710264
2025-11-12 18:30:00+00:00,LT,0.012112451616065778
2025-11-13 18:30:00+00:00,LT,0.0004746789116176764
2025-11-16 18:30:00+00:00,LT,0.005818611876023505
2025-11-17 18:30:00+00:00,LT,-0.0069766501617006815
2025-11-18 18:30:00+00:00,LT,0.005000499927910296
2025-11-19 18:30:00+00:00,LT,0.004428252625896523
2025-11-20 18:30:00+00:00,LT,-0.003096051989485482
2025-11-23 18:30:00+00:00,LT,-0.0028820228569834683
2025-11-24 18:30:00+00:00,LT,-0.004136271261625968
2025-11-25 18:30:00+00:00,LT,0.016338491662097
2025-11-26 18:30:00+00:00,LT,0.004751366033511895
2025-11-27 18:30:00+00:00,LT,-0.0028667216406288443
2025-11-30 18:30:00+00:00,LT,0.000884571807853618
2025-12-01 18:30:00+00:00,LT,-0.010483146342862515
2025-12-02 18:30:00+00:00,LT,-0.01054459744448577
2025-12-03 18:30:00+00:00,LT,-0.0011032854422643457
2025-12-04 18:30:00+00:00,LT,0.013706158293285808
2025-12-07 18:30:00+00:00,LT,-0.0102768561492248
2025-12-08 18:30:00+00:00,LT,0.00020017735579336282
2025-12-09 18:30:00+00:00,LT,-0.00155095714118203
2025-12-10 18:30:00+00:00,LT,0.0031568294444124234
2025-12-11 18:30:00+00:00,LT,0.01753295462541593
2025-12-14 18:30:00+00:00,LT,0.004467232207265859
2025-12-15 18:30:00+00:00,LT,-0.006964298721977014
2025-12-16 18:30:00+00:00,LT,-0.0003445411849873903
2025-12-17 18:30:00+00:00,LT,-0.007704757148463415
2025-12-18 18:30:00+00:00,LT,0.01051819635250495
2025-12-21 18:30:00+00:00,LT,-0.0002700620243647478
2025-12-22 18:30:00+00:00,LT,-0.003339518181354917
2025-12-23 18:30:00+00:00,LT,-0.0012811548017440666
2025-12-25 18:30:00+00:00,LT,-0.0015541860756732584
2025-12-28 18:30:00+00:00,LT,-0.002124897475476284
2025-12-29 18:30:00+00:00,LT,0.003293151011197537
2025-12-30 18:30:00+00:00,LT,0.007773938795656576
2025-12-31 18:30:00+00:00,LT,0.013934101222909279
2026-01-01 18:30:00+00:00,LT,0.005555018969781278
2026-01-04 18:30:00+00:00,LT,-0.0031224480724711956
2026-01-05 18:30:00+00:00,LT,-0.0023611711926762036
2026-01-06 18:30:00+00:00,LT,0.003960754952653689
2026-01-07 18:30:00+00:00,LT,-0.030935794480695167
2026-01-08 18:30:00+00:00,LT,-0.0007943479419739718
2026-01-11 18:30:00+00:00,LT,-0.0015402840224297831
2026-01-12 18:30:00+00:00,LT,-0.03274448809560837
2026-01-13 18:30:00+00:00,LT,-0.005556375484447096
2026-01-14 18:30:00+00:00,LT,0.0
2026-01-15 18:30:00+00:00,LT,-0.0024316173536250707
2026-01-18 18:30:00+00:00,LT,0.0034747813566302632
2026-01-19 18:30:00+00:00,LT,-0.015323801767505474
2026-01-20 18:30:00+00:00,LT,-0.011547041070725572
2026-01-21 18:30:00+00:00,LT,0.007248121287169784
2026-01-22 18:30:00+00:00,LT,-0.01317939779547539
2026-01-26 18:30:00+00:00,LT,0.01175276441747286
2026-01-27 18:30:00+00:00,LT,0.0016368211341548644
2026-01-28 18:30:00+00:00,LT,0.03661041179329194
2026-01-29 18:30:00+00:00,LT,-0.00015252193814230264
2026-02-01 18:30:00+00:00,LT,-0.002797345030493781
2026-02-02 18:30:00+00:00,LT,0.02996455219873173
2026-02-03 18:30:00+00:00,LT,0.01195900966727459
2026-02-04 18:30:00+00:00,LT,-0.005823211631585279
2026-02-05 18:30:00+00:00,LT,0.001181317837827267
2025-01-01 18:30:00+00:00,M&M,0.04188845730971469
2025-01-02 18:30:00+00:00,M&M,-0.00639968043750383
2025-01-05 18:30:00+00:00,M&M,-0.026594186806467635
2025-01-06 18:30:00+00:00,M&M,0.0010142983579222165
2025-01-07 18:30:00+00:00,M&M,-0.007317871932253972
2025-01-08 18:30:00+00:00,M&M,0.013090993649959026
2025-01-09 18:30:00+00:00,M&M,-0.01076284239101477
2025-01-12 18:30:00+00:00,M&M,-0.030134044997723097
2025-01-13 18:30:00+00:00,M&M,0.01661858638558744
2025-01-14 18:30:00+00:00,M&M,-0.029267060494544528
2025-01-15 18:30:00+00:00,M&M,0.006874480090943713
2025-01-16 18:30:00+00:00,M&M,-0.02122062521116752
2025-01-19 18:30:00+00:00,M&M,-0.010026211744872837
2025-01-20 18:30:00+00:00,M&M,-0.0231293844465984
2025-01-21 18:30:00+00:00,M&M,0.0018253754401953426
2025-01-22 18:30:00+00:00,M&M,0.021228017489794526
2025-01-23 18:30:00+00:00,M&M,-0.02946523348342145
2025-01-26 18:30:00+00:00,M&M,0.010780384433670909
2025-01-27 18:30:00+00:00,M&M,0.01377314529129503
2025-01-28 18:30:00+00:00,M&M,0.018724279888311823
2025-01-29 18:30:00+00:00,M&M,0.01610605762744277
2025-01-30 18:30:00+00:00,M&M,0.006192368678128446
2025-01-31 18:30:00+00:00,M&M,0.0290649579029143
2025-02-02 18:30:00+00:00,M&M,0.03138052237867006
2025-02-03 18:30:00+00:00,M&M,0.0049632999034296965
2025-02-04 18:30:00+00:00,M&M,-0.0032298362694569427
2025-02-05 18:30:00+00:00,M&M,-0.012206043035712266
2025-02-06 18:30:00+00:00,M&M,0.01863084972949114
2025-02-09 18:30:00+00:00,M&M,-0.01913424425479071
2025-02-10 18:30:00+00:00,M&M,-0.01635197085605633
2025-02-11 18:30:00+00:00,M&M,-0.03199984943348955
2025-02-12 18:30:00+00:00,M&M,-0.0030798184848921384
2025-02-13 18:30:00+00:00,M&M,-0.01188711038314405
2025-02-16 18:30:00+00:00,M&M,-0.03760286591059103
2025-02-17 18:30:00+00:00,M&M,-0.014795410567124967
2025-02-18 18:30:00+00:00,M&M,-0.011702340388691446
2025-02-19 18:30:00+00:00,M&M,0.029756270229967186
2025-02-20 18:30:00+00:00,M&M,-0.059905915325179415
2025-02-23 18:30:00+00:00,M&M,0.014928664651395973
2025-02-24 18:30:00+00:00,M&M,0.02533964848788739
2025-02-26 18:30:00+00:00,M&M,-0.01846751108980904
2025-02-27 18:30:00+00:00,M&M,-0.051878699586783594
2025-03-02 18:30:00+00:00,M&M,0.010367016784462724
2025-03-03 18:30:00+00:00,M&M,0.0005551642144088209
2025-03-04 18:30:00+00:00,M&M,0.043335190387615796
2025-03-05 18:30:00+00:00,M&M,0.005794762284411448
2025-03-06 18:30:00+00:00,M&M,-0.005305498959737753
2025-03-09 18:30:00+00:00,M&M,-0.009256399839663976
2025-03-10 18:30:00+00:00,M&M,-0.021090780479351756
2025-03-11 18:30:00+00:00,M&M,0.0029104153558154877
2025-03-12 18:30:00+00:00,M&M,-0.0036935252421809173
2025-03-16 18:30:00+00:00,M&M,0.023321371602678997
2025-03-17 18:30:00+00:00,M&M,0.0
2025-03-18 18:30:00+00:00,M&M,0.031033433090877915
2025-03-19 18:30:00+00:00,M&M,0.013983019478425174
2025-03-20 18:30:00+00:00,M&M,-0.009281844245183524
2025-03-23 18:30:00+00:00,M&M,-0.00969010649270774
2025-03-24 18:30:00+00:00,M&M,-0.013947380791674013
2025-03-25 18:30:00+00:00,M&M,0.0022843595936041794
2025-03-26 18:30:00+00:00,M&M,-0.0033732292834748323
2025-03-27 18:30:00+00:00,M&M,-0.024588326062831345
2025-03-31 18:30:00+00:00,M&M,-0.010465938663181462
2025-04-01 18:30:00+00:00,M&M,-0.00013266505720876953
2025-04-02 18:30:00+00:00,M&M,-0.009895495143786626
2025-04-03 18:30:00+00:00,M&M,-0.005705643671696348
2025-04-06 18:30:00+00:00,M&M,-0.04055388152297701
2025-04-07 18:30:00+00:00,M&M,0.013005550225470452
2025-04-08 18:30:00+00:00,M&M,-0.00021785589427458785
2025-04-10 18:30:00+00:00,M&M,0.022690334054443317
2025-04-14 18:30:00+00:00,M&M,0.02544226074924283
2025-04-15 18:30:00+00:00,M&M,-0.004308367181667272
2025-04-16 18:30:00+00:00,M&M,0.01700435718145621
2025-04-20 18:30:00+00:00,M&M,0.03157425239856293
2025-04-21 18:30:00+00:00,M&M,0.019211365713386108
2025-04-22 18:30:00+00:00,M&M,0.03574599430045411
2025-04-23 18:30:00+00:00,M&M,-0.005620755703181879
2025-04-24 18:30:00+00:00,M&M,-0.012821414324389435
2025-04-27 18:30:00+00:00,M&M,0.023182846920415834
2025-04-28 18:30:00+00:00,M&M,-0.007165813967471513
2025-04-29 18:30:00+00:00,M&M,0.006598894993604221
2025-05-01 18:30:00+00:00,M&M,-0.003960757444444241
2025-05-04 18:30:00+00:00,M&M,0.035753472062285185
2025-05-05 18:30:00+00:00,M&M,0.015522064641236621
2025-05-06 18:30:00+00:00,M&M,0.016784011096569795
2025-05-07 18:30:00+00:00,M&M,-0.027821311545239258
2025-05-08 18:30:00+00:00,M&M,-0.016814471784068252
2025-05-11 18:30:00+00:00,M&M,0.041111858708819726
2025-05-12 18:30:00+00:00,M&M,-0.016394439315391196
2025-05-13 18:30:00+00:00,M&M,0.015718119092992477
2025-05-14 18:30:00+00:00,M&M,0.013701675553729586
2025-05-15 18:30:00+00:00,M&M,-0.0027668187751703766
2025-05-18 18:30:00+00:00,M&M,-0.0024238179315748676
2025-05-19 18:30:00+00:00,M&M,-0.020620252720379706
2025-05-20 18:30:00+00:00,M&M,0.008878713652949344
2025-05-21 18:30:00+00:00,M&M,-0.02730763993785934
2025-05-22 18:30:00+00:00,M&M,0.0021288241064914004
2025-05-25 18:30:00+00:00,M&M,0.022405114858112807
2025-05-26 18:30:00+00:00,M&M,-0.013115989244120163
2025-05-27 18:30:00+00:00,M&M,-0.013816706345139096
2025-05-28 18:30:00+00:00,M&M,0.0037360260238687992
2025-05-29 18:30:00+00:00,M&M,-0.010701146366203451
2025-06-01 18:30:00+00:00,M&M,0.01649416181408503
2025-06-02 18:30:00+00:00,M&M,0.006807883171666029
2025-06-03 18:30:00+00:00,M&M,0.0022648822482573827
2025-06-04 18:30:00+00:00,M&M,-0.0038644973296224627
2025-06-05 18:30:00+00:00,M&M,0.021337395117767555
2025-06-08 18:30:00+00:00,M&M,-0.006148392778755896
2025-06-09 18:30:00+00:00,M&M,-0.006445492583179835
2025-06-10 18:30:00+00:00,M&M,0.004303155698323735
2025-06-11 18:30:00+00:00,M&M,-0.01996304994009812
2025-06-12 18:30:00+00:00,M&M,-0.00437199626999496
2025-06-15 18:30:00+00:00,M&M,0.005855035235332817
2025-06-16 18:30:00+00:00,M&M,-0.005424077564960328
2025-06-17 18:30:00+00:00,M&M,0.011272967726518424
2025-06-18 18:30:00+00:00,M&M,0.01765807228705052
2025-06-19 18:30:00+00:00,M&M,0.028951744177262206
2025-06-22 18:30:00+00:00,M&M,-0.015513071526180644
2025-06-23 18:30:00+00:00,M&M,0.004816613922845825
2025-06-24 18:30:00+00:00,M&M,0.020761214046216114
2025-06-25 18:30:00+00:00,M&M,9.329759706266927e-05
2025-06-26 18:30:00+00:00,M&M,-0.00388706273605377
2025-06-29 18:30:00+00:00,M&M,-0.006274746192113434
2025-06-30 18:30:00+00:00,M&M,-0.0022304739018704778
2025-07-01 18:30:00+00:00,M&M,-0.0034319154421162956
2025-07-02 18:30:00+00:00,M&M,0.002906620077394839
2025-07-03 18:30:00+00:00,M&M,0.00425523073503542
2025-07-06 18:30:00+00:00,M&M,-0.0007272881669960762
2025-07-07 18:30:00+00:00,M&M,-0.0007278175000515752
2025-07-08 18:30:00+00:00,M&M,0.005826703522400667
2025-07-09 18:30:00+00:00,M&M,-0.004376206992630749
2025-07-10 18:30:00+00:00,M&M,-0.028206410930434855
2025-07-13 18:30:00+00:00,M&M,0.006149989191939209
2025-07-14 18:30:00+00:00,M&M,0.011804275038724166
2025-07-15 18:30:00+00:00,M&M,0.02170296625465684
2025-07-16 18:30:00+00:00,M&M,-0.000469263256686947
2025-07-17 18:30:00+00:00,M&M,-0.0008138020833333703
2025-07-20 18:30:00+00:00,M&M,0.017009162538897282
2025-07-21 18:30:00+00:00,M&M,0.00323405308710778
2025-07-22 18:30:00+00:00,M&M,0.0035613710641486662
2025-07-23 18:30:00+00:00,M&M,-0.002416833812520003
2025-07-24 18:30:00+00:00,M&M,-0.004446625297997664
2025-07-27 18:30:00+00:00,M&M,-0.011273981831135926
2025-07-28 18:30:00+00:00,M&M,-0.003240122850696525
2025-07-29 18:30:00+00:00,M&M,0.002969306835647778
2025-07-30 18:30:00+00:00,M&M,-0.0018074121549456201
2025-07-31 18:30:00+00:00,M&M,-0.013674267894460801
2025-08-03 18:30:00+00:00,M&M,0.012945874627805942
2025-08-04 18:30:00+00:00,M&M,0.0037497656968608073
2025-08-05 18:30:00+00:00,M&M,0.004763105989881833
2025-08-06 18:30:00+00:00,M&M,-0.005081302042989955
2025-08-07 18:30:00+00:00,M&M,-0.020834027109028708
2025-08-10 18:30:00+00:00,M&M,0.013357929092373988
2025-08-11 18:30:00+00:00,M&M,0.015786846274234767
2025-08-12 18:30:00+00:00,M&M,0.01412017647825592
2025-08-13 18:30:00+00:00,M&M,-0.005118533019941918
2025-08-17 18:30:00+00:00,M&M,0.036044649608772295
2025-08-18 18:30:00+00:00,M&M,-0.008601607051594518
2025-08-19 18:30:00+00:00,M&M,0.01240312989154746
2025-08-20 18:30:00+00:00,M&M,-0.00603722447002808
2025-08-21 18:30:00+00:00,M&M,0.008266392562141789
2025-08-24 18:30:00+00:00,M&M,-0.0012048479742139406
2025-08-25 18:30:00+00:00,M&M,-0.020035851443776287
2025-08-27 18:30:00+00:00,M&M,-0.010658099999875437
2025-08-28 18:30:00+00:00,M&M,-0.02907172257718793
2025-08-31 18:30:00+00:00,M&M,0.036224379541725193
2025-09-01 18:30:00+00:00,M&M,-0.02440125014377892
2025-09-02 18:30:00+00:00,M&M,0.01592208996753741
2025-09-03 18:30:00+00:00,M&M,0.05949482653682292
2025-09-04 18:30:00+00:00,M&M,0.022921168699734373
2025-09-07 18:30:00+00:00,M&M,0.0
2025-09-08 18:30:00+00:00,M&M,0.0379075051663853
2025-09-09 18:30:00+00:00,M&M,-0.024862739839941028
2025-09-10 18:30:00+00:00,M&M,-0.00241370308722344
2025-09-11 18:30:00+00:00,M&M,-0.001613051396636922
2025-09-14 18:30:00+00:00,M&M,-0.016602093411215657
2025-09-15 18:30:00+00:00,M&M,0.02200944681675643
2025-09-16 18:30:00+00:00,M&M,0.006984465402404272
2025-09-17 18:30:00+00:00,M&M,0.0024771551582503104
2025-09-18 18:30:00+00:00,M&M,-0.013755382512567804
2025-09-21 18:30:00+00:00,M&M,-0.0020322509478196693
2025-09-22 18:30:00+00:00,M&M,0.008312890097696535
2025-09-23 18:30:00+00:00,M&M,-0.010983288397032331
2025-09-24 18:30:00+00:00,M&M,-0.01255976490819033
2025-09-25 18:30:00+00:00,M&M,-0.03781869688385264
2025-09-28 18:30:00+00:00,M&M,0.006359516459958803
2025-09-29 18:30:00+00:00,M&M,0.0026037570841921376
2025-09-30 18:30:00+00:00,M&M,0.010621506374015155
2025-10-02 18:30:00+00:00,M&M,-0.0004041988748693104
2025-10-05 18:30:00+00:00,M&M,0.002888503755054783
2025-10-06 18:30:00+00:00,M&M,0.005990797473538256
2025-10-07 18:30:00+00:00,M&M,-0.018981919348738385
2025-10-08 18:30:00+00:00,M&M,0.004786196510652374
2025-10-09 18:30:00+00:00,M&M,0.00348543389014333
2025-10-12 18:30:00+00:00,M&M,0.0013893452672446571
2025-10-13 18:30:00+00:00,M&M,2.893246745760969e-05
2025-10-14 18:30:00+00:00,M&M,0.010809845024546405
2025-10-15 18:30:00+00:00,M&M,0.018186005531350302
2025-10-16 18:30:00+00:00,M&M,0.024264182531727574
2025-10-19 18:30:00+00:00,M&M,-0.01318815917952898
2025-10-20 18:30:00+00:00,M&M,0.00614038312799825
2025-10-22 18:30:00+00:00,M&M,0.0006628041855567535
2025-10-23 18:30:00+00:00,M&M,0.00038632914947078767
2025-10-26 18:30:00+00:00,M&M,-0.003696524784482791
2025-10-27 18:30:00+00:00,M&M,-0.0089987814600766
2025-10-28 18:30:00+00:00,M&M,-0.012405393890338567
2025-10-29 18:30:00+00:00,M&M,-0.009222806452020671
2025-10-30 18:30:00+00:00,M&M,-0.004254631812022347
2025-11-02 18:30:00+00:00,M&M,0.017693264520475926
2025-11-03 18:30:00+00:00,M&M,0.009101425714146849
2025-11-05 18:30:00+00:00,M&M,0.010415516959872528
2025-11-06 18:30:00+00:00,M&M,0.01981482690945824
2025-11-09 18:30:00+00:00,M&M,-0.0071269983134039094
2025-11-10 18:30:00+00:00,M&M,0.0232539636953506
2025-11-11 18:30:00+00:00,M&M,0.0013869864864706205
2025-11-12 18:30:00+00:00,M&M,-0.014596608719441684
2025-11-13 18:30:00+00:00,M&M,-0.00024324972124611932
2025-11-16 18:30:00+00:00,M&M,0.009814471348362996
2025-11-17 18:30:00+00:00,M&M,-0.010736526965678839
2025-11-18 18:30:00+00:00,M&M,0.007497009528475207
2025-11-19 18:30:00+00:00,M&M,-0.0015581057966755907
2025-11-20 18:30:00+00:00,M&M,0.008851978076412026
2025-11-23 18:30:00+00:00,M&M,-0.01568168532555747
2025-11-24 18:30:00+00:00,M&M,-0.005825295251859153
2025-11-25 18:30:00+00:00,M&M,0.00466024944487331
2025-11-26 18:30:00+00:00,M&M,-0.0014105770696687392
2025-11-27 18:30:00+00:00,M&M,0.02067263356124527
2025-11-30 18:30:00+00:00,M&M,-0.004178519406979886
2025-12-01 18:30:00+00:00,M&M,-0.006708385984908638
2025-12-02 18:30:00+00:00,M&M,-0.018054647559868187
2025-12-03 18:30:00+00:00,M&M,0.006083245439405749
2025-12-04 18:30:00+00:00,M&M,0.01239241714506023
2025-12-07 18:30:00+00:00,M&M,-0.00952359246572243
2025-12-08 18:30:00+00:00,M&M,-0.012439918905816083
2025-12-09 18:30:00+00:00,M&M,-0.0016226800798192498
2025-12-10 18:30:00+00:00,M&M,0.009696956245695665
2025-12-11 18:30:00+00:00,M&M,0.003928884283590284
2025-12-14 18:30:00+00:00,M&M,-0.019458662831826845
2025-12-15 18:30:00+00:00,M&M,0.003603104212860364
2025-12-16 18:30:00+00:00,M&M,-0.0022645543142433278
2025-12-17 18:30:00+00:00,M&M,-0.007251979300756828
2025-12-18 18:30:00+00:00,M&M,0.004739864924196313
2025-12-21 18:30:00+00:00,M&M,0.0036352128872860767
2025-12-22 18:30:00+00:00,M&M,0.002322599772661027
2025-12-23 18:30:00+00:00,M&M,0.003199871232004048
2025-12-25 18:30:00+00:00,M&M,-0.0037396138527300282
2025-12-28 18:30:00+00:00,M&M,-0.008556208540871801
2025-12-29 18:30:00+00:00,M&M,0.01898609429519338
2025-12-30 18:30:00+00:00,M&M,0.013359533833682713
2025-12-31 18:30:00+00:00,M&M,0.013965288879010052
2026-01-01 18:30:00+00:00,M&M,0.011007684749734015
2026-01-04 18:30:00+00:00,M&M,-0.0031821622728758214
2026-01-05 18:30:00+00:00,M&M,-0.0012399944889134318
2026-01-06 18:30:00+00:00,M&M,-0.009721060830199302
2026-01-07 18:30:00+00:00,M&M,-0.006615463216257056
2026-01-08 18:30:00+00:00,M&M,-0.01254026615786119
2026-01-11 18:30:00+00:00,M&M,0.0012780983627846965
2026-01-12 18:30:00+00:00,M&M,-0.005567626290059802
2026-01-13 18:30:00+00:00,M&M,-0.0032773453502662475
2026-01-14 18:30:00+00:00,M&M,0.0
2026-01-15 18:30:00+00:00,M&M,0.0023838748244622288
2026-01-18 18:30:00+00:00,M&M,-0.00021870013635227892
2026-01-19 18:30:00+00:00,M&M,-0.027314459728544294
2026-01-20 18:30:00+00:00,M&M,-0.001180590631588152
2026-01-21 18:30:00+00:00,M&M,0.005741114474832498
2026-01-22 18:30:00+00:00,M&M,-0.008478621384593099
2026-01-26 18:30:00+00:00,M&M,-0.04230397541203301
2026-01-27 18:30:00+00:00,M&M,0.016413717746242895
2026-01-28 18:30:00+00:00,M&M,-0.018786979515672653
2026-01-29 18:30:00+00:00,M&M,0.014005480395963055
2026-02-01 18:30:00+00:00,M&M,0.009149688763036234
2026-02-02 18:30:00+00:00,M&M,0.018682129846410378
2026-02-03 18:30:00+00:00,M&M,0.013067291854177432
2026-02-04 18:30:00+00:00,M&M,-0.0005595970900951208
2026-02-05 18:30:00+00:00,M&M,0.0016797312430010258
2025-01-01 18:30:00+00:00,MARUTI,0.05647596184247772
2025-01-02 18:30:00+00:00,MARUTI,0.007849674261276363
2025-01-05 18:30:00+00:00,MARUTI,-0.014965319166482138
2025-01-06 18:30:00+00:00,MARUTI,-0.002922018515410074
2025-01-07 18:30:00+00:00,MARUTI,0.008591224609744819
2025-01-08 18:30:00+00:00,MARUTI,-0.006889718577975157
2025-01-09 18:30:00+00:00,MARUTI,-0.009322413393293871
2025-01-12 18:30:00+00:00,MARUTI,-0.011469171329498984
2025-01-13 18:30:00+00:00,MARUTI,0.02117375636602259
2025-01-14 18:30:00+00:00,MARUTI,0.017566458010381814
2025-01-15 18:30:00+00:00,MARUTI,0.012128091377271444
2025-01-16 18:30:00+00:00,MARUTI,0.003642796623555933
2025-01-19 18:30:00+00:00,MARUTI,-0.009582780276761627
2025-01-20 18:30:00+00:00,MARUTI,-0.011343515097681722
2025-01-21 18:30:00+00:00,MARUTI,0.011498918895121557
2025-01-22 18:30:00+00:00,MARUTI,0.002113157046937708
2025-01-23 18:30:00+00:00,MARUTI,-0.00646287528252798
2025-01-26 18:30:00+00:00,MARUTI,0.0021682777533449382
2025-01-27 18:30:00+00:00,MARUTI,0.0108305248738374
2025-01-28 18:30:00+00:00,MARUTI,-0.012030006377735325
2025-01-29 18:30:00+00:00,MARUTI,0.0018449751150462212
2025-01-30 18:30:00+00:00,MARUTI,0.025887542934082797
2025-01-31 18:30:00+00:00,MARUTI,0.049213439107262724
2025-02-02 18:30:00+00:00,MARUTI,0.01729959473049525
2025-02-03 18:30:00+00:00,MARUTI,-0.0022831087962079666
2025-02-04 18:30:00+00:00,MARUTI,-0.001765851495142079
2025-02-05 18:30:00+00:00,MARUTI,-0.0009780957689041747
2025-02-06 18:30:00+00:00,MARUTI,-0.0018739203948890948
2025-02-09 18:30:00+00:00,MARUTI,-0.011398901646622273
2025-02-10 18:30:00+00:00,MARUTI,-0.01367366449158225
2025-02-11 18:30:00+00:00,MARUTI,-0.0054068907135628175
2025-02-12 18:30:00+00:00,MARUTI,0.001244489108945812
2025-02-13 18:30:00+00:00,MARUTI,0.0007063464531584795
2025-02-16 18:30:00+00:00,MARUTI,0.006517980087102471
2025-02-17 18:30:00+00:00,MARUTI,0.0018256249714310169
2025-02-18 18:30:00+00:00,MARUTI,-0.007824826534649665
2025-02-19 18:30:00+00:00,MARUTI,-0.019351795013212825
2025-02-20 18:30:00+00:00,MARUTI,-0.00942074794206793
2025-02-23 18:30:00+00:00,MARUTI,0.0017648859232304304
2025-02-24 18:30:00+00:00,MARUTI,0.01062351362844094
2025-02-26 18:30:00+00:00,MARUTI,-0.00767450867296704
2025-02-27 18:30:00+00:00,MARUTI,-0.035115408746636434
2025-03-02 18:30:00+00:00,MARUTI,-0.014251787164805907
2025-03-03 18:30:00+00:00,MARUTI,-0.013532201630282126
2025-03-04 18:30:00+00:00,MARUTI,9.466611668540459e-05
2025-03-05 18:30:00+00:00,MARUTI,0.0042221849862533745
2025-03-06 18:30:00+00:00,MARUTI,-0.00019283362883104616
2025-03-09 18:30:00+00:00,MARUTI,-0.006695808017451288
2025-03-10 18:30:00+00:00,MARUTI,0.005256332920964946
2025-03-11 18:30:00+00:00,MARUTI,-0.0005881967058611881
2025-03-12 18:30:00+00:00,MARUTI,-0.01085039019375611
2025-03-16 18:30:00+00:00,MARUTI,0.003465482521780139
2025-03-17 18:30:00+00:00,MARUTI,0.0
2025-03-18 18:30:00+00:00,MARUTI,0.0053532421264681496
2025-03-19 18:30:00+00:00,MARUTI,0.009870344647069151
2025-03-20 18:30:00+00:00,MARUTI,0.00022165916343941383
2025-03-23 18:30:00+00:00,MARUTI,0.01614707637545254
2025-03-24 18:30:00+00:00,MARUTI,-0.004474789535028445
2025-03-25 18:30:00+00:00,MARUTI,-0.011340596482689369
2025-03-26 18:30:00+00:00,MARUTI,-0.0010524710355950262
2025-03-27 18:30:00+00:00,MARUTI,-0.017044903337770756
2025-03-31 18:30:00+00:00,MARUTI,-0.0035627793139820785
2025-04-01 18:30:00+00:00,MARUTI,0.020468392354688447
2025-04-02 18:30:00+00:00,MARUTI,-0.00238987431359039
2025-04-03 18:30:00+00:00,MARUTI,-0.017633267626426696
2025-04-06 18:30:00+00:00,MARUTI,-0.013259914265135064
2025-04-07 18:30:00+00:00,MARUTI,0.011399232877647991
2025-04-08 18:30:00+00:00,MARUTI,-0.00013085495146436532
2025-04-10 18:30:00+00:00,MARUTI,0.012363060335387477
2025-04-14 18:30:00+00:00,MARUTI,0.022066511101169084
2025-04-15 18:30:00+00:00,MARUTI,-0.016111363503136134
2025-04-16 18:30:00+00:00,MARUTI,0.0026577418537470088
2025-04-20 18:30:00+00:00,MARUTI,0.004275350391856447
2025-04-21 18:30:00+00:00,MARUTI,-0.0009365359281673369
2025-04-22 18:30:00+00:00,MARUTI,0.01474346803080584
2025-04-23 18:30:00+00:00,MARUTI,-0.001091756455324
2025-04-24 18:30:00+00:00,MARUTI,-0.016478899365053423
2025-04-27 18:30:00+00:00,MARUTI,0.012651713135912512
2025-04-28 18:30:00+00:00,MARUTI,-0.00042206859610482983
2025-04-29 18:30:00+00:00,MARUTI,0.03513210197881622
2025-05-01 18:30:00+00:00,MARUTI,0.012074793005849571
2025-05-04 18:30:00+00:00,MARUTI,0.004272479995951262
2025-05-05 18:30:00+00:00,MARUTI,0.00987314424419461
2025-05-06 18:30:00+00:00,MARUTI,0.004133228717144055
2025-05-07 18:30:00+00:00,MARUTI,-0.019077054446908215
2025-05-08 18:30:00+00:00,MARUTI,-0.01145900246751197
2025-05-11 18:30:00+00:00,MARUTI,0.029877551283533865
2025-05-12 18:30:00+00:00,MARUTI,-0.010621452004529464
2025-05-13 18:30:00+00:00,MARUTI,0.01506171474566953
2025-05-14 18:30:00+00:00,MARUTI,0.02225729948048949
2025-05-15 18:30:00+00:00,MARUTI,0.003319986622803528
2025-05-18 18:30:00+00:00,MARUTI,-0.00046177580332773527
2025-05-19 18:30:00+00:00,MARUTI,-0.027022830729581115
2025-05-20 18:30:00+00:00,MARUTI,-0.0018199224962962557
2025-05-21 18:30:00+00:00,MARUTI,-0.013476017694980968
2025-05-22 18:30:00+00:00,MARUTI,0.000642805908071642
2025-05-25 18:30:00+00:00,MARUTI,-0.002569651164919917
2025-05-26 18:30:00+00:00,MARUTI,-0.0005635419585637846
2025-05-27 18:30:00+00:00,MARUTI,-0.006686003770886462
2025-05-28 18:30:00+00:00,MARUTI,0.0049468684949520725
2025-05-29 18:30:00+00:00,MARUTI,-0.0058908501955146075
2025-06-01 18:30:00+00:00,MARUTI,-0.0023540846911175306
2025-06-02 18:30:00+00:00,MARUTI,-0.01318146758523775
2025-06-03 18:30:00+00:00,MARUTI,0.0028858640601427954
2025-06-04 18:30:00+00:00,MARUTI,-0.0030419871654144837
2025-06-05 18:30:00+00:00,MARUTI,0.027709059595806496
2025-06-08 18:30:00+00:00,MARUTI,0.014042672278211876
2025-06-09 18:30:00+00:00,MARUTI,-0.009258514278929542
2025-06-10 18:30:00+00:00,MARUTI,-0.005431355875742727
2025-06-11 18:30:00+00:00,MARUTI,-0.004979103903992255
2025-06-12 18:30:00+00:00,MARUTI,0.0014528132471709476
2025-06-15 18:30:00+00:00,MARUTI,0.009832339478645036
2025-06-16 18:30:00+00:00,MARUTI,0.005187525579368968
2025-06-17 18:30:00+00:00,MARUTI,0.012147722322637833
2025-06-18 18:30:00+00:00,MARUTI,0.004549728565746092
2025-06-19 18:30:00+00:00,MARUTI,-0.001171361942592264
2025-06-22 18:30:00+00:00,MARUTI,-0.00719253678323617
2025-06-23 18:30:00+00:00,MARUTI,-0.00692966976350029
2025-06-24 18:30:00+00:00,MARUTI,0.012370188904590185
2025-06-25 18:30:00+00:00,MARUTI,-0.0040730123691133935
2025-06-26 18:30:00+00:00,MARUTI,-0.005741281930310427
2025-06-29 18:30:00+00:00,MARUTI,-0.019142572361000587
2025-06-30 18:30:00+00:00,MARUTI,0.003387137348308089
2025-07-01 18:30:00+00:00,MARUTI,0.01446709617469999
2025-07-02 18:30:00+00:00,MARUTI,0.010299507278516584
2025-07-03 18:30:00+00:00,MARUTI,-0.008312439731483323
2025-07-06 18:30:00+00:00,MARUTI,-0.009963587887670489
2025-07-07 18:30:00+00:00,MARUTI,-0.008466471999782343
2025-07-08 18:30:00+00:00,MARUTI,0.004511036772702592
2025-07-09 18:30:00+00:00,MARUTI,0.014434611910989048
2025-07-10 18:30:00+00:00,MARUTI,-0.006007850705651241
2025-07-13 18:30:00+00:00,MARUTI,-0.0047717407935635725
2025-07-14 18:30:00+00:00,MARUTI,0.0017579692938314295
2025-07-15 18:30:00+00:00,MARUTI,0.0022335678034881568
2025-07-16 18:30:00+00:00,MARUTI,-0.007004129078932664
2025-07-17 18:30:00+00:00,MARUTI,-0.004568770146070378
2025-07-20 18:30:00+00:00,MARUTI,-0.0011272654203741128
2025-07-21 18:30:00+00:00,MARUTI,0.007013293698444167
2025-07-22 18:30:00+00:00,MARUTI,0.01080693236737873
2025-07-23 18:30:00+00:00,MARUTI,-0.005543716188748826
2025-07-24 18:30:00+00:00,MARUTI,-0.012184404820274275
2025-07-27 18:30:00+00:00,MARUTI,-0.005159683592460884
2025-07-28 18:30:00+00:00,MARUTI,0.010453842448254314
2025-07-29 18:30:00+00:00,MARUTI,0.011949611844636499
2025-07-30 18:30:00+00:00,MARUTI,-0.0007924908480215764
2025-07-31 18:30:00+00:00,MARUTI,-0.013709612763569301
2025-08-03 18:30:00+00:00,MARUTI,0.005121118517314338
2025-08-04 18:30:00+00:00,MARUTI,0.013910230489284192
2025-08-05 18:30:00+00:00,MARUTI,-0.0010369306851718552
2025-08-06 18:30:00+00:00,MARUTI,0.008623442989460273
2025-08-07 18:30:00+00:00,MARUTI,-0.0033248891703610006
2025-08-10 18:30:00+00:00,MARUTI,0.0005559968228752155
2025-08-11 18:30:00+00:00,MARUTI,0.019290307216003777
2025-08-12 18:30:00+00:00,MARUTI,-0.00046728971962617383
2025-08-13 18:30:00+00:00,MARUTI,0.0079476390836839
2025-08-17 18:30:00+00:00,MARUTI,0.08750773036487325
2025-08-18 18:30:00+00:00,MARUTI,0.012937162354279108
2025-08-19 18:30:00+00:00,MARUTI,-0.0020350877192982786
2025-08-20 18:30:00+00:00,MARUTI,0.004148794036987535
2025-08-21 18:30:00+00:00,MARUTI,0.0048319327731092265
2025-08-24 18:30:00+00:00,MARUTI,0.007178200571468452
2025-08-25 18:30:00+00:00,MARUTI,0.01812897868807095
2025-08-27 18:30:00+00:00,MARUTI,0.0025825744189207356
2025-08-28 18:30:00+00:00,MARUTI,0.002643709327548871
2025-08-31 18:30:00+00:00,MARUTI,0.006490433371644899
2025-09-01 18:30:00+00:00,MARUTI,-0.0030227715456438986
2025-09-02 18:30:00+00:00,MARUTI,0.005726990971567147
2025-09-03 18:30:00+00:00,MARUTI,-0.01775306491592421
2025-09-04 18:30:00+00:00,MARUTI,0.01589141999727195
2025-09-07 18:30:00+00:00,MARUTI,0.02437059415911369
2025-09-08 18:30:00+00:00,MARUTI,0.007012714641499551
2025-09-09 18:30:00+00:00,MARUTI,-0.016726326065733765
2025-09-10 18:30:00+00:00,MARUTI,-0.0008604712734975317
2025-09-11 18:30:00+00:00,MARUTI,0.015236833388539317
2025-09-14 18:30:00+00:00,MARUTI,-0.003915171288743857
2025-09-15 18:30:00+00:00,MARUTI,0.02017687520471667
2025-09-16 18:30:00+00:00,MARUTI,0.014640724330572175
2025-09-17 18:30:00+00:00,MARUTI,0.0010125941396115223
2025-09-18 18:30:00+00:00,MARUTI,0.002971486375418886
2025-09-21 18:30:00+00:00,MARUTI,-0.00302571860816947
2025-09-22 18:30:00+00:00,MARUTI,0.017766818411734997
2025-09-23 18:30:00+00:00,MARUTI,0.009442753308069873
2025-09-24 18:30:00+00:00,MARUTI,0.001230844975075307
2025-09-25 18:30:00+00:00,MARUTI,0.0010449320794148065
2025-09-28 18:30:00+00:00,MARUTI,-0.018543534323959276
2025-09-29 18:30:00+00:00,MARUTI,0.0028153153153154253
2025-09-30 18:30:00+00:00,MARUTI,-0.003992763116850706
2025-10-02 18:30:00+00:00,MARUTI,-0.009959285937989337
2025-10-05 18:30:00+00:00,MARUTI,0.012147285840820032
2025-10-06 18:30:00+00:00,MARUTI,0.006875859482435409
2025-10-07 18:30:00+00:00,MARUTI,-0.00595977154209093
2025-10-08 18:30:00+00:00,MARUTI,-0.0016862353235074234
2025-10-09 18:30:00+00:00,MARUTI,0.017516421645292546
2025-10-12 18:30:00+00:00,MARUTI,0.003565939133107987
2025-10-13 18:30:00+00:00,MARUTI,-0.003798321386999981
2025-10-14 18:30:00+00:00,MARUTI,-0.0030133448127421802
2025-10-15 18:30:00+00:00,MARUTI,0.0053047125585985455
2025-10-16 18:30:00+00:00,MARUTI,0.006319793839735022
2025-10-19 18:30:00+00:00,MARUTI,0.0014023535150295974
2025-10-20 18:30:00+00:00,MARUTI,-0.001704822211398005
2025-10-22 18:30:00+00:00,MARUTI,-0.0001829714564527407
2025-10-23 18:30:00+00:00,MARUTI,-0.007259195998291945
2025-10-26 18:30:00+00:00,MARUTI,0.007005038712055933
2025-10-27 18:30:00+00:00,MARUTI,-0.004698559921894052
2025-10-28 18:30:00+00:00,MARUTI,-0.010606339280240351
2025-10-29 18:30:00+00:00,MARUTI,0.004213657206593169
2025-10-30 18:30:00+00:00,MARUTI,-0.001234110823151946
2025-11-02 18:30:00+00:00,MARUTI,-0.033053255900160616
2025-11-03 18:30:00+00:00,MARUTI,-0.017698549613443193
2025-11-05 18:30:00+00:00,MARUTI,0.005073500715493617
2025-11-06 18:30:00+00:00,MARUTI,0.0017473466217965417
2025-11-09 18:30:00+00:00,MARUTI,0.006718780282964021
2025-11-10 18:30:00+00:00,MARUTI,0.003978694731438193
2025-11-11 18:30:00+00:00,MARUTI,0.003259827420901251
2025-11-12 18:30:00+00:00,MARUTI,0.0033766564729866833
2025-11-13 18:30:00+00:00,MARUTI,-0.004127246174360222
2025-11-16 18:30:00+00:00,MARUTI,0.01236929354756433
2025-11-17 18:30:00+00:00,MARUTI,0.0032749716588991173
2025-11-18 18:30:00+00:00,MARUTI,-0.01016949152542368
2025-11-19 18:30:00+00:00,MARUTI,0.002092846270928428
2025-11-20 18:30:00+00:00,MARUTI,0.011138535535725635
2025-11-23 18:30:00+00:00,MARUTI,-0.0011892094886398752
2025-11-24 18:30:00+00:00,MARUTI,-0.004323850106529692
2025-11-25 18:30:00+00:00,MARUTI,0.016804078293158886
2025-11-26 18:30:00+00:00,MARUTI,-0.015659816786333214
2025-11-27 18:30:00+00:00,MARUTI,-0.00018864365214110723
2025-11-30 18:30:00+00:00,MARUTI,0.01238993710691827
2025-12-01 18:30:00+00:00,MARUTI,0.00882151953780208
2025-12-02 18:30:00+00:00,MARUTI,-0.00966808301003752
2025-12-03 18:30:00+00:00,MARUTI,-0.005471956224350261
2025-12-04 18:30:00+00:00,MARUTI,0.018006752532199632
2025-12-07 18:30:00+00:00,MARUTI,-0.005834664046185933
2025-12-08 18:30:00+00:00,MARUTI,-0.010316920985976363
2025-12-09 18:30:00+00:00,MARUTI,-6.242197253436554e-05
2025-12-10 18:30:00+00:00,MARUTI,0.014295524065172538
2025-12-11 18:30:00+00:00,MARUTI,0.016863613983259418
2025-12-14 18:30:00+00:00,MARUTI,-0.0064762135334704984
2025-12-15 18:30:00+00:00,MARUTI,-0.003716113310996083
2025-12-16 18:30:00+00:00,MARUTI,0.0026904732787085273
2025-12-17 18:30:00+00:00,MARUTI,-0.004207830223197928
2025-12-18 18:30:00+00:00,MARUTI,0.005205462673770533
2025-12-21 18:30:00+00:00,MARUTI,0.014317046423784507
2025-12-22 18:30:00+00:00,MARUTI,-0.0038440747192023395
2025-12-23 18:30:00+00:00,MARUTI,0.007114862827856561
2025-12-25 18:30:00+00:00,MARUTI,-0.0064060348440400094
2025-12-28 18:30:00+00:00,MARUTI,-0.0032537960954447387
2025-12-29 18:30:00+00:00,MARUTI,0.006347479143997026
2025-12-30 18:30:00+00:00,MARUTI,0.0030035441821349984
2025-12-31 18:30:00+00:00,MARUTI,0.0006588009822123819
2026-01-01 18:30:00+00:00,MARUTI,0.01508259516399324
2026-01-04 18:30:00+00:00,MARUTI,0.011497641509433887
2026-01-05 18:30:00+00:00,MARUTI,0.007986009909647374
2026-01-06 18:30:00+00:00,MARUTI,-0.02793199167244964
2026-01-07 18:30:00+00:00,MARUTI,-0.008626331132131626
2026-01-08 18:30:00+00:00,MARUTI,-0.009781565050408059
2026-01-11 18:30:00+00:00,MARUTI,0.004908793406460221
2026-01-12 18:30:00+00:00,MARUTI,-0.009407791581232616
2026-01-13 18:30:00+00:00,MARUTI,-0.01668087178862776
2026-01-14 18:30:00+00:00,MARUTI,0.0
2026-01-15 18:30:00+00:00,MARUTI,-0.018140168400198164
2026-01-18 18:30:00+00:00,MARUTI,0.019988649977930484
2026-01-19 18:30:00+00:00,MARUTI,-0.018360534124629124
2026-01-20 18:30:00+00:00,MARUTI,-0.006864412116632024
2026-01-21 18:30:00+00:00,MARUTI,-0.0003170577045021883
2026-01-22 18:30:00+00:00,MARUTI,-0.018775769108785312
2026-01-26 18:30:00+00:00,MARUTI,-0.01448057405132841
2026-01-27 18:30:00+00:00,MARUTI,-0.024139061987536903
2026-01-28 18:30:00+00:00,MARUTI,-0.02520669489816496
2026-01-29 18:30:00+00:00,MARUTI,0.00668873258860847
2026-02-01 18:30:00+00:00,MARUTI,-0.0147270360983629
2026-02-02 18:30:00+00:00,MARUTI,0.027669632925472643
2026-02-03 18:30:00+00:00,MARUTI,0.019550805033148322
2026-02-04 18:30:00+00:00,MARUTI,-0.0007962311724504234
2026-02-05 18:30:00+00:00,MARUTI,-0.0041171392522744155
2025-01-01 18:30:00+00:00,MAXHEALTH,0.017330695790877648
2025-01-02 18:30:00+00:00,MAXHEALTH,0.016388536573436197
2025-01-05 18:30:00+00:00,MAXHEALTH,-0.02134347350220911
2025-01-06 18:30:00+00:00,MAXHEALTH,0.03915198240803286
2025-01-07 18:30:00+00:00,MAXHEALTH,0.0040471903310446145
2025-01-08 18:30:00+00:00,MAXHEALTH,0.004488051246626101
2025-01-09 18:30:00+00:00,MAXHEALTH,-0.04856857906702294
2025-01-12 18:30:00+00:00,MAXHEALTH,-0.05865732651172695
2025-01-13 18:30:00+00:00,MAXHEALTH,0.002263466967980632
2025-01-14 18:30:00+00:00,MAXHEALTH,-0.04226192843127108
2025-01-15 18:30:00+00:00,MAXHEALTH,0.010490247865024172
2025-01-16 18:30:00+00:00,MAXHEALTH,-0.022191464923254745
2025-01-19 18:30:00+00:00,MAXHEALTH,0.037257117716150256
2025-01-20 18:30:00+00:00,MAXHEALTH,0.01248931842913259
2025-01-21 18:30:00+00:00,MAXHEALTH,-0.010944033238903583
2025-01-22 18:30:00+00:00,MAXHEALTH,0.015425607503197325
2025-01-23 18:30:00+00:00,MAXHEALTH,-0.025026516616138972
2025-01-26 18:30:00+00:00,MAXHEALTH,-0.024437605737414048
2025-01-27 18:30:00+00:00,MAXHEALTH,-0.008058616751457248
2025-01-28 18:30:00+00:00,MAXHEALTH,0.0032790013050691957
2025-01-29 18:30:00+00:00,MAXHEALTH,0.018390278476352107
2025-01-30 18:30:00+00:00,MAXHEALTH,0.01666900235945956
2025-01-31 18:30:00+00:00,MAXHEALTH,0.044287374367193655
2025-02-02 18:30:00+00:00,MAXHEALTH,0.033160390586171484
2025-02-03 18:30:00+00:00,MAXHEALTH,0.02558963427155936
2025-02-04 18:30:00+00:00,MAXHEALTH,-0.003917355568002545
2025-02-05 18:30:00+00:00,MAXHEALTH,-0.0375736968345558
2025-02-06 18:30:00+00:00,MAXHEALTH,0.015500709221090148
2025-02-09 18:30:00+00:00,MAXHEALTH,-0.06241248008001454
2025-02-10 18:30:00+00:00,MAXHEALTH,-0.04842092913108231
2025-02-11 18:30:00+00:00,MAXHEALTH,-0.014853639846008737
2025-02-12 18:30:00+00:00,MAXHEALTH,-0.003134945317553095
2025-02-13 18:30:00+00:00,MAXHEALTH,0.0019966913366533667
2025-02-16 18:30:00+00:00,MAXHEALTH,0.01096004054344979
2025-02-17 18:30:00+00:00,MAXHEALTH,0.023209884572985118
2025-02-18 18:30:00+00:00,MAXHEALTH,-0.01801190587879109
2025-02-19 18:30:00+00:00,MAXHEALTH,0.012113770874121688
2025-02-20 18:30:00+00:00,MAXHEALTH,-0.020933246414973072
2025-02-23 18:30:00+00:00,MAXHEALTH,-0.022073739458719044
2025-02-24 18:30:00+00:00,MAXHEALTH,0.03537629710594725
2025-02-26 18:30:00+00:00,MAXHEALTH,-0.006647838571334774
2025-02-27 18:30:00+00:00,MAXHEALTH,-0.03739787244777715
2025-03-02 18:30:00+00:00,MAXHEALTH,-0.004396278837655587
2025-03-03 18:30:00+00:00,MAXHEALTH,0.015044160993211042
2025-03-04 18:30:00+00:00,MAXHEALTH,0.03384091763044483
2025-03-05 18:30:00+00:00,MAXHEALTH,-0.021528552136656498
2025-03-06 18:30:00+00:00,MAXHEALTH,-0.01915191751094003
2025-03-09 18:30:00+00:00,MAXHEALTH,-0.016772930888162785
2025-03-10 18:30:00+00:00,MAXHEALTH,0.01970346393863953
2025-03-11 18:30:00+00:00,MAXHEALTH,0.006559544732609002
2025-03-12 18:30:00+00:00,MAXHEALTH,0.0009598470072893495
2025-03-16 18:30:00+00:00,MAXHEALTH,0.007267598927275243
2025-03-17 18:30:00+00:00,MAXHEALTH,0.0
2025-03-18 18:30:00+00:00,MAXHEALTH,0.08973838248325294
2025-03-19 18:30:00+00:00,MAXHEALTH,0.044507818616108086
2025-03-20 18:30:00+00:00,MAXHEALTH,0.030285691291239036
2025-03-23 18:30:00+00:00,MAXHEALTH,-0.020508398500444613
2025-03-24 18:30:00+00:00,MAXHEALTH,0.02311878222336805
2025-03-25 18:30:00+00:00,MAXHEALTH,-0.04280533308656631
2025-03-26 18:30:00+00:00,MAXHEALTH,0.0061022304043512055
2025-03-27 18:30:00+00:00,MAXHEALTH,-0.028732177582549645
2025-03-31 18:30:00+00:00,MAXHEALTH,-0.012170092746585981
2025-04-01 18:30:00+00:00,MAXHEALTH,0.010289829753596047
2025-04-02 18:30:00+00:00,MAXHEALTH,0.02425212285753675
2025-04-03 18:30:00+00:00,MAXHEALTH,0.014581309286806787
2025-04-06 18:30:00+00:00,MAXHEALTH,-0.05463016147902533
2025-04-07 18:30:00+00:00,MAXHEALTH,-0.0019061761356747864
2025-04-08 18:30:00+00:00,MAXHEALTH,0.04629941870989529
2025-04-10 18:30:00+00:00,MAXHEALTH,-0.030138494750953204
2025-04-14 18:30:00+00:00,MAXHEALTH,-0.013953929314302504
2025-04-15 18:30:00+00:00,MAXHEALTH,0.003165475484091518
2025-04-16 18:30:00+00:00,MAXHEALTH,0.006403752149612307
2025-04-20 18:30:00+00:00,MAXHEALTH,-0.010512820339436901
2025-04-21 18:30:00+00:00,MAXHEALTH,0.05191048082184224
2025-04-22 18:30:00+00:00,MAXHEALTH,0.0007974531738528245
2025-04-23 18:30:00+00:00,MAXHEALTH,-0.018767681591411067
2025-04-24 18:30:00+00:00,MAXHEALTH,-0.0369902708481471
2025-04-27 18:30:00+00:00,MAXHEALTH,0.030354146787600067
2025-04-28 18:30:00+00:00,MAXHEALTH,0.006910409696353259
2025-04-29 18:30:00+00:00,MAXHEALTH,-0.008307909459557172
2025-05-01 18:30:00+00:00,MAXHEALTH,-0.01019843571460044
2025-05-04 18:30:00+00:00,MAXHEALTH,0.04112231911171471
2025-05-05 18:30:00+00:00,MAXHEALTH,0.021472214423014613
2025-05-06 18:30:00+00:00,MAXHEALTH,-0.0034602888222130535
2025-05-07 18:30:00+00:00,MAXHEALTH,-0.03489574813293772
2025-05-08 18:30:00+00:00,MAXHEALTH,0.014301059383329262
2025-05-11 18:30:00+00:00,MAXHEALTH,0.028553763924455966
2025-05-12 18:30:00+00:00,MAXHEALTH,0.01043193889251759
2025-05-13 18:30:00+00:00,MAXHEALTH,0.003924834707305314
2025-05-14 18:30:00+00:00,MAXHEALTH,0.008414145295030595
2025-05-15 18:30:00+00:00,MAXHEALTH,-0.016350649758641977
2025-05-18 18:30:00+00:00,MAXHEALTH,0.017907586737108128
2025-05-19 18:30:00+00:00,MAXHEALTH,-0.019612837441226993
2025-05-20 18:30:00+00:00,MAXHEALTH,-0.019404055980216217
2025-05-21 18:30:00+00:00,MAXHEALTH,0.0053409741090146845
2025-05-22 18:30:00+00:00,MAXHEALTH,0.025169841830072537
2025-05-25 18:30:00+00:00,MAXHEALTH,-0.0025485667725116956
2025-05-26 18:30:00+00:00,MAXHEALTH,-0.012520165989028387
2025-05-27 18:30:00+00:00,MAXHEALTH,-0.00897019856310699
2025-05-28 18:30:00+00:00,MAXHEALTH,-0.012010518457237662
2025-05-29 18:30:00+00:00,MAXHEALTH,-0.008809066450608083
2025-06-01 18:30:00+00:00,MAXHEALTH,0.02346254968902506
2025-06-02 18:30:00+00:00,MAXHEALTH,-0.011028084057436716
2025-06-03 18:30:00+00:00,MAXHEALTH,0.008516903160868727
2025-06-04 18:30:00+00:00,MAXHEALTH,-0.00975093326211618
2025-06-05 18:30:00+00:00,MAXHEALTH,0.02707922054325418
2025-06-08 18:30:00+00:00,MAXHEALTH,0.022598922068451044
2025-06-09 18:30:00+00:00,MAXHEALTH,-0.01012891919013248
2025-06-10 18:30:00+00:00,MAXHEALTH,0.003890087861830427
2025-06-11 18:30:00+00:00,MAXHEALTH,0.012720010492598188
2025-06-12 18:30:00+00:00,MAXHEALTH,0.025453412449031987
2025-06-15 18:30:00+00:00,MAXHEALTH,0.011356281370022092
2025-06-16 18:30:00+00:00,MAXHEALTH,-0.016041049937889684
2025-06-17 18:30:00+00:00,MAXHEALTH,-0.036762372187813086
2025-06-18 18:30:00+00:00,MAXHEALTH,-0.015824574365457478
2025-06-19 18:30:00+00:00,MAXHEALTH,0.04368014299652745
2025-06-22 18:30:00+00:00,MAXHEALTH,-0.01944313470343151
2025-06-23 18:30:00+00:00,MAXHEALTH,0.0068056080370637595
2025-06-24 18:30:00+00:00,MAXHEALTH,0.03396477303427714
2025-06-25 18:30:00+00:00,MAXHEALTH,0.02219528556826078
2025-06-26 18:30:00+00:00,MAXHEALTH,0.010106618519418076
2025-06-29 18:30:00+00:00,MAXHEALTH,-0.0025794936274986524
2025-06-30 18:30:00+00:00,MAXHEALTH,0.0028996420247058285
2025-07-01 18:30:00+00:00,MAXHEALTH,0.003985304862786254
2025-07-02 18:30:00+00:00,MAXHEALTH,0.012920350615193588
2025-07-03 18:30:00+00:00,MAXHEALTH,-0.0013078492270617303
2025-07-06 18:30:00+00:00,MAXHEALTH,0.0010784351153292349
2025-07-07 18:30:00+00:00,MAXHEALTH,-0.0030009422032376554
2025-07-08 18:30:00+00:00,MAXHEALTH,-0.037277092365503584
2025-07-09 18:30:00+00:00,MAXHEALTH,0.0033669641571858477
2025-07-10 18:30:00+00:00,MAXHEALTH,-0.025886884824278145
2025-07-13 18:30:00+00:00,MAXHEALTH,0.024934404225363194
2025-07-14 18:30:00+00:00,MAXHEALTH,0.009202945122184225
2025-07-15 18:30:00+00:00,MAXHEALTH,0.004044069213123169
2025-07-16 18:30:00+00:00,MAXHEALTH,-0.017848662499963863
2025-07-17 18:30:00+00:00,MAXHEALTH,-0.022434886588765912
2025-07-20 18:30:00+00:00,MAXHEALTH,0.002056428477758887
2025-07-21 18:30:00+00:00,MAXHEALTH,0.0004926101463660348
2025-07-22 18:30:00+00:00,MAXHEALTH,0.030029516015468216
2025-07-23 18:30:00+00:00,MAXHEALTH,0.009558706202511758
2025-07-24 18:30:00+00:00,MAXHEALTH,0.01033610173078059
2025-07-27 18:30:00+00:00,MAXHEALTH,-0.018039809126073836
2025-07-28 18:30:00+00:00,MAXHEALTH,0.013440451794120012
2025-07-29 18:30:00+00:00,MAXHEALTH,-0.007612079471477573
2025-07-30 18:30:00+00:00,MAXHEALTH,-0.014708189107246694
2025-07-31 18:30:00+00:00,MAXHEALTH,0.0
2025-08-03 18:30:00+00:00,MAXHEALTH,0.0035313197544641906
2025-08-04 18:30:00+00:00,MAXHEALTH,0.01879398555755163
2025-08-05 18:30:00+00:00,MAXHEALTH,-0.002198013010803468
2025-08-06 18:30:00+00:00,MAXHEALTH,-0.004090906515420212
2025-08-07 18:30:00+00:00,MAXHEALTH,-0.01627298774677921
2025-08-10 18:30:00+00:00,MAXHEALTH,0.014454347783041221
2025-08-11 18:30:00+00:00,MAXHEALTH,-0.0021373174525657346
2025-08-12 18:30:00+00:00,MAXHEALTH,0.005156274889644319
2025-08-13 18:30:00+00:00,MAXHEALTH,-0.036619071350392884
2025-08-17 18:30:00+00:00,MAXHEALTH,-0.0074547193822703806
2025-08-18 18:30:00+00:00,MAXHEALTH,0.014691357862991694
2025-08-19 18:30:00+00:00,MAXHEALTH,-0.0030909783249241096
2025-08-20 18:30:00+00:00,MAXHEALTH,0.019990209275491333
2025-08-21 18:30:00+00:00,MAXHEALTH,-0.012319034249116179
2025-08-24 18:30:00+00:00,MAXHEALTH,-0.010771788518489256
2025-08-25 18:30:00+00:00,MAXHEALTH,-0.03111183825154218
2025-08-27 18:30:00+00:00,MAXHEALTH,-0.019604590809159883
2025-08-28 18:30:00+00:00,MAXHEALTH,-0.00508524615760475
2025-08-31 18:30:00+00:00,MAXHEALTH,0.023304081439708302
2025-09-01 18:30:00+00:00,MAXHEALTH,-0.016423893621484886
2025-09-02 18:30:00+00:00,MAXHEALTH,0.00017210463373329432
2025-09-03 18:30:00+00:00,MAXHEALTH,-0.001549095377043841
2025-09-04 18:30:00+00:00,MAXHEALTH,0.00844686195532618
2025-09-07 18:30:00+00:00,MAXHEALTH,-0.01743591830261748
2025-09-08 18:30:00+00:00,MAXHEALTH,0.002870606209297355
2025-09-09 18:30:00+00:00,MAXHEALTH,0.024113042041040256
2025-09-10 18:30:00+00:00,MAXHEALTH,-0.0011856546130628587
2025-09-11 18:30:00+00:00,MAXHEALTH,0.004154924226976053
2025-09-14 18:30:00+00:00,MAXHEALTH,-0.007431115622918427
2025-09-15 18:30:00+00:00,MAXHEALTH,-0.014207991233037842
2025-09-16 18:30:00+00:00,MAXHEALTH,-0.004228793087282301
2025-09-17 18:30:00+00:00,MAXHEALTH,0.01698732428191918
2025-09-18 18:30:00+00:00,MAXHEALTH,-0.011675535160337702
2025-09-21 18:30:00+00:00,MAXHEALTH,0.010261295951627503
2025-09-22 18:30:00+00:00,MAXHEALTH,-0.012461570408138445
2025-09-23 18:30:00+00:00,MAXHEALTH,-0.02057048299751507
2025-09-24 18:30:00+00:00,MAXHEALTH,0.003971055589392147
2025-09-25 18:30:00+00:00,MAXHEALTH,-0.012569154760956991
2025-09-28 18:30:00+00:00,MAXHEALTH,-0.01014778722299603
2025-09-29 18:30:00+00:00,MAXHEALTH,0.002428013643772431
2025-09-30 18:30:00+00:00,MAXHEALTH,-0.0013456535980135298
2025-10-02 18:30:00+00:00,MAXHEALTH,-0.03952569343331436
2025-10-05 18:30:00+00:00,MAXHEALTH,0.06593715228169428
2025-10-06 18:30:00+00:00,MAXHEALTH,-0.007896815289625936
2025-10-07 18:30:00+00:00,MAXHEALTH,0.01211645337738676
2025-10-08 18:30:00+00:00,MAXHEALTH,0.009961573025917492
2025-10-09 18:30:00+00:00,MAXHEALTH,0.0005190998101667343
2025-10-12 18:30:00+00:00,MAXHEALTH,-0.011328238766317167
2025-10-13 18:30:00+00:00,MAXHEALTH,0.015918788064891443
2025-10-14 18:30:00+00:00,MAXHEALTH,-0.004907405227615125
2025-10-15 18:30:00+00:00,MAXHEALTH,0.016871430330679837
2025-10-16 18:30:00+00:00,MAXHEALTH,0.02331311257161106
2025-10-19 18:30:00+00:00,MAXHEALTH,0.005737112076324102
2025-10-20 18:30:00+00:00,MAXHEALTH,-0.004629609539488322
2025-10-22 18:30:00+00:00,MAXHEALTH,0.005813953488372103
2025-10-23 18:30:00+00:00,MAXHEALTH,-0.02221306722878824
2025-10-26 18:30:00+00:00,MAXHEALTH,0.0019424447897542496
2025-10-27 18:30:00+00:00,MAXHEALTH,-0.005647398098711731
2025-10-28 18:30:00+00:00,MAXHEALTH,0.008307238479064116
2025-10-29 18:30:00+00:00,MAXHEALTH,-0.009247583018074823
2025-10-30 18:30:00+00:00,MAXHEALTH,-0.026050022207785295
2025-11-02 18:30:00+00:00,MAXHEALTH,-0.0016553618515720014
2025-11-03 18:30:00+00:00,MAXHEALTH,-0.0065450736017175215
2025-11-05 18:30:00+00:00,MAXHEALTH,-0.011419535946242787
2025-11-06 18:30:00+00:00,MAXHEALTH,0.008796893726048083
2025-11-09 18:30:00+00:00,MAXHEALTH,-0.03285479364387123
2025-11-10 18:30:00+00:00,MAXHEALTH,-0.002367919477174407
2025-11-11 18:30:00+00:00,MAXHEALTH,0.00748580517538433
2025-11-12 18:30:00+00:00,MAXHEALTH,-0.005074280273487997
2025-11-13 18:30:00+00:00,MAXHEALTH,0.00464478650813982
2025-11-16 18:30:00+00:00,MAXHEALTH,0.016770918692272874
2025-11-17 18:30:00+00:00,MAXHEALTH,-0.004368780778104653
2025-11-18 18:30:00+00:00,MAXHEALTH,0.0427152102873567
2025-11-19 18:30:00+00:00,MAXHEALTH,0.00386465124153923
2025-11-20 18:30:00+00:00,MAXHEALTH,0.01043712115412987
2025-11-23 18:30:00+00:00,MAXHEALTH,-0.021420647939020876
2025-11-24 18:30:00+00:00,MAXHEALTH,0.0019899002082102157
2025-11-25 18:30:00+00:00,MAXHEALTH,0.0038856748941067387
2025-11-26 18:30:00+00:00,MAXHEALTH,-0.0006880498663431878
2025-11-27 18:30:00+00:00,MAXHEALTH,0.0008607333086347868
2025-11-30 18:30:00+00:00,MAXHEALTH,-0.03216376233536833
2025-12-01 18:30:00+00:00,MAXHEALTH,-0.0070197478609222985
2025-12-02 18:30:00+00:00,MAXHEALTH,-0.028187919463087296
2025-12-03 18:30:00+00:00,MAXHEALTH,-0.0019336791767380346
2025-12-04 18:30:00+00:00,MAXHEALTH,0.012455023245615093
2025-12-07 18:30:00+00:00,MAXHEALTH,-0.016402405321259916
2025-12-08 18:30:00+00:00,MAXHEALTH,-0.004354338647285849
2025-12-09 18:30:00+00:00,MAXHEALTH,0.0022332041714949735
2025-12-10 18:30:00+00:00,MAXHEALTH,0.010026969708405886
2025-12-11 18:30:00+00:00,MAXHEALTH,-0.006066711497218935
2025-12-14 18:30:00+00:00,MAXHEALTH,0.0037917094245774052
2025-12-15 18:30:00+00:00,MAXHEALTH,-0.011424381919243554
2025-12-16 18:30:00+00:00,MAXHEALTH,-0.03904941697489517
2025-12-17 18:30:00+00:00,MAXHEALTH,0.016875205921884184
2025-12-18 18:30:00+00:00,MAXHEALTH,0.026037242563781593
2025-12-21 18:30:00+00:00,MAXHEALTH,0.0016731052947740466
2025-12-22 18:30:00+00:00,MAXHEALTH,-0.0022271941986241606
2025-12-23 18:30:00+00:00,MAXHEALTH,0.00576643742908467
2025-12-25 18:30:00+00:00,MAXHEALTH,-0.00656554043429447
2025-12-28 18:30:00+00:00,MAXHEALTH,-0.009494622338809378
2025-12-29 18:30:00+00:00,MAXHEALTH,-0.021896369976874164
2025-12-30 18:30:00+00:00,MAXHEALTH,0.004131366791012336
2025-12-31 18:30:00+00:00,MAXHEALTH,0.004114485626807385
2026-01-01 18:30:00+00:00,MAXHEALTH,0.01257856952999914
2026-01-04 18:30:00+00:00,MAXHEALTH,-0.01138714084692627
2026-01-05 18:30:00+00:00,MAXHEALTH,0.0010470971784268812
2026-01-06 18:30:00+00:00,MAXHEALTH,-0.01607077292355963
2026-01-07 18:30:00+00:00,MAXHEALTH,-0.004735578017763031
2026-01-08 18:30:00+00:00,MAXHEALTH,-0.01223542049297055
2026-01-11 18:30:00+00:00,MAXHEALTH,-0.0034408178902849418
2026-01-12 18:30:00+00:00,MAXHEALTH,0.014303974341752568
2026-01-13 18:30:00+00:00,MAXHEALTH,0.005251920512063801
2026-01-14 18:30:00+00:00,MAXHEALTH,0.0
2026-01-15 18:30:00+00:00,MAXHEALTH,0.003289497382326312
2026-01-18 18:30:00+00:00,MAXHEALTH,-0.022565115153387105
2026-01-19 18:30:00+00:00,MAXHEALTH,-0.020422209619637255
2026-01-20 18:30:00+00:00,MAXHEALTH,0.011380791132155732
2026-01-21 18:30:00+00:00,MAXHEALTH,-0.005377439104182313
2026-01-22 18:30:00+00:00,MAXHEALTH,-0.00740885409425962
2026-01-26 18:30:00+00:00,MAXHEALTH,-0.016037950395915712
2026-01-27 18:30:00+00:00,MAXHEALTH,-0.017324474027742065
2026-01-28 18:30:00+00:00,MAXHEALTH,-0.0062591280542569905
2026-01-29 18:30:00+00:00,MAXHEALTH,0.004408998860668367
2026-02-01 18:30:00+00:00,MAXHEALTH,0.001358682911323461
2026-02-02 18:30:00+00:00,MAXHEALTH,0.04738547705973728
2026-02-03 18:30:00+00:00,MAXHEALTH,0.02187339429185342
2026-02-04 18:30:00+00:00,MAXHEALTH,0.014969133928679934
2026-02-05 18:30:00+00:00,MAXHEALTH,-0.0009128297440581523
2025-01-01 18:30:00+00:00,NESTLEIND,0.01426766055263573
2025-01-02 18:30:00+00:00,NESTLEIND,0.014771410805481056
2025-01-05 18:30:00+00:00,NESTLEIND,-0.021364271240969845
2025-01-06 18:30:00+00:00,NESTLEIND,0.012654373479085379
2025-01-07 18:30:00+00:00,NESTLEIND,0.003276647679764322
2025-01-08 18:30:00+00:00,NESTLEIND,0.016284585439596322
2025-01-09 18:30:00+00:00,NESTLEIND,-0.003612539274021942
2025-01-12 18:30:00+00:00,NESTLEIND,-0.0046932212704627885
2025-01-13 18:30:00+00:00,NESTLEIND,-0.0081793518875376
2025-01-14 18:30:00+00:00,NESTLEIND,-0.008742597494410975
2025-01-15 18:30:00+00:00,NESTLEIND,-0.013797556962683366
2025-01-16 18:30:00+00:00,NESTLEIND,0.022080834257603987
2025-01-19 18:30:00+00:00,NESTLEIND,-0.001443192436995866
2025-01-20 18:30:00+00:00,NESTLEIND,-0.007926901346509863
2025-01-21 18:30:00+00:00,NESTLEIND,0.005167503973830145
2025-01-22 18:30:00+00:00,NESTLEIND,-0.0040085699531187124
2025-01-23 18:30:00+00:00,NESTLEIND,0.0040700539334603825
2025-01-26 18:30:00+00:00,NESTLEIND,-0.015014155648540806
2025-01-27 18:30:00+00:00,NESTLEIND,-0.008483691075196642
2025-01-28 18:30:00+00:00,NESTLEIND,0.01131560942987786
2025-01-29 18:30:00+00:00,NESTLEIND,0.01680653436909596
2025-01-30 18:30:00+00:00,NESTLEIND,0.04322739488113636
2025-01-31 18:30:00+00:00,NESTLEIND,0.006052131441978359
2025-02-02 18:30:00+00:00,NESTLEIND,-0.004339933840366017
2025-02-03 18:30:00+00:00,NESTLEIND,-0.007617336694311416
2025-02-04 18:30:00+00:00,NESTLEIND,-0.021961866941550112
2025-02-05 18:30:00+00:00,NESTLEIND,-0.004224001115399223
2025-02-06 18:30:00+00:00,NESTLEIND,-4.508437424333156e-05
2025-02-09 18:30:00+00:00,NESTLEIND,-0.0018200728893219553
2025-02-10 18:30:00+00:00,NESTLEIND,-0.011503570040932498
2025-02-11 18:30:00+00:00,NESTLEIND,-0.0007971235292228984
2025-02-12 18:30:00+00:00,NESTLEIND,-0.007384668142184525
2025-02-13 18:30:00+00:00,NESTLEIND,0.008404040522953737
2025-02-16 18:30:00+00:00,NESTLEIND,0.009404109313790432
2025-02-17 18:30:00+00:00,NESTLEIND,0.0026617447834362817
2025-02-18 18:30:00+00:00,NESTLEIND,-0.007851793175296273
2025-02-19 18:30:00+00:00,NESTLEIND,0.0008162887502398686
2025-02-20 18:30:00+00:00,NESTLEIND,0.003715876365766313
2025-02-23 18:30:00+00:00,NESTLEIND,0.002460512447622243
2025-02-24 18:30:00+00:00,NESTLEIND,0.013511147759840858
2025-02-26 18:30:00+00:00,NESTLEIND,0.0123533476046227
2025-02-27 18:30:00+00:00,NESTLEIND,-0.038868448969898384
2025-03-02 18:30:00+00:00,NESTLEIND,-0.0018723914512772666
2025-03-03 18:30:00+00:00,NESTLEIND,-0.017867383870294296
2025-03-04 18:30:00+00:00,NESTLEIND,0.02352681111614463
2025-03-05 18:30:00+00:00,NESTLEIND,0.0019115657920600881
2025-03-06 18:30:00+00:00,NESTLEIND,0.016922672071577827
2025-03-09 18:30:00+00:00,NESTLEIND,0.004444972025945182
2025-03-10 18:30:00+00:00,NESTLEIND,0.0013342998264127548
2025-03-11 18:30:00+00:00,NESTLEIND,-0.024828962374842778
2025-03-12 18:30:00+00:00,NESTLEIND,-0.0016169257842068019
2025-03-16 18:30:00+00:00,NESTLEIND,-0.008029351066681789
2025-03-17 18:30:00+00:00,NESTLEIND,0.0
2025-03-18 18:30:00+00:00,NESTLEIND,0.0044380472456084785
2025-03-19 18:30:00+00:00,NESTLEIND,0.01719329811358916
2025-03-20 18:30:00+00:00,NESTLEIND,0.021291376289706454
2025-03-23 18:30:00+00:00,NESTLEIND,-0.0023360051487283373
2025-03-24 18:30:00+00:00,NESTLEIND,-0.0038434729183529637
2025-03-25 18:30:00+00:00,NESTLEIND,-0.005055857109344086
2025-03-26 18:30:00+00:00,NESTLEIND,-0.0006239592438919139
2025-03-27 18:30:00+00:00,NESTLEIND,0.0038803295163292173
2025-03-31 18:30:00+00:00,NESTLEIND,-0.007441980065647669
2025-04-01 18:30:00+00:00,NESTLEIND,-0.010429739194180221
2025-04-02 18:30:00+00:00,NESTLEIND,0.0158094419798831
2025-04-03 18:30:00+00:00,NESTLEIND,0.007347581318703167
2025-04-06 18:30:00+00:00,NESTLEIND,-0.005812962051103487
2025-04-07 18:30:00+00:00,NESTLEIND,0.01173839797204601
2025-04-08 18:30:00+00:00,NESTLEIND,0.0305222249605277
2025-04-10 18:30:00+00:00,NESTLEIND,0.007057866813077851
2025-04-14 18:30:00+00:00,NESTLEIND,0.0027525889158244166
2025-04-15 18:30:00+00:00,NESTLEIND,0.006503864802389847
2025-04-16 18:30:00+00:00,NESTLEIND,0.013972189864825735
2025-04-20 18:30:00+00:00,NESTLEIND,-0.007117490718345332
2025-04-21 18:30:00+00:00,NESTLEIND,0.003292502535124253
2025-04-22 18:30:00+00:00,NESTLEIND,0.010841991434411113
2025-04-23 18:30:00+00:00,NESTLEIND,-8.215010008438828e-05
2025-04-24 18:30:00+00:00,NESTLEIND,-0.00809634982487728
2025-04-27 18:30:00+00:00,NESTLEIND,-0.0031075102334283677
2025-04-28 18:30:00+00:00,NESTLEIND,-0.007689160950815288
2025-04-29 18:30:00+00:00,NESTLEIND,0.0002932079311919189
2025-05-01 18:30:00+00:00,NESTLEIND,-0.023616033318474283
2025-05-04 18:30:00+00:00,NESTLEIND,-0.0015438708801744916
2025-05-05 18:30:00+00:00,NESTLEIND,0.012155250877598167
2025-05-06 18:30:00+00:00,NESTLEIND,-0.007680911077745933
2025-05-07 18:30:00+00:00,NESTLEIND,0.0009835810170444326
2025-05-08 18:30:00+00:00,NESTLEIND,-0.006536582304261129
2025-05-11 18:30:00+00:00,NESTLEIND,0.02511410297749994
2025-05-12 18:30:00+00:00,NESTLEIND,-0.005705231203266603
2025-05-13 18:30:00+00:00,NESTLEIND,8.434058454365179e-05
2025-05-14 18:30:00+00:00,NESTLEIND,0.011685853138094338
2025-05-15 18:30:00+00:00,NESTLEIND,0.004461934946201396
2025-05-18 18:30:00+00:00,NESTLEIND,-0.0004151499333887587
2025-05-19 18:30:00+00:00,NESTLEIND,-0.02047517709296054
2025-05-20 18:30:00+00:00,NESTLEIND,0.01445835564657827
2025-05-21 18:30:00+00:00,NESTLEIND,-0.012914857340071029
2025-05-22 18:30:00+00:00,NESTLEIND,0.022314427389213742
2025-05-25 18:30:00+00:00,NESTLEIND,0.016401685293173873
2025-05-26 18:30:00+00:00,NESTLEIND,0.002811642360939892
2025-05-27 18:30:00+00:00,NESTLEIND,-0.017026286444387195
2025-05-28 18:30:00+00:00,NESTLEIND,0.00661439104896977
2025-05-29 18:30:00+00:00,NESTLEIND,-0.015934339305968992
2025-06-01 18:30:00+00:00,NESTLEIND,0.004214990759937809
2025-06-02 18:30:00+00:00,NESTLEIND,-0.006192027846096626
2025-06-03 18:30:00+00:00,NESTLEIND,0.0025506654344531476
2025-06-04 18:30:00+00:00,NESTLEIND,0.0015851493976062336
2025-06-05 18:30:00+00:00,NESTLEIND,0.006621264375721303
2025-06-08 18:30:00+00:00,NESTLEIND,-0.0007859113134722762
2025-06-09 18:30:00+00:00,NESTLEIND,0.006665752944025494
2025-06-10 18:30:00+00:00,NESTLEIND,-0.005017711268758607
2025-06-11 18:30:00+00:00,NESTLEIND,-0.013888849265234815
2025-06-12 18:30:00+00:00,NESTLEIND,-0.0036886830068779686
2025-06-15 18:30:00+00:00,NESTLEIND,0.00546950698005122
2025-06-16 18:30:00+00:00,NESTLEIND,-0.011632863830492557
2025-06-17 18:30:00+00:00,NESTLEIND,-0.008975313036557186
2025-06-18 18:30:00+00:00,NESTLEIND,-0.009355972268101698
2025-06-19 18:30:00+00:00,NESTLEIND,0.017896389024594006
2025-06-22 18:30:00+00:00,NESTLEIND,-0.0005505421618491324
2025-06-23 18:30:00+00:00,NESTLEIND,0.0028400093911205015
2025-06-24 18:30:00+00:00,NESTLEIND,0.01631581996273357
2025-06-25 18:30:00+00:00,NESTLEIND,0.011229355984844869
2025-06-26 18:30:00+00:00,NESTLEIND,0.011228136409159761
2025-06-29 18:30:00+00:00,NESTLEIND,0.002684360831189503
2025-06-30 18:30:00+00:00,NESTLEIND,-0.022390739872360288
2025-07-01 18:30:00+00:00,NESTLEIND,-0.009169793100528123
2025-07-02 18:30:00+00:00,NESTLEIND,0.00016752704483113945
2025-07-03 18:30:00+00:00,NESTLEIND,0.006054525821521661
2025-07-06 18:30:00+00:00,NESTLEIND,0.012245035712464825
2025-07-07 18:30:00+00:00,NESTLEIND,-0.0017340510324398428
2025-07-08 18:30:00+00:00,NESTLEIND,0.004094498836306748
2025-07-09 18:30:00+00:00,NESTLEIND,-0.010874072010067515
2025-07-10 18:30:00+00:00,NESTLEIND,0.0008744481547304783
2025-07-13 18:30:00+00:00,NESTLEIND,-0.004410190170047179
2025-07-14 18:30:00+00:00,NESTLEIND,0.009778960934624603
2025-07-15 18:30:00+00:00,NESTLEIND,0.018085504940260178
2025-07-16 18:30:00+00:00,NESTLEIND,-0.004430929799791428
2025-07-17 18:30:00+00:00,NESTLEIND,0.009431987093545091
2025-07-20 18:30:00+00:00,NESTLEIND,0.000161838774425771
2025-07-21 18:30:00+00:00,NESTLEIND,-0.011768937185147932
2025-07-22 18:30:00+00:00,NESTLEIND,0.0036832375523476735
2025-07-23 18:30:00+00:00,NESTLEIND,-0.05317022127319282
2025-07-24 18:30:00+00:00,NESTLEIND,-0.02045560130842272
2025-07-27 18:30:00+00:00,NESTLEIND,-0.01991565525271588
2025-07-28 18:30:00+00:00,NESTLEIND,-0.002512062911788626
2025-07-29 18:30:00+00:00,NESTLEIND,0.003507752532683872
2025-07-30 18:30:00+00:00,NESTLEIND,0.0072595956062715405
2025-07-31 18:30:00+00:00,NESTLEIND,0.012813173723056348
2025-08-03 18:30:00+00:00,NESTLEIND,0.0003952786520415863
2025-08-04 18:30:00+00:00,NESTLEIND,-0.004434834755601802
2025-08-05 18:30:00+00:00,NESTLEIND,-0.014995795707887116
2025-08-06 18:30:00+00:00,NESTLEIND,0.0005821856041117179
2025-08-07 18:30:00+00:00,NESTLEIND,-0.01861635344478163
2025-08-10 18:30:00+00:00,NESTLEIND,0.0077519301755450964
2025-08-11 18:30:00+00:00,NESTLEIND,-0.012579261799985808
2025-08-12 18:30:00+00:00,NESTLEIND,0.005315798999155463
2025-08-13 18:30:00+00:00,NESTLEIND,-0.006837444266046044
2025-08-17 18:30:00+00:00,NESTLEIND,0.05021112067450462
2025-08-18 18:30:00+00:00,NESTLEIND,0.015120998020196286
2025-08-19 18:30:00+00:00,NESTLEIND,0.024883822376947196
2025-08-20 18:30:00+00:00,NESTLEIND,-0.009157325602712318
2025-08-21 18:30:00+00:00,NESTLEIND,-0.013990254284159565
2025-08-24 18:30:00+00:00,NESTLEIND,-0.008513170745298448
2025-08-25 18:30:00+00:00,NESTLEIND,0.007979113225363488
2025-08-27 18:30:00+00:00,NESTLEIND,0.00017212950812983685
2025-08-28 18:30:00+00:00,NESTLEIND,-0.0053338294314875245
2025-08-31 18:30:00+00:00,NESTLEIND,0.01574135581482783
2025-09-01 18:30:00+00:00,NESTLEIND,0.02256469078707224
2025-09-02 18:30:00+00:00,NESTLEIND,-0.005079539042792569
2025-09-03 18:30:00+00:00,NESTLEIND,0.014897835081620903
2025-09-04 18:30:00+00:00,NESTLEIND,-0.0033811815340343276
2025-09-07 18:30:00+00:00,NESTLEIND,-0.0172114643165181
2025-09-08 18:30:00+00:00,NESTLEIND,0.012208562889077124
2025-09-09 18:30:00+00:00,NESTLEIND,0.012726716815365302
2025-09-10 18:30:00+00:00,NESTLEIND,0.002710429225217137
2025-09-11 18:30:00+00:00,NESTLEIND,-0.0026212696620357967
2025-09-14 18:30:00+00:00,NESTLEIND,-0.0041885839491809795
2025-09-15 18:30:00+00:00,NESTLEIND,-0.006845314100701216
2025-09-16 18:30:00+00:00,NESTLEIND,8.306298793780975e-05
2025-09-17 18:30:00+00:00,NESTLEIND,0.003985673181321259
2025-09-18 18:30:00+00:00,NESTLEIND,-0.012075106204416763
2025-09-21 18:30:00+00:00,NESTLEIND,-0.00519038981094333
2025-09-22 18:30:00+00:00,NESTLEIND,-0.01674657554761394
2025-09-23 18:30:00+00:00,NESTLEIND,0.008729815014139053
2025-09-24 18:30:00+00:00,NESTLEIND,-0.004327184507065374
2025-09-25 18:30:00+00:00,NESTLEIND,-0.009288423685067326
2025-09-28 18:30:00+00:00,NESTLEIND,-0.008687437413397503
2025-09-29 18:30:00+00:00,NESTLEIND,0.0003470499529367732
2025-09-30 18:30:00+00:00,NESTLEIND,0.011709697356927062
2025-10-02 18:30:00+00:00,NESTLEIND,0.0030006827768616073
2025-10-05 18:30:00+00:00,NESTLEIND,0.010086174927391944
2025-10-06 18:30:00+00:00,NESTLEIND,-0.00414644025549149
2025-10-07 18:30:00+00:00,NESTLEIND,0.0031440539241698318
2025-10-08 18:30:00+00:00,NESTLEIND,0.006183877007374106
2025-10-09 18:30:00+00:00,NESTLEIND,0.009850071356214407
2025-10-12 18:30:00+00:00,NESTLEIND,-0.009503930768140711
2025-10-13 18:30:00+00:00,NESTLEIND,-0.010605178496315482
2025-10-14 18:30:00+00:00,NESTLEIND,0.039047260785491034
2025-10-15 18:30:00+00:00,NESTLEIND,0.04519403531579713
2025-10-16 18:30:00+00:00,NESTLEIND,0.010104937180263951
2025-10-19 18:30:00+00:00,NESTLEIND,-0.0031795429574745793
2025-10-20 18:30:00+00:00,NESTLEIND,0.0014782141012001926
2025-10-22 18:30:00+00:00,NESTLEIND,-0.011263874268979346
2025-10-23 18:30:00+00:00,NESTLEIND,0.007228093148204273
2025-10-26 18:30:00+00:00,NESTLEIND,0.0007800304545027004
2025-10-27 18:30:00+00:00,NESTLEIND,-0.009353069774765244
2025-10-28 18:30:00+00:00,NESTLEIND,0.0015735626032844507
2025-10-29 18:30:00+00:00,NESTLEIND,0.0054202425780536245
2025-10-30 18:30:00+00:00,NESTLEIND,-0.00648483718147197
2025-11-02 18:30:00+00:00,NESTLEIND,-0.003853486442003229
2025-11-03 18:30:00+00:00,NESTLEIND,-0.0013420105897822276
2025-11-05 18:30:00+00:00,NESTLEIND,0.0008694867583241006
2025-11-06 18:30:00+00:00,NESTLEIND,-0.0026853901129408886
2025-11-09 18:30:00+00:00,NESTLEIND,0.00015842948366850962
2025-11-10 18:30:00+00:00,NESTLEIND,0.004117542275264174
2025-11-11 18:30:00+00:00,NESTLEIND,0.007964586267645624
2025-11-12 18:30:00+00:00,NESTLEIND,-0.002347048421460163
2025-11-13 18:30:00+00:00,NESTLEIND,-0.002823007026045987
2025-11-16 18:30:00+00:00,NESTLEIND,-0.0010222944545834611
2025-11-17 18:30:00+00:00,NESTLEIND,-0.004093652283507443
2025-11-18 18:30:00+00:00,NESTLEIND,0.010987341536376816
2025-11-19 18:30:00+00:00,NESTLEIND,0.00015631444132413463
2025-11-20 18:30:00+00:00,NESTLEIND,0.0011726068223996133
2025-11-23 18:30:00+00:00,NESTLEIND,-0.008979456266716923
2025-11-24 18:30:00+00:00,NESTLEIND,-0.004727383033580113
2025-11-25 18:30:00+00:00,NESTLEIND,0.0107664145461146
2025-11-26 18:30:00+00:00,NESTLEIND,-0.008145432007318432
2025-11-27 18:30:00+00:00,NESTLEIND,-0.004185145770705945
2025-11-30 18:30:00+00:00,NESTLEIND,-0.00039647890915162076
2025-12-01 18:30:00+00:00,NESTLEIND,-0.0013485045531378415
2025-12-02 18:30:00+00:00,NESTLEIND,-0.013503839668177364
2025-12-03 18:30:00+00:00,NESTLEIND,0.00040260851579265733
2025-12-04 18:30:00+00:00,NESTLEIND,0.00362201838668752
2025-12-07 18:30:00+00:00,NESTLEIND,-0.025743839588194595
2025-12-08 18:30:00+00:00,NESTLEIND,0.000823179972116117
2025-12-09 18:30:00+00:00,NESTLEIND,-0.005346268877289617
2025-12-10 18:30:00+00:00,NESTLEIND,0.004713405117793945
2025-12-11 18:30:00+00:00,NESTLEIND,0.01917699790572147
2025-12-14 18:30:00+00:00,NESTLEIND,0.004199341148448887
2025-12-15 18:30:00+00:00,NESTLEIND,-0.0023322037163661102
2025-12-16 18:30:00+00:00,NESTLEIND,-0.004836365096892559
2025-12-17 18:30:00+00:00,NESTLEIND,-0.0008908964931760854
2025-12-18 18:30:00+00:00,NESTLEIND,0.008836615005241466
2025-12-21 18:30:00+00:00,NESTLEIND,0.010286032253842725
2025-12-22 18:30:00+00:00,NESTLEIND,-0.0005567337893871427
2025-12-23 18:30:00+00:00,NESTLEIND,0.002546695771389107
2025-12-25 18:30:00+00:00,NESTLEIND,0.010240602023861012
2025-12-28 18:30:00+00:00,NESTLEIND,0.005814842193023528
2025-12-29 18:30:00+00:00,NESTLEIND,-0.004609351403957018
2025-12-30 18:30:00+00:00,NESTLEIND,0.010909631737678005
2025-12-31 18:30:00+00:00,NESTLEIND,0.005434777430065596
2026-01-01 18:30:00+00:00,NESTLEIND,-0.011814717480740033
2026-01-04 18:30:00+00:00,NESTLEIND,0.027272069016942124
2026-01-05 18:30:00+00:00,NESTLEIND,0.004031696782792693
2026-01-06 18:30:00+00:00,NESTLEIND,-0.0038639438020500183
2026-01-07 18:30:00+00:00,NESTLEIND,-0.006008493791795577
2026-01-08 18:30:00+00:00,NESTLEIND,-0.005968372275424683
2026-01-11 18:30:00+00:00,NESTLEIND,0.010237903796070702
2026-01-12 18:30:00+00:00,NESTLEIND,0.004800323487863523
2026-01-13 18:30:00+00:00,NESTLEIND,-0.008796552148401804
2026-01-14 18:30:00+00:00,NESTLEIND,0.0
2026-01-15 18:30:00+00:00,NESTLEIND,0.006732511062405022
2026-01-18 18:30:00+00:00,NESTLEIND,-0.00022803657986536496
2026-01-19 18:30:00+00:00,NESTLEIND,-0.015126238406779291
2026-01-20 18:30:00+00:00,NESTLEIND,-0.009647286308819392
2026-01-21 18:30:00+00:00,NESTLEIND,0.01776812121210969
2026-01-22 18:30:00+00:00,NESTLEIND,-0.009341435603062664
2026-01-26 18:30:00+00:00,NESTLEIND,0.0073427040096119
2026-01-27 18:30:00+00:00,NESTLEIND,-0.00836345223917323
2026-01-28 18:30:00+00:00,NESTLEIND,-0.0034818909100577944
2026-01-29 18:30:00+00:00,NESTLEIND,0.034552435104893586
2026-02-01 18:30:00+00:00,NESTLEIND,-0.018087661791572618
2026-02-02 18:30:00+00:00,NESTLEIND,-0.0002293612621867558
2026-02-03 18:30:00+00:00,NESTLEIND,-0.003669777625231352
2026-02-04 18:30:00+00:00,NESTLEIND,0.00023025887972893955
2026-02-05 18:30:00+00:00,NESTLEIND,0.005244927750192918
2025-01-01 18:30:00+00:00,NTPC,0.01303763164908478
2025-01-02 18:30:00+00:00,NTPC,0.0054734712320083645
2025-01-05 18:30:00+00:00,NTPC,-0.036339686981696206
2025-01-06 18:30:00+00:00,NTPC,0.003358760996385435
2025-01-07 18:30:00+00:00,NTPC,-0.009738215217726442
2025-01-08 18:30:00+00:00,NTPC,-0.015519393178300422
2025-01-09 18:30:00+00:00,NTPC,-0.037771087346975984
2025-01-12 18:30:00+00:00,NTPC,-0.03260336152560228
2025-01-13 18:30:00+00:00,NTPC,0.040911937085593264
2025-01-14 18:30:00+00:00,NTPC,0.035277071733951004
2025-01-15 18:30:00+00:00,NTPC,0.012914352164970833
2025-01-16 18:30:00+00:00,NTPC,0.001996837839020049
2025-01-19 18:30:00+00:00,NTPC,0.030354166463009147
2025-01-20 18:30:00+00:00,NTPC,-0.03496497912875751
2025-01-21 18:30:00+00:00,NTPC,-0.005858785827985602
2025-01-22 18:30:00+00:00,NTPC,0.0038771773506574014
2025-01-23 18:30:00+00:00,NTPC,0.0
2025-01-26 18:30:00+00:00,NTPC,-0.004480089045829638
2025-01-27 18:30:00+00:00,NTPC,-0.012259516115047275
2025-01-28 18:30:00+00:00,NTPC,0.009426546388556778
2025-01-29 18:30:00+00:00,NTPC,0.005447557992938945
2025-01-30 18:30:00+00:00,NTPC,0.010920330395261635
2025-01-31 18:30:00+00:00,NTPC,-0.019444315006236557
2025-02-02 18:30:00+00:00,NTPC,-0.020302153752293606
2025-02-03 18:30:00+00:00,NTPC,0.025220699867301466
2025-02-04 18:30:00+00:00,NTPC,0.0015670320948080185
2025-02-05 18:30:00+00:00,NTPC,-0.02127668541046468
2025-02-06 18:30:00+00:00,NTPC,0.013267401548183955
2025-02-09 18:30:00+00:00,NTPC,-0.020350293459493574
2025-02-10 18:30:00+00:00,NTPC,-0.0157810269152584
2025-02-11 18:30:00+00:00,NTPC,0.0021270101383519258
2025-02-12 18:30:00+00:00,NTPC,0.0014694436120064047
2025-02-13 18:30:00+00:00,NTPC,-0.020704410349468128
2025-02-16 18:30:00+00:00,NTPC,0.006658908316976575
2025-02-17 18:30:00+00:00,NTPC,0.029270791678148722
2025-02-18 18:30:00+00:00,NTPC,0.011568160523375504
2025-02-19 18:30:00+00:00,NTPC,0.03287797285866767
2025-02-20 18:30:00+00:00,NTPC,0.003382957818946153
2025-02-23 18:30:00+00:00,NTPC,-0.018850525141042018
2025-02-24 18:30:00+00:00,NTPC,-0.004373571397048526
2025-02-26 18:30:00+00:00,NTPC,-0.00941320588970107
2025-02-27 18:30:00+00:00,NTPC,-0.01346212956894155
2025-03-02 18:30:00+00:00,NTPC,0.009471715445647622
2025-03-03 18:30:00+00:00,NTPC,-0.0020674754980442023
2025-03-04 18:30:00+00:00,NTPC,0.03968148904669344
2025-03-05 18:30:00+00:00,NTPC,0.03586738881691365
2025-03-06 18:30:00+00:00,NTPC,-0.02471140502854663
2025-03-09 18:30:00+00:00,NTPC,-0.0004551834406374411
2025-03-10 18:30:00+00:00,NTPC,0.0027321541797622473
2025-03-11 18:30:00+00:00,NTPC,-0.0004541499193549958
2025-03-12 18:30:00+00:00,NTPC,0.005300759844203862
2025-03-16 18:30:00+00:00,NTPC,-0.0007532990098770842
2025-03-17 18:30:00+00:00,NTPC,0.0
2025-03-18 18:30:00+00:00,NTPC,0.029096976636737493
2025-03-19 18:30:00+00:00,NTPC,0.0013185382699607562
2025-03-20 18:30:00+00:00,NTPC,0.02794421239529843
2025-03-23 18:30:00+00:00,NTPC,0.044548973243064616
2025-03-24 18:30:00+00:00,NTPC,0.0
2025-03-25 18:30:00+00:00,NTPC,-0.033519632233593666
2025-03-26 18:30:00+00:00,NTPC,0.016918202837729712
2025-03-27 18:30:00+00:00,NTPC,-0.008457071291563256
2025-03-31 18:30:00+00:00,NTPC,-0.015240430529702476
2025-04-01 18:30:00+00:00,NTPC,-0.001135863507098267
2025-04-02 18:30:00+00:00,NTPC,0.020326848847768808
2025-04-03 18:30:00+00:00,NTPC,-0.02368344893770702
2025-04-06 18:30:00+00:00,NTPC,-0.0017123045822897698
2025-04-07 18:30:00+00:00,NTPC,0.009005219868363001
2025-04-08 18:30:00+00:00,NTPC,-0.010199777442297497
2025-04-10 18:30:00+00:00,NTPC,0.03077137710874145
2025-04-14 18:30:00+00:00,NTPC,0.006664808106569442
2025-04-15 18:30:00+00:00,NTPC,-0.008827547901248511
2025-04-16 18:30:00+00:00,NTPC,0.013081023449510676
2025-04-20 18:30:00+00:00,NTPC,0.0015109890700908402
2025-04-21 18:30:00+00:00,NTPC,-0.011795411474955664
2025-04-22 18:30:00+00:00,NTPC,0.009854237108934516
2025-04-23 18:30:00+00:00,NTPC,-0.0016492345459491187
2025-04-24 18:30:00+00:00,NTPC,-0.018584819190908375
2025-04-27 18:30:00+00:00,NTPC,0.014167526448336965
2025-04-28 18:30:00+00:00,NTPC,-0.012586375365640445
2025-04-29 18:30:00+00:00,NTPC,-0.006723798286577876
2025-05-01 18:30:00+00:00,NTPC,-0.016499710932817657
2025-05-04 18:30:00+00:00,NTPC,-0.0002867304953422245
2025-05-05 18:30:00+00:00,NTPC,-0.019506680301652923
2025-05-06 18:30:00+00:00,NTPC,0.0007313886514617174
2025-05-07 18:30:00+00:00,NTPC,-0.005993168560727624
2025-05-08 18:30:00+00:00,NTPC,-0.015441210747021317
2025-05-11 18:30:00+00:00,NTPC,0.04122477261020241
2025-05-12 18:30:00+00:00,NTPC,-0.020226704444150534
2025-05-13 18:30:00+00:00,NTPC,-0.008638261484180565
2025-05-14 18:30:00+00:00,NTPC,0.010042779840275573
2025-05-15 18:30:00+00:00,NTPC,0.003363131758552962
2025-05-18 18:30:00+00:00,NTPC,0.0059748267764920815
2025-05-19 18:30:00+00:00,NTPC,-0.007388010729400096
2025-05-20 18:30:00+00:00,NTPC,0.010361905562981555
2025-05-21 18:30:00+00:00,NTPC,-0.013722293784405815
2025-05-22 18:30:00+00:00,NTPC,0.00937312775532484
2025-05-25 18:30:00+00:00,NTPC,-0.0031921978717287525
2025-05-26 18:30:00+00:00,NTPC,-0.014410391311928339
2025-05-27 18:30:00+00:00,NTPC,0.004430551086279211
2025-05-28 18:30:00+00:00,NTPC,-0.0020584457854643246
2025-05-29 18:30:00+00:00,NTPC,-0.01606014158149094
2025-06-01 18:30:00+00:00,NTPC,-0.004043186864276849
2025-06-02 18:30:00+00:00,NTPC,-0.012930345919413777
2025-06-03 18:30:00+00:00,NTPC,0.003046510964376248
2025-06-04 18:30:00+00:00,NTPC,-0.0018223928086074093
2025-06-05 18:30:00+00:00,NTPC,0.01277965868109554
2025-06-08 18:30:00+00:00,NTPC,0.01276849789114598
2025-06-09 18:30:00+00:00,NTPC,0.006229656562352748
2025-06-10 18:30:00+00:00,NTPC,-0.0032429245827497732
2025-06-11 18:30:00+00:00,NTPC,-0.01301390143187009
2025-06-12 18:30:00+00:00,NTPC,-0.0052442741012269645
2025-06-15 18:30:00+00:00,NTPC,0.005271921502626897
2025-06-16 18:30:00+00:00,NTPC,0.004495038449249256
2025-06-17 18:30:00+00:00,NTPC,-0.008353290201330466
2025-06-18 18:30:00+00:00,NTPC,-0.007069813287197024
2025-06-19 18:30:00+00:00,NTPC,0.015603784570458634
2025-06-22 18:30:00+00:00,NTPC,-0.007756546519281704
2025-06-23 18:30:00+00:00,NTPC,-0.0079675800680441
2025-06-24 18:30:00+00:00,NTPC,0.0027276948315817506
2025-06-25 18:30:00+00:00,NTPC,0.01904182859116399
2025-06-26 18:30:00+00:00,NTPC,0.0034109196625016214
2025-06-29 18:30:00+00:00,NTPC,-0.010050294526674053
2025-06-30 18:30:00+00:00,NTPC,-0.006867578272126029
2025-07-01 18:30:00+00:00,NTPC,0.0034574869335377567
2025-07-02 18:30:00+00:00,NTPC,0.002546944806529172
2025-07-03 18:30:00+00:00,NTPC,0.0026896937604103943
2025-07-06 18:30:00+00:00,NTPC,0.005812255058799787
2025-07-07 18:30:00+00:00,NTPC,0.01703962149191085
2025-07-08 18:30:00+00:00,NTPC,0.0023309691428605728
2025-07-09 18:30:00+00:00,NTPC,-0.007412799220859356
2025-07-10 18:30:00+00:00,NTPC,0.003660874936909142
2025-07-13 18:30:00+00:00,NTPC,-0.001750777567343209
2025-07-14 18:30:00+00:00,NTPC,-0.00029235380798842137
2025-07-15 18:30:00+00:00,NTPC,0.001315839485350745
2025-07-16 18:30:00+00:00,NTPC,0.0005839270778986716
2025-07-17 18:30:00+00:00,NTPC,-0.0016050451694338275
2025-07-20 18:30:00+00:00,NTPC,-0.0016078086026549698
2025-07-21 18:30:00+00:00,NTPC,-0.002049497172541437
2025-07-22 18:30:00+00:00,NTPC,0.006454452806018196
2025-07-23 18:30:00+00:00,NTPC,-0.012097396408664474
2025-07-24 18:30:00+00:00,NTPC,-0.016819022259274563
2025-07-27 18:30:00+00:00,NTPC,-0.0007502659679224921
2025-07-28 18:30:00+00:00,NTPC,0.004955699096295341
2025-07-29 18:30:00+00:00,NTPC,0.012552216259166915
2025-07-30 18:30:00+00:00,NTPC,-0.013429677664622885
2025-07-31 18:30:00+00:00,NTPC,-0.010022506619056348
2025-08-03 18:30:00+00:00,NTPC,0.003324267436264572
2025-08-04 18:30:00+00:00,NTPC,0.004819303252588725
2025-08-05 18:30:00+00:00,NTPC,-0.0044964799685568435
2025-08-06 18:30:00+00:00,NTPC,-0.007076105674522881
2025-08-07 18:30:00+00:00,NTPC,0.015162977284648438
2025-08-10 18:30:00+00:00,NTPC,0.004182259923112497
2025-08-11 18:30:00+00:00,NTPC,0.01175074948230681
2025-08-12 18:30:00+00:00,NTPC,-0.0004410634999737484
2025-08-13 18:30:00+00:00,NTPC,-0.001765032491303553
2025-08-17 18:30:00+00:00,NTPC,-0.009724474155294982
2025-08-18 18:30:00+00:00,NTPC,-0.002975798775379679
2025-08-19 18:30:00+00:00,NTPC,0.02074327764410122
2025-08-20 18:30:00+00:00,NTPC,-0.009356775492615488
2025-08-21 18:30:00+00:00,NTPC,-0.005312886250001481
2025-08-24 18:30:00+00:00,NTPC,0.0025223822151698716
2025-08-25 18:30:00+00:00,NTPC,-0.013763563280785318
2025-08-27 18:30:00+00:00,NTPC,-0.007202966920706766
2025-08-28 18:30:00+00:00,NTPC,-0.009824694565511605
2025-08-31 18:30:00+00:00,NTPC,0.009617027763027197
2025-09-01 18:30:00+00:00,NTPC,0.016933630164311486
2025-09-02 18:30:00+00:00,NTPC,-0.006095638543890725
2025-09-03 18:30:00+00:00,NTPC,-0.0025689051429924614
2025-09-04 18:30:00+00:00,NTPC,-0.004090130565866823
2025-09-07 18:30:00+00:00,NTPC,-0.006084544575654549
2025-09-08 18:30:00+00:00,NTPC,-0.00795851110692003
2025-09-09 18:30:00+00:00,NTPC,0.004782529616216058
2025-09-10 18:30:00+00:00,NTPC,0.016582146050139857
2025-09-11 18:30:00+00:00,NTPC,0.001963578030144353
2025-09-14 18:30:00+00:00,NTPC,-0.0018088448577818772
2025-09-15 18:30:00+00:00,NTPC,0.01192981562314066
2025-09-16 18:30:00+00:00,NTPC,0.004029277789716845
2025-09-17 18:30:00+00:00,NTPC,0.001634980112366291
2025-09-18 18:30:00+00:00,NTPC,0.005045284054102872
2025-09-21 18:30:00+00:00,NTPC,0.0016241171833009105
2025-09-22 18:30:00+00:00,NTPC,0.01120283703426006
2025-09-23 18:30:00+00:00,NTPC,0.013411001174184811
2025-09-24 18:30:00+00:00,NTPC,-0.0204257319707557
2025-09-25 18:30:00+00:00,NTPC,-0.0076358728565741885
2025-09-28 18:30:00+00:00,NTPC,0.009026392371427772
2025-09-29 18:30:00+00:00,NTPC,-0.0014664604915133328
2025-09-30 18:30:00+00:00,NTPC,-0.000587482095458447
2025-10-02 18:30:00+00:00,NTPC,0.005143171067443664
2025-10-05 18:30:00+00:00,NTPC,-0.008479521612121843
2025-10-06 18:30:00+00:00,NTPC,-0.003243832644096223
2025-10-07 18:30:00+00:00,NTPC,-0.012426000325870157
2025-10-08 18:30:00+00:00,NTPC,0.006141331348556767
2025-10-09 18:30:00+00:00,NTPC,0.011463511220360045
2025-10-12 18:30:00+00:00,NTPC,0.005887609265321281
2025-10-13 18:30:00+00:00,NTPC,-0.014779158407346227
2025-10-14 18:30:00+00:00,NTPC,0.0077231987584962525
2025-10-15 18:30:00+00:00,NTPC,0.006632232086716705
2025-10-16 18:30:00+00:00,NTPC,-0.0014640987974304798
2025-10-19 18:30:00+00:00,NTPC,0.002785993808740894
2025-10-20 18:30:00+00:00,NTPC,0.0001460902362482308
2025-10-22 18:30:00+00:00,NTPC,0.0019006183855316827
2025-10-23 18:30:00+00:00,NTPC,-0.008901173248444194
2025-10-26 18:30:00+00:00,NTPC,0.006331011794939556
2025-10-27 18:30:00+00:00,NTPC,-0.007607943430807285
2025-10-28 18:30:00+00:00,NTPC,0.02462034386704981
2025-10-29 18:30:00+00:00,NTPC,-0.006762558214450487
2025-10-30 18:30:00+00:00,NTPC,-0.02375778325495803
2025-11-02 18:30:00+00:00,NTPC,-0.005193634160722604
2025-11-03 18:30:00+00:00,NTPC,-0.01372316404668672
2025-11-05 18:30:00+00:00,NTPC,-0.011948046636992005
2025-11-06 18:30:00+00:00,NTPC,0.006792275507225387
2025-11-09 18:30:00+00:00,NTPC,-0.001993196974232947
2025-11-10 18:30:00+00:00,NTPC,0.00368711190657689
2025-11-11 18:30:00+00:00,NTPC,0.0015307627588820871
2025-11-12 18:30:00+00:00,NTPC,-0.0006112940523644861
2025-11-13 18:30:00+00:00,NTPC,0.004587791844803402
2025-11-16 18:30:00+00:00,NTPC,0.005328120578135032
2025-11-17 18:30:00+00:00,NTPC,-0.005299882166899916
2025-11-18 18:30:00+00:00,NTPC,-0.005632464248512159
2025-11-19 18:30:00+00:00,NTPC,0.0
2025-11-20 18:30:00+00:00,NTPC,0.00015298671971719635
2025-11-23 18:30:00+00:00,NTPC,-0.009796335695463454
2025-11-24 18:30:00+00:00,NTPC,0.0007729534913190061
2025-11-25 18:30:00+00:00,NTPC,0.007414185408494145
2025-11-26 18:30:00+00:00,NTPC,0.0038331726474047922
2025-11-27 18:30:00+00:00,NTPC,-0.002749330561021446
2025-11-30 18:30:00+00:00,NTPC,0.001991154151688379
2025-12-01 18:30:00+00:00,NTPC,0.004585782157675133
2025-12-02 18:30:00+00:00,NTPC,-0.017194163835625775
2025-12-03 18:30:00+00:00,NTPC,0.0
2025-12-04 18:30:00+00:00,NTPC,0.0010836769610582664
2025-12-07 18:30:00+00:00,NTPC,-0.011753755190920923
2025-12-08 18:30:00+00:00,NTPC,0.0010954749273091036
2025-12-09 18:30:00+00:00,NTPC,0.005471284743484794
2025-12-10 18:30:00+00:00,NTPC,0.0031095041085265063
2025-12-11 18:30:00+00:00,NTPC,0.0075944454245799875
2025-12-14 18:30:00+00:00,NTPC,-0.0033840278501688914
2025-12-15 18:30:00+00:00,NTPC,-0.009106318242098399
2025-12-16 18:30:00+00:00,NTPC,0.0007787571897344137
2025-12-17 18:30:00+00:00,NTPC,-0.008560333182712099
2025-12-18 18:30:00+00:00,NTPC,0.004395657863894842
2025-12-21 18:30:00+00:00,NTPC,0.0025007843185502754
2025-12-22 18:30:00+00:00,NTPC,0.007951329411423957
2025-12-23 18:30:00+00:00,NTPC,-0.002165532851778229
2025-12-25 18:30:00+00:00,NTPC,0.004805474103251495
2025-12-28 18:30:00+00:00,NTPC,0.004319706883809227
2025-12-29 18:30:00+00:00,NTPC,-0.0018433672502577991
2025-12-30 18:30:00+00:00,NTPC,0.014312053472903319
2025-12-31 18:30:00+00:00,NTPC,0.020482512371735373
2026-01-01 18:30:00+00:00,NTPC,0.04698187048654767
2026-01-04 18:30:00+00:00,NTPC,-0.004260092799340254
2026-01-05 18:30:00+00:00,NTPC,0.0005704074308723328
2026-01-06 18:30:00+00:00,NTPC,-0.005558740209380741
2026-01-07 18:30:00+00:00,NTPC,-0.012756202678762874
2026-01-08 18:30:00+00:00,NTPC,-0.024390182930835946
2026-01-11 18:30:00+00:00,NTPC,0.00431542373458349
2026-01-12 18:30:00+00:00,NTPC,0.00133352103769524
2026-01-13 18:30:00+00:00,NTPC,0.033145939610568
2026-01-14 18:30:00+00:00,NTPC,0.0
2026-01-15 18:30:00+00:00,NTPC,-0.007877418882059506
2026-01-18 18:30:00+00:00,NTPC,-0.008661723848792935
2026-01-19 18:30:00+00:00,NTPC,-0.013397467516487627
2026-01-20 18:30:00+00:00,NTPC,-0.0001474995334476148
2026-01-21 18:30:00+00:00,NTPC,0.011071722673768436
2026-01-22 18:30:00+00:00,NTPC,-0.016790756984760624
2026-01-26 18:30:00+00:00,NTPC,0.023759957933626286
2026-01-27 18:30:00+00:00,NTPC,0.009718573482896842
2026-01-28 18:30:00+00:00,NTPC,0.029018830696881492
2026-01-29 18:30:00+00:00,NTPC,-0.006003046037404092
2026-02-01 18:30:00+00:00,NTPC,-0.015870793540540773
2026-02-02 18:30:00+00:00,NTPC,0.023405148827324584
2026-02-03 18:30:00+00:00,NTPC,0.024264361784554156
2026-02-04 18:30:00+00:00,NTPC,-0.0006806836709764008
2026-02-05 18:30:00+00:00,NTPC,0.0021962602415066534
2025-01-01 18:30:00+00:00,ONGC,0.03848906867781077
2025-01-02 18:30:00+00:00,ONGC,0.052099070858162566
2025-01-05 18:30:00+00:00,ONGC,-0.01749782728934479
2025-01-06 18:30:00+00:00,ONGC,0.035893892362179214
2025-01-07 18:30:00+00:00,ONGC,0.029754555362972113
2025-01-08 18:30:00+00:00,ONGC,-0.03003723597932695
2025-01-09 18:30:00+00:00,ONGC,-0.0006080280901182844
2025-01-12 18:30:00+00:00,ONGC,-0.027716478238375863
2025-01-13 18:30:00+00:00,ONGC,0.018144180486270756
2025-01-14 18:30:00+00:00,ONGC,-0.00841115586957275
2025-01-15 18:30:00+00:00,ONGC,0.019366372711169477
2025-01-16 18:30:00+00:00,ONGC,0.012880950852645956
2025-01-19 18:30:00+00:00,ONGC,0.010466273560359118
2025-01-20 18:30:00+00:00,ONGC,-0.013216567824253844
2025-01-21 18:30:00+00:00,ONGC,-0.0065839110069128015
2025-01-22 18:30:00+00:00,ONGC,-0.003787108546782436
2025-01-23 18:30:00+00:00,ONGC,-0.024862079590509123
2025-01-26 18:30:00+00:00,ONGC,-0.02233840464549741
2025-01-27 18:30:00+00:00,ONGC,-0.008373877194681412
2025-01-28 18:30:00+00:00,ONGC,0.010937757402028625
2025-01-29 18:30:00+00:00,ONGC,0.021161445372035015
2025-01-30 18:30:00+00:00,ONGC,0.02294321331974647
2025-01-31 18:30:00+00:00,ONGC,-0.019268002540658413
2025-02-02 18:30:00+00:00,ONGC,-0.03319740310366015
2025-02-03 18:30:00+00:00,ONGC,0.020481954388823054
2025-02-04 18:30:00+00:00,ONGC,0.029712604132125398
2025-02-05 18:30:00+00:00,ONGC,-0.021020428140340774
2025-02-06 18:30:00+00:00,ONGC,-0.008958820909868215
2025-02-09 18:30:00+00:00,ONGC,-0.025914003735959645
2025-02-10 18:30:00+00:00,ONGC,-0.014435966459302008
2025-02-11 18:30:00+00:00,ONGC,-0.006486732559289665
2025-02-12 18:30:00+00:00,ONGC,-0.010320115344762959
2025-02-13 18:30:00+00:00,ONGC,-0.018940180356807446
2025-02-16 18:30:00+00:00,ONGC,0.013665868605829301
2025-02-17 18:30:00+00:00,ONGC,0.012625837507094895
2025-02-18 18:30:00+00:00,ONGC,0.007185069147747303
2025-02-19 18:30:00+00:00,ONGC,0.015107047739835178
2025-02-20 18:30:00+00:00,ONGC,-0.008267879074115636
2025-02-23 18:30:00+00:00,ONGC,-0.023134592972774315
2025-02-24 18:30:00+00:00,ONGC,-0.005760687803606168
2025-02-26 18:30:00+00:00,ONGC,-0.008583623541332908
2025-02-27 18:30:00+00:00,ONGC,-0.024891807213260453
2025-03-02 18:30:00+00:00,ONGC,-0.0005327357985549508
2025-03-03 18:30:00+00:00,ONGC,0.007240161768285347
2025-03-04 18:30:00+00:00,ONGC,0.009613750026421286
2025-03-05 18:30:00+00:00,ONGC,0.015986759807275597
2025-03-06 18:30:00+00:00,ONGC,0.0012467174267287717
2025-03-09 18:30:00+00:00,ONGC,-0.0416505113928588
2025-03-10 18:30:00+00:00,ONGC,0.015816118784383493
2025-03-11 18:30:00+00:00,ONGC,-0.010232963642522463
2025-03-12 18:30:00+00:00,ONGC,0.004590016617564752
2025-03-16 18:30:00+00:00,ONGC,0.01911904988298363
2025-03-17 18:30:00+00:00,ONGC,0.0
2025-03-18 18:30:00+00:00,ONGC,0.01231832631919172
2025-03-19 18:30:00+00:00,ONGC,0.012985291255838138
2025-03-20 18:30:00+00:00,ONGC,0.028991029203549346
2025-03-23 18:30:00+00:00,ONGC,0.005816355781227189
2025-03-24 18:30:00+00:00,ONGC,-0.006479878225389535
2025-03-25 18:30:00+00:00,ONGC,-0.010443754813793671
2025-03-26 18:30:00+00:00,ONGC,0.010220236951535844
2025-03-27 18:30:00+00:00,ONGC,0.017384472642422155
2025-03-31 18:30:00+00:00,ONGC,0.0068593574048461115
2025-04-01 18:30:00+00:00,ONGC,0.010359954558835538
2025-04-02 18:30:00+00:00,ONGC,-0.02924518092602124
2025-04-03 18:30:00+00:00,ONGC,-0.0711026980412055
2025-04-06 18:30:00+00:00,ONGC,-0.027299623416066843
2025-04-07 18:30:00+00:00,ONGC,0.031022569465417815
2025-04-08 18:30:00+00:00,ONGC,-0.02082417713082385
2025-04-10 18:30:00+00:00,ONGC,0.037983194705347945
2025-04-14 18:30:00+00:00,ONGC,0.010070764325109893
2025-04-15 18:30:00+00:00,ONGC,0.03665828211598621
2025-04-16 18:30:00+00:00,ONGC,0.00941048459673155
2025-04-20 18:30:00+00:00,ONGC,0.02583262699571698
2025-04-21 18:30:00+00:00,ONGC,-0.008006983547768187
2025-04-22 18:30:00+00:00,ONGC,0.017717249437488647
2025-04-23 18:30:00+00:00,ONGC,-0.01110354633088595
2025-04-24 18:30:00+00:00,ONGC,-0.012190697606710543
2025-04-27 18:30:00+00:00,ONGC,0.01733445767403352
2025-04-28 18:30:00+00:00,ONGC,-0.019632925497161557
2025-04-29 18:30:00+00:00,ONGC,-0.005006460123934242
2025-05-01 18:30:00+00:00,ONGC,-0.006995286246542665
2025-05-04 18:30:00+00:00,ONGC,-0.01458354562497477
2025-05-05 18:30:00+00:00,ONGC,-0.009197271735776336
2025-05-06 18:30:00+00:00,ONGC,0.007046361315059979
2025-05-07 18:30:00+00:00,ONGC,-0.022834856524041047
2025-05-08 18:30:00+00:00,ONGC,0.007460822997694683
2025-05-11 18:30:00+00:00,ONGC,0.038559681785962585
2025-05-12 18:30:00+00:00,ONGC,-0.011720335093404533
2025-05-13 18:30:00+00:00,ONGC,0.020111070159369415
2025-05-14 18:30:00+00:00,ONGC,0.0065038391271574625
2025-05-15 18:30:00+00:00,ONGC,-0.0013731549975041224
2025-05-18 18:30:00+00:00,ONGC,-0.002790442751054889
2025-05-19 18:30:00+00:00,ONGC,0.010868675749824419
2025-05-20 18:30:00+00:00,ONGC,-0.00232690521669221
2025-05-21 18:30:00+00:00,ONGC,-0.028188815787769106
2025-05-22 18:30:00+00:00,ONGC,0.010634376242202759
2025-05-25 18:30:00+00:00,ONGC,0.006960315002558115
2025-05-26 18:30:00+00:00,ONGC,-0.005692470856182408
2025-05-27 18:30:00+00:00,ONGC,-0.0076469736183742976
2025-05-28 18:30:00+00:00,ONGC,0.0015246667495136812
2025-05-29 18:30:00+00:00,ONGC,-0.014976974392275744
2025-06-01 18:30:00+00:00,ONGC,-0.00455297988792025
2025-06-02 18:30:00+00:00,ONGC,-0.00436403974277233
2025-06-03 18:30:00+00:00,ONGC,0.003287359488794994
2025-06-04 18:30:00+00:00,ONGC,-0.0011761891313707418
2025-06-05 18:30:00+00:00,ONGC,0.009631098797594717
2025-06-08 18:30:00+00:00,ONGC,0.011413802769288939
2025-06-09 18:30:00+00:00,ONGC,0.0077430036306660455
2025-06-10 18:30:00+00:00,ONGC,0.010789618243892019
2025-06-11 18:30:00+00:00,ONGC,0.0022642704477406905
2025-06-12 18:30:00+00:00,ONGC,0.014644219365070876
2025-06-15 18:30:00+00:00,ONGC,0.020993167709159266
2025-06-16 18:30:00+00:00,ONGC,-0.01744620369846206
2025-06-17 18:30:00+00:00,ONGC,-0.007728507139051599
2025-06-18 18:30:00+00:00,ONGC,0.004793047495045721
2025-06-19 18:30:00+00:00,ONGC,0.001311800538850827
2025-06-22 18:30:00+00:00,ONGC,-0.0020246721394932
2025-06-23 18:30:00+00:00,ONGC,-0.029676209802070086
2025-06-24 18:30:00+00:00,ONGC,-0.00824038493441881
2025-06-25 18:30:00+00:00,ONGC,0.011657235644631614
2025-06-26 18:30:00+00:00,ONGC,-0.007763619291127344
2025-06-29 18:30:00+00:00,ONGC,0.005682992989044289
2025-06-30 18:30:00+00:00,ONGC,-0.003439690709044374
2025-07-01 18:30:00+00:00,ONGC,-0.009450617556189256
2025-07-02 18:30:00+00:00,ONGC,0.012361533375370604
2025-07-03 18:30:00+00:00,ONGC,0.0048760846672462055
2025-07-06 18:30:00+00:00,ONGC,-0.015168846727678487
2025-07-07 18:30:00+00:00,ONGC,0.007121532051383772
2025-07-08 18:30:00+00:00,ONGC,0.00045230966071674317
2025-07-09 18:30:00+00:00,ONGC,-0.0010684948049235476
2025-07-10 18:30:00+00:00,ONGC,-0.005471275094643846
2025-07-13 18:30:00+00:00,ONGC,0.01017546950092485
2025-07-14 18:30:00+00:00,ONGC,-0.0022520870365138057
2025-07-15 18:30:00+00:00,ONGC,-0.003365214733655475
2025-07-16 18:30:00+00:00,ONGC,0.00420007950293777
2025-07-17 18:30:00+00:00,ONGC,0.010005333660514149
2025-07-20 18:30:00+00:00,ONGC,-0.005156028988706485
2025-07-21 18:30:00+00:00,ONGC,0.005590886504836856
2025-07-22 18:30:00+00:00,ONGC,-0.0034901027764312476
2025-07-23 18:30:00+00:00,ONGC,-0.002932162260391613
2025-07-24 18:30:00+00:00,ONGC,-0.018543583486852255
2025-07-27 18:30:00+00:00,ONGC,-0.0011235651572635286
2025-07-28 18:30:00+00:00,ONGC,0.005916155195757389
2025-07-29 18:30:00+00:00,ONGC,0.0015324340805684677
2025-07-30 18:30:00+00:00,ONGC,-0.0033497024208933857
2025-07-31 18:30:00+00:00,ONGC,-0.017468870539079973
2025-08-03 18:30:00+00:00,ONGC,-0.008277400393352896
2025-08-04 18:30:00+00:00,ONGC,-0.0014904466066508748
2025-08-05 18:30:00+00:00,ONGC,-0.003027967481854299
2025-08-06 18:30:00+00:00,ONGC,0.0006844710709801305
2025-08-07 18:30:00+00:00,ONGC,-0.00209466648376444
2025-08-10 18:30:00+00:00,ONGC,0.001499254008203943
2025-08-11 18:30:00+00:00,ONGC,0.007399882987098483
2025-08-12 18:30:00+00:00,ONGC,0.013374653368100953
2025-08-13 18:30:00+00:00,ONGC,-0.007248513862724293
2025-08-17 18:30:00+00:00,ONGC,0.005149017339813433
2025-08-18 18:30:00+00:00,ONGC,-0.0009237830181493267
2025-08-19 18:30:00+00:00,ONGC,-4.2070991793541346e-05
2025-08-20 18:30:00+00:00,ONGC,0.0015131003154003064
2025-08-21 18:30:00+00:00,ONGC,-0.008393134338555597
2025-08-24 18:30:00+00:00,ONGC,0.001989082525376329
2025-08-25 18:30:00+00:00,ONGC,-0.010854915171167434
2025-08-27 18:30:00+00:00,ONGC,-0.0034159493012086983
2025-08-28 18:30:00+00:00,ONGC,0.0013711036027239665
2025-08-31 18:30:00+00:00,ONGC,0.021436799312098964
2025-09-01 18:30:00+00:00,ONGC,0.003225524233266608
2025-09-02 18:30:00+00:00,ONGC,-0.0017537082569895057
2025-09-03 18:30:00+00:00,ONGC,-0.008830222032092161
2025-09-04 18:30:00+00:00,ONGC,-0.0067453001585618955
2025-09-07 18:30:00+00:00,ONGC,-0.006833840591036866
2025-09-08 18:30:00+00:00,ONGC,-0.005160613871161734
2025-09-09 18:30:00+00:00,ONGC,0.001772355058936137
2025-09-10 18:30:00+00:00,ONGC,0.00871664508462322
2025-09-11 18:30:00+00:00,ONGC,-0.002181730441800367
2025-09-14 18:30:00+00:00,ONGC,-0.004244387842776809
2025-09-15 18:30:00+00:00,ONGC,0.01218463766838096
2025-09-16 18:30:00+00:00,ONGC,0.007614135224711438
2025-09-17 18:30:00+00:00,ONGC,-0.00544584022147665
2025-09-18 18:30:00+00:00,ONGC,0.004669174463996617
2025-09-21 18:30:00+00:00,ONGC,0.0032954231430311065
2025-09-22 18:30:00+00:00,ONGC,-0.003410927198289948
2025-09-23 18:30:00+00:00,ONGC,0.007859419555489744
2025-09-24 18:30:00+00:00,ONGC,0.004821350238917832
2025-09-25 18:30:00+00:00,ONGC,-0.00688446828003475
2025-09-28 18:30:00+00:00,ONGC,0.008234589584739771
2025-09-29 18:30:00+00:00,ONGC,-0.0020001756219990563
2025-09-30 18:30:00+00:00,ONGC,0.014780769777801295
2025-10-02 18:30:00+00:00,ONGC,0.002551056014721498
2025-10-05 18:30:00+00:00,ONGC,0.009028999093834589
2025-10-06 18:30:00+00:00,ONGC,-0.002196373729302481
2025-10-07 18:30:00+00:00,ONGC,-0.01430788649837178
2025-10-08 18:30:00+00:00,ONGC,0.006534109238468311
2025-10-09 18:30:00+00:00,ONGC,0.012120402446226697
2025-10-12 18:30:00+00:00,ONGC,-0.009133715078273652
2025-10-13 18:30:00+00:00,ONGC,0.002458168796819038
2025-10-14 18:30:00+00:00,ONGC,0.012382986324691592
2025-10-15 18:30:00+00:00,ONGC,0.002543248669024445
2025-10-16 18:30:00+00:00,ONGC,-0.0026575908240478174
2025-10-19 18:30:00+00:00,ONGC,0.004239177008786843
2025-10-20 18:30:00+00:00,ONGC,-0.0024925971855851436
2025-10-22 18:30:00+00:00,ONGC,0.01688699903067392
2025-10-23 18:30:00+00:00,ONGC,0.010502988156729565
2025-10-26 18:30:00+00:00,ONGC,-0.0066285087127668785
2025-10-27 18:30:00+00:00,ONGC,-0.010779016218026571
2025-10-28 18:30:00+00:00,ONGC,0.020356020553004672
2025-10-29 18:30:00+00:00,ONGC,-0.004342043838345688
2025-10-30 18:30:00+00:00,ONGC,0.003300230507595092
2025-11-02 18:30:00+00:00,ONGC,0.008536556325630995
2025-11-03 18:30:00+00:00,ONGC,-0.020190193951748925
2025-11-05 18:30:00+00:00,ONGC,-0.003368325560655694
2025-11-06 18:30:00+00:00,ONGC,0.0027833048204854993
2025-11-09 18:30:00+00:00,ONGC,-0.0031720997539990137
2025-11-10 18:30:00+00:00,ONGC,-0.007756593966100067
2025-11-11 18:30:00+00:00,ONGC,0.017638853280890432
2025-11-12 18:30:00+00:00,ONGC,-0.0118179783162069
2025-11-13 18:30:00+00:00,ONGC,0.011231365862565568
2025-11-16 18:30:00+00:00,ONGC,0.0018174351258055665
2025-11-17 18:30:00+00:00,ONGC,-0.004434614351873645
2025-11-18 18:30:00+00:00,ONGC,0.00830128802223662
2025-11-19 18:30:00+00:00,ONGC,-0.0038152487881212283
2025-11-20 18:30:00+00:00,ONGC,-0.004434614351873645
2025-11-23 18:30:00+00:00,ONGC,-0.004859270957973338
2025-11-24 18:30:00+00:00,ONGC,-0.0016276455604655737
2025-11-25 18:30:00+00:00,ONGC,0.009578116104611345
2025-11-26 18:30:00+00:00,ONGC,-0.014937412167248865
2025-11-27 18:30:00+00:00,ONGC,-0.0030737704918032405
2025-11-30 18:30:00+00:00,ONGC,0.006495382655928861
2025-12-01 18:30:00+00:00,ONGC,-0.005268996999036268
2025-12-02 18:30:00+00:00,ONGC,-0.014453433155581563
2025-12-03 18:30:00+00:00,ONGC,0.009207530271391207
2025-12-04 18:30:00+00:00,ONGC,-0.004128307879445292
2025-12-07 18:30:00+00:00,ONGC,-0.011234056722112529
2025-12-08 18:30:00+00:00,ONGC,0.005534093752245228
2025-12-09 18:30:00+00:00,ONGC,-0.0022932082227977713
2025-12-10 18:30:00+00:00,ONGC,-0.0036775028154698575
2025-12-11 18:30:00+00:00,ONGC,-0.0016358348377072396
2025-12-14 18:30:00+00:00,ONGC,-0.01121753684992366
2025-12-15 18:30:00+00:00,ONGC,-0.01334182837568032
2025-12-16 18:30:00+00:00,ONGC,0.003014499496159395
2025-12-17 18:30:00+00:00,ONGC,-0.003907104236834158
2025-12-18 18:30:00+00:00,ONGC,0.003836204265726062
2025-12-21 18:30:00+00:00,ONGC,0.005539066896447231
2025-12-22 18:30:00+00:00,ONGC,0.005594042438956448
2025-12-23 18:30:00+00:00,ONGC,-0.00730392450032491
2025-12-25 18:30:00+00:00,ONGC,0.003251035175369177
2025-12-28 18:30:00+00:00,ONGC,0.0012365520250345874
2025-12-29 18:30:00+00:00,ONGC,-0.0005962637086719402
2025-12-30 18:30:00+00:00,ONGC,0.02428844547863096
2025-12-31 18:30:00+00:00,ONGC,-0.010150604841678845
2026-01-01 18:30:00+00:00,ONGC,0.01479366326108944
2026-01-04 18:30:00+00:00,ONGC,-0.013956805608682177
2026-01-05 18:30:00+00:00,ONGC,0.015960364190878984
2026-01-06 18:30:00+00:00,ONGC,-0.011699540444812029
2026-01-07 18:30:00+00:00,ONGC,-0.031958501914465254
2026-01-08 18:30:00+00:00,ONGC,0.011537456529561174
2026-01-11 18:30:00+00:00,ONGC,0.006920459657909328
2026-01-12 18:30:00+00:00,ONGC,0.034236951489403644
2026-01-13 18:30:00+00:00,ONGC,0.018254151163036525
2026-01-14 18:30:00+00:00,ONGC,0.0
2026-01-15 18:30:00+00:00,ONGC,-0.0042702234896591085
2026-01-18 18:30:00+00:00,ONGC,-0.016425931903833346
2026-01-19 18:30:00+00:00,ONGC,-0.01118835594535117
2026-01-20 18:30:00+00:00,ONGC,0.008236597747686147
2026-01-21 18:30:00+00:00,ONGC,0.006766511625564631
2026-01-22 18:30:00+00:00,ONGC,0.005983388987069738
2026-01-26 18:30:00+00:00,ONGC,0.010103050129165458
2026-01-27 18:30:00+00:00,ONGC,0.08320221769686009
2026-01-28 18:30:00+00:00,ONGC,0.02535567956155038
2026-01-29 18:30:00+00:00,ONGC,-0.02334878845032906
2026-02-01 18:30:00+00:00,ONGC,-0.055807536376066946
2026-02-02 18:30:00+00:00,ONGC,0.012010250397362476
2026-02-03 18:30:00+00:00,ONGC,0.03871600080556914
2026-02-04 18:30:00+00:00,ONGC,0.008428544285868034
2026-02-05 18:30:00+00:00,ONGC,-0.0009286775210386455
2025-01-01 18:30:00+00:00,POWERGRID,0.015302928464068666
2025-01-02 18:30:00+00:00,POWERGRID,0.002855722199378352
2025-01-05 18:30:00+00:00,POWERGRID,-0.03179875645381658
2025-01-06 18:30:00+00:00,POWERGRID,-0.003104635201499728
2025-01-07 18:30:00+00:00,POWERGRID,0.00524504562515804
2025-01-08 18:30:00+00:00,POWERGRID,-0.004565288895565289
2025-01-09 18:30:00+00:00,POWERGRID,-0.018181912082781637
2025-01-12 18:30:00+00:00,POWERGRID,-0.04037377250757834
2025-01-13 18:30:00+00:00,POWERGRID,0.009214186084066212
2025-01-14 18:30:00+00:00,POWERGRID,0.028940643421121903
2025-01-15 18:30:00+00:00,POWERGRID,-0.0033483768881336085
2025-01-16 18:30:00+00:00,POWERGRID,0.016630234347591033
2025-01-19 18:30:00+00:00,POWERGRID,0.012062207711706519
2025-01-20 18:30:00+00:00,POWERGRID,-0.012734765516576818
2025-01-21 18:30:00+00:00,POWERGRID,-0.015875651057281726
2025-01-22 18:30:00+00:00,POWERGRID,-0.010754396130023824
2025-01-23 18:30:00+00:00,POWERGRID,0.005095936843546145
2025-01-26 18:30:00+00:00,POWERGRID,-0.029913845388488847
2025-01-27 18:30:00+00:00,POWERGRID,-0.01062712261762
2025-01-28 18:30:00+00:00,POWERGRID,0.01373488977799231
2025-01-29 18:30:00+00:00,POWERGRID,0.02605515428087246
2025-01-30 18:30:00+00:00,POWERGRID,0.021330490278561154
2025-01-31 18:30:00+00:00,POWERGRID,-0.039118132787022364
2025-02-02 18:30:00+00:00,POWERGRID,-0.020872845046785327
2025-02-03 18:30:00+00:00,POWERGRID,0.006518672343920118
2025-02-04 18:30:00+00:00,POWERGRID,-0.0015753209721999228
2025-02-05 18:30:00+00:00,POWERGRID,-0.01420059037292598
2025-02-06 18:30:00+00:00,POWERGRID,0.0008995159592590785
2025-02-09 18:30:00+00:00,POWERGRID,-0.03397430532236334
2025-02-10 18:30:00+00:00,POWERGRID,-0.026981899523035535
2025-02-11 18:30:00+00:00,POWERGRID,-0.016829169559280377
2025-02-12 18:30:00+00:00,POWERGRID,0.008169615886322257
2025-02-13 18:30:00+00:00,POWERGRID,-0.0069458006990420484
2025-02-16 18:30:00+00:00,POWERGRID,0.02273183324943151
2025-02-17 18:30:00+00:00,POWERGRID,0.014247623955370381
2025-02-18 18:30:00+00:00,POWERGRID,-0.014609608782226391
2025-02-19 18:30:00+00:00,POWERGRID,0.010264292864316626
2025-02-20 18:30:00+00:00,POWERGRID,-0.014487240122999956
2025-02-23 18:30:00+00:00,POWERGRID,-0.010500231804754678
2025-02-24 18:30:00+00:00,POWERGRID,-0.013119839083799434
2025-02-26 18:30:00+00:00,POWERGRID,0.0019550862676942504
2025-02-27 18:30:00+00:00,POWERGRID,-0.02107315911551355
2025-03-02 18:30:00+00:00,POWERGRID,0.0065775995485684025
2025-03-03 18:30:00+00:00,POWERGRID,0.0059405669300724995
2025-03-04 18:30:00+00:00,POWERGRID,0.04094484324492775
2025-03-05 18:30:00+00:00,POWERGRID,0.008509824736224969
2025-03-06 18:30:00+00:00,POWERGRID,-0.012563176152697753
2025-03-09 18:30:00+00:00,POWERGRID,0.0303835713269478
2025-03-10 18:30:00+00:00,POWERGRID,-0.014743873318642797
2025-03-11 18:30:00+00:00,POWERGRID,-0.000748172939994185
2025-03-12 18:30:00+00:00,POWERGRID,0.00205904525500733
2025-03-16 18:30:00+00:00,POWERGRID,-0.0011207337015627372
2025-03-17 18:30:00+00:00,POWERGRID,0.0
2025-03-18 18:30:00+00:00,POWERGRID,0.036843042121937675
2025-03-19 18:30:00+00:00,POWERGRID,0.011363578871887547
2025-03-20 18:30:00+00:00,POWERGRID,0.009809317434207765
2025-03-23 18:30:00+00:00,POWERGRID,0.03090774506730165
2025-03-24 18:30:00+00:00,POWERGRID,-0.002912446978707295
2025-03-25 18:30:00+00:00,POWERGRID,-0.0005154561889013642
2025-03-26 18:30:00+00:00,POWERGRID,0.015987489803158672
2025-03-27 18:30:00+00:00,POWERGRID,-0.017428004595353763
2025-03-31 18:30:00+00:00,POWERGRID,-0.0036162710407542376
2025-04-01 18:30:00+00:00,POWERGRID,-0.008814462686522195
2025-04-02 18:30:00+00:00,POWERGRID,0.043068957043639555
2025-04-03 18:30:00+00:00,POWERGRID,-0.017385576267241132
2025-04-06 18:30:00+00:00,POWERGRID,-0.015311314076203675
2025-04-07 18:30:00+00:00,POWERGRID,-0.001554918038083053
2025-04-08 18:30:00+00:00,POWERGRID,0.015400609669483645
2025-04-10 18:30:00+00:00,POWERGRID,0.036468933818081695
2025-04-14 18:30:00+00:00,POWERGRID,0.0014797542986815237
2025-04-15 18:30:00+00:00,POWERGRID,0.003940283295163605
2025-04-16 18:30:00+00:00,POWERGRID,0.010629576342839897
2025-04-20 18:30:00+00:00,POWERGRID,0.03559864479096553
2025-04-21 18:30:00+00:00,POWERGRID,-0.023281228482669003
2025-04-22 18:30:00+00:00,POWERGRID,0.007678856481564189
2025-04-23 18:30:00+00:00,POWERGRID,-0.0017464147240701111
2025-04-24 18:30:00+00:00,POWERGRID,-0.025127183269003983
2025-04-27 18:30:00+00:00,POWERGRID,0.006688453447025955
2025-04-28 18:30:00+00:00,POWERGRID,-0.018149305554503448
2025-04-29 18:30:00+00:00,POWERGRID,0.014853815559662698
2025-05-01 18:30:00+00:00,POWERGRID,-0.014311326701869853
2025-05-04 18:30:00+00:00,POWERGRID,0.016993916809414644
2025-05-05 18:30:00+00:00,POWERGRID,-0.001946657676440422
2025-05-06 18:30:00+00:00,POWERGRID,0.011378310066041397
2025-05-07 18:30:00+00:00,POWERGRID,-0.00916110507877399
2025-05-08 18:30:00+00:00,POWERGRID,-0.02903488088298045
2025-05-11 18:30:00+00:00,POWERGRID,0.03257615152188498
2025-05-12 18:30:00+00:00,POWERGRID,-0.034298680799025205
2025-05-13 18:30:00+00:00,POWERGRID,-0.00837662635336478
2025-05-14 18:30:00+00:00,POWERGRID,0.012502170607141316
2025-05-15 18:30:00+00:00,POWERGRID,0.0018353778307325097
2025-05-18 18:30:00+00:00,POWERGRID,0.012824730619406477
2025-05-19 18:30:00+00:00,POWERGRID,-0.020226943236310913
2025-05-20 18:30:00+00:00,POWERGRID,-0.005874402119103284
2025-05-21 18:30:00+00:00,POWERGRID,-0.01772744913817348
2025-05-22 18:30:00+00:00,POWERGRID,0.024750831650355742
2025-05-25 18:30:00+00:00,POWERGRID,-0.004696409758771947
2025-05-26 18:30:00+00:00,POWERGRID,-0.007246548071128789
2025-05-27 18:30:00+00:00,POWERGRID,-0.011542895619931604
2025-05-28 18:30:00+00:00,POWERGRID,0.006697478199129803
2025-05-29 18:30:00+00:00,POWERGRID,-0.011429446974728252
2025-06-01 18:30:00+00:00,POWERGRID,0.011389065434503243
2025-06-02 18:30:00+00:00,POWERGRID,-0.016379425676832593
2025-06-03 18:30:00+00:00,POWERGRID,0.001040747660318031
2025-06-04 18:30:00+00:00,POWERGRID,0.01975397100212062
2025-06-05 18:30:00+00:00,POWERGRID,0.005267621323958194
2025-06-08 18:30:00+00:00,POWERGRID,0.01588915750694997
2025-06-09 18:30:00+00:00,POWERGRID,0.0018301862606289188
2025-06-10 18:30:00+00:00,POWERGRID,-0.01860155996453361
2025-06-11 18:30:00+00:00,POWERGRID,-0.02183109607899536
2025-06-12 18:30:00+00:00,POWERGRID,-0.01211061787293144
2025-06-15 18:30:00+00:00,POWERGRID,0.011033218311644832
2025-06-16 18:30:00+00:00,POWERGRID,-0.0003464711283956978
2025-06-17 18:30:00+00:00,POWERGRID,-0.004332012132096552
2025-06-18 18:30:00+00:00,POWERGRID,-0.002958463382385035
2025-06-19 18:30:00+00:00,POWERGRID,0.02321505273863589
2025-06-22 18:30:00+00:00,POWERGRID,-0.009723605389706846
2025-06-23 18:30:00+00:00,POWERGRID,-0.014814736869683043
2025-06-24 18:30:00+00:00,POWERGRID,0.015736998818569825
2025-06-25 18:30:00+00:00,POWERGRID,0.010500968270264144
2025-06-26 18:30:00+00:00,POWERGRID,0.019591024358916798
2025-06-29 18:30:00+00:00,POWERGRID,0.0021721339901634718
2025-06-30 18:30:00+00:00,POWERGRID,-0.007835966885362922
2025-07-01 18:30:00+00:00,POWERGRID,-0.00907396991682663
2025-07-02 18:30:00+00:00,POWERGRID,-0.003900370535729336
2025-07-03 18:30:00+00:00,POWERGRID,0.0010214351769075591
2025-07-06 18:30:00+00:00,POWERGRID,0.006462629779169671
2025-07-07 18:30:00+00:00,POWERGRID,0.006252088690113622
2025-07-08 18:30:00+00:00,POWERGRID,0.006381236322408279
2025-07-09 18:30:00+00:00,POWERGRID,-0.0013350093406974128
2025-07-10 18:30:00+00:00,POWERGRID,-0.00233918116474352
2025-07-13 18:30:00+00:00,POWERGRID,-0.0011721762989063134
2025-07-14 18:30:00+00:00,POWERGRID,-0.0005031150492642578
2025-07-15 18:30:00+00:00,POWERGRID,-0.003355231004643411
2025-07-16 18:30:00+00:00,POWERGRID,-0.001514769050701914
2025-07-17 18:30:00+00:00,POWERGRID,-0.00826033450708663
2025-07-20 18:30:00+00:00,POWERGRID,0.009688895424813104
2025-07-21 18:30:00+00:00,POWERGRID,0.0026936325129733873
2025-07-22 18:30:00+00:00,POWERGRID,0.004869001811721452
2025-07-23 18:30:00+00:00,POWERGRID,0.00033419849328475415
2025-07-24 18:30:00+00:00,POWERGRID,-0.02421905769187327
2025-07-27 18:30:00+00:00,POWERGRID,-0.0006847578743957028
2025-07-28 18:30:00+00:00,POWERGRID,0.004110935468434773
2025-07-29 18:30:00+00:00,POWERGRID,-0.014158921105969724
2025-07-30 18:30:00+00:00,POWERGRID,0.007094690754467781
2025-07-31 18:30:00+00:00,POWERGRID,0.0008590222504005762
2025-08-03 18:30:00+00:00,POWERGRID,-0.011330410178033379
2025-08-04 18:30:00+00:00,POWERGRID,-0.006772124101168342
2025-08-05 18:30:00+00:00,POWERGRID,-0.004195741862495717
2025-08-06 18:30:00+00:00,POWERGRID,0.0026333876789848
2025-08-07 18:30:00+00:00,POWERGRID,-0.0024513003242352394
2025-08-10 18:30:00+00:00,POWERGRID,0.0
2025-08-11 18:30:00+00:00,POWERGRID,-0.0007021863399920836
2025-08-12 18:30:00+00:00,POWERGRID,0.012471525485115098
2025-08-13 18:30:00+00:00,POWERGRID,0.0017349523915395348
2025-08-17 18:30:00+00:00,POWERGRID,0.005715189408823429
2025-08-18 18:30:00+00:00,POWERGRID,-0.003804968452218782
2025-08-19 18:30:00+00:00,POWERGRID,0.0013888508783594933
2025-08-20 18:30:00+00:00,POWERGRID,-0.015256493906139257
2025-08-21 18:30:00+00:00,POWERGRID,-0.002288751573264025
2025-08-24 18:30:00+00:00,POWERGRID,0.0028232859544041755
2025-08-25 18:30:00+00:00,POWERGRID,-0.014956889735747048
2025-08-27 18:30:00+00:00,POWERGRID,-0.019471123358430042
2025-08-28 18:30:00+00:00,POWERGRID,0.002914840745448233
2025-08-31 18:30:00+00:00,POWERGRID,0.016712186254745465
2025-09-01 18:30:00+00:00,POWERGRID,0.024477363758195425
2025-09-02 18:30:00+00:00,POWERGRID,-0.00226730544039655
2025-09-03 18:30:00+00:00,POWERGRID,-0.014857543430597642
2025-09-04 18:30:00+00:00,POWERGRID,0.012597710910597915
2025-09-07 18:30:00+00:00,POWERGRID,-0.00893650219190456
2025-09-08 18:30:00+00:00,POWERGRID,0.003712961866703113
2025-09-09 18:30:00+00:00,POWERGRID,-0.003170656488673096
2025-09-10 18:30:00+00:00,POWERGRID,0.013606572443107368
2025-09-11 18:30:00+00:00,POWERGRID,0.0029637378152365113
2025-09-14 18:30:00+00:00,POWERGRID,-0.00486700054747824
2025-09-15 18:30:00+00:00,POWERGRID,0.007336314545610678
2025-09-16 18:30:00+00:00,POWERGRID,-0.004161710071979741
2025-09-17 18:30:00+00:00,POWERGRID,0.006790933146250788
2025-09-18 18:30:00+00:00,POWERGRID,-0.010031124339250463
2025-09-21 18:30:00+00:00,POWERGRID,0.001572256807077288
2025-09-22 18:30:00+00:00,POWERGRID,0.006802778529239717
2025-09-23 18:30:00+00:00,POWERGRID,0.016285446094196132
2025-09-24 18:30:00+00:00,POWERGRID,-0.03034432091661199
2025-09-25 18:30:00+00:00,POWERGRID,-0.007559813425821016
2025-09-28 18:30:00+00:00,POWERGRID,-0.0058458038942341695
2025-09-29 18:30:00+00:00,POWERGRID,-0.0012473205941266885
2025-09-30 18:30:00+00:00,POWERGRID,0.0014272579020704335
2025-10-02 18:30:00+00:00,POWERGRID,0.03224665459409648
2025-10-05 18:30:00+00:00,POWERGRID,-0.009665226660399817
2025-10-06 18:30:00+00:00,POWERGRID,0.007319585108861437
2025-10-07 18:30:00+00:00,POWERGRID,-0.012802793430456316
2025-10-08 18:30:00+00:00,POWERGRID,0.0029793200902670236
2025-10-09 18:30:00+00:00,POWERGRID,0.010484050423383184
2025-10-12 18:30:00+00:00,POWERGRID,-0.010375275511761317
2025-10-13 18:30:00+00:00,POWERGRID,0.004717811846224329
2025-10-14 18:30:00+00:00,POWERGRID,0.01200007641710843
2025-10-15 18:30:00+00:00,POWERGRID,0.0030932834591190783
2025-10-16 18:30:00+00:00,POWERGRID,-0.007195439422170269
2025-10-19 18:30:00+00:00,POWERGRID,-0.005349426235214061
2025-10-20 18:30:00+00:00,POWERGRID,0.001387886944818284
2025-10-22 18:30:00+00:00,POWERGRID,0.0036382345256489312
2025-10-23 18:30:00+00:00,POWERGRID,-0.0039703341262217196
2025-10-26 18:30:00+00:00,POWERGRID,0.008838821546391484
2025-10-27 18:30:00+00:00,POWERGRID,-0.009620290035240231
2025-10-28 18:30:00+00:00,POWERGRID,0.02463142059557688
2025-10-29 18:30:00+00:00,POWERGRID,-0.01303541794605223
2025-10-30 18:30:00+00:00,POWERGRID,-0.011492312253395753
2025-11-02 18:30:00+00:00,POWERGRID,-0.0005205748766301532
2025-11-03 18:30:00+00:00,POWERGRID,-0.031076427310949617
2025-11-05 18:30:00+00:00,POWERGRID,-0.0317146303774023
2025-11-06 18:30:00+00:00,POWERGRID,0.0066616640447692
2025-11-09 18:30:00+00:00,POWERGRID,0.0026168680636682318
2025-11-10 18:30:00+00:00,POWERGRID,-0.002050776605193816
2025-11-11 18:30:00+00:00,POWERGRID,-0.0020548769120519728
2025-11-12 18:30:00+00:00,POWERGRID,0.010295769139496924
2025-11-13 18:30:00+00:00,POWERGRID,0.005373287591836862
2025-11-16 18:30:00+00:00,POWERGRID,0.00829340251101307
2025-11-17 18:30:00+00:00,POWERGRID,0.002376254589908644
2025-11-18 18:30:00+00:00,POWERGRID,0.003464557429471826
2025-11-19 18:30:00+00:00,POWERGRID,0.007450548268295165
2025-11-20 18:30:00+00:00,POWERGRID,0.001442979361002461
2025-11-23 18:30:00+00:00,POWERGRID,-0.006484215673524418
2025-11-24 18:30:00+00:00,POWERGRID,-0.008520579006339624
2025-11-25 18:30:00+00:00,POWERGRID,0.005851071546949305
2025-11-26 18:30:00+00:00,POWERGRID,-0.004908109964918972
2025-11-27 18:30:00+00:00,POWERGRID,-0.013701132015892736
2025-11-30 18:30:00+00:00,POWERGRID,-0.0011113846896838586
2025-12-01 18:30:00+00:00,POWERGRID,-0.008158656552010424
2025-12-02 18:30:00+00:00,POWERGRID,0.003739016467966705
2025-12-03 18:30:00+00:00,POWERGRID,0.0024212846598161697
2025-12-04 18:30:00+00:00,POWERGRID,0.002601195368177933
2025-12-07 18:30:00+00:00,POWERGRID,-0.017049576701490765
2025-12-08 18:30:00+00:00,POWERGRID,-0.0024510723383943667
2025-12-09 18:30:00+00:00,POWERGRID,0.003591049899328347
2025-12-10 18:30:00+00:00,POWERGRID,-0.0026365808174435568
2025-12-11 18:30:00+00:00,POWERGRID,-0.0045316531146947225
2025-12-14 18:30:00+00:00,POWERGRID,-0.005311054112550395
2025-12-15 18:30:00+00:00,POWERGRID,-0.0070557056345782465
2025-12-16 18:30:00+00:00,POWERGRID,0.0028807374012573828
2025-12-17 18:30:00+00:00,POWERGRID,-0.012064319505360466
2025-12-18 18:30:00+00:00,POWERGRID,0.021321960611444757
2025-12-21 18:30:00+00:00,POWERGRID,0.005883422741125965
2025-12-22 18:30:00+00:00,POWERGRID,0.007547169811320753
2025-12-23 18:30:00+00:00,POWERGRID,0.003932538550444731
2025-12-25 18:30:00+00:00,POWERGRID,-0.009699592256447453
2025-12-28 18:30:00+00:00,POWERGRID,-0.018270882955292445
2025-12-29 18:30:00+00:00,POWERGRID,-0.0009593246129883104
2025-12-30 18:30:00+00:00,POWERGRID,0.01632417860712554
2025-12-31 18:30:00+00:00,POWERGRID,0.008314367493220898
2026-01-01 18:30:00+00:00,POWERGRID,0.015554814857348553
2026-01-04 18:30:00+00:00,POWERGRID,0.002583434795781825
2026-01-05 18:30:00+00:00,POWERGRID,-0.011411765776431104
2026-01-06 18:30:00+00:00,POWERGRID,-0.016570403618426988
2026-01-07 18:30:00+00:00,POWERGRID,-0.01817500264905514
2026-01-08 18:30:00+00:00,POWERGRID,-0.0050134510380567265
2026-01-11 18:30:00+00:00,POWERGRID,0.002131735631661913
2026-01-12 18:30:00+00:00,POWERGRID,0.0009669310067814685
2026-01-13 18:30:00+00:00,POWERGRID,-0.0017387237661429245
2026-01-14 18:30:00+00:00,POWERGRID,0.0
2026-01-15 18:30:00+00:00,POWERGRID,-0.0040643246980460734
2026-01-18 18:30:00+00:00,POWERGRID,0.0013603036149276715
2026-01-19 18:30:00+00:00,POWERGRID,-0.013972408034183426
2026-01-20 18:30:00+00:00,POWERGRID,0.00688840771099497
2026-01-21 18:30:00+00:00,POWERGRID,0.013487087205171555
2026-01-22 18:30:00+00:00,POWERGRID,-0.01967215469051342
2026-01-26 18:30:00+00:00,POWERGRID,0.0007869848980308625
2026-01-27 18:30:00+00:00,POWERGRID,0.021427094785423817
2026-01-28 18:30:00+00:00,POWERGRID,0.0026944274053972705
2026-01-29 18:30:00+00:00,POWERGRID,-0.015355086372360827
2026-02-01 18:30:00+00:00,POWERGRID,0.0541910093430189
2026-02-02 18:30:00+00:00,POWERGRID,0.04733734689153524
2026-02-03 18:30:00+00:00,POWERGRID,0.021892589767689152
2026-02-04 18:30:00+00:00,POWERGRID,-0.00017272907402554605
2026-02-05 18:30:00+00:00,POWERGRID,0.011750453861293586
2025-01-01 18:30:00+00:00,RELIANCE,0.016827029703506913
2025-01-02 18:30:00+00:00,RELIANCE,0.007529441814037696
2025-01-05 18:30:00+00:00,RELIANCE,-0.026495670484899647
2025-01-06 18:30:00+00:00,RELIANCE,0.018760205607393887
2025-01-07 18:30:00+00:00,RELIANCE,0.01986546439436765
2025-01-08 18:30:00+00:00,RELIANCE,-0.008494697133453744
2025-01-09 18:30:00+00:00,RELIANCE,-0.01024104070102605
2025-01-12 18:30:00+00:00,RELIANCE,-0.0016507167448225335
2025-01-13 18:30:00+00:00,RELIANCE,-0.0008871691810375948
2025-01-14 18:30:00+00:00,RELIANCE,0.010857611082177643
2025-01-15 18:30:00+00:00,RELIANCE,0.01138000913164694
2025-01-16 18:30:00+00:00,RELIANCE,0.028346965549963965
2025-01-19 18:30:00+00:00,RELIANCE,0.002380295885440198
2025-01-20 18:30:00+00:00,RELIANCE,-0.02432108515219722
2025-01-21 18:30:00+00:00,RELIANCE,0.0026693883355755066
2025-01-22 18:30:00+00:00,RELIANCE,-0.010531664616998282
2025-01-23 18:30:00+00:00,RELIANCE,-0.013729990211083898
2025-01-26 18:30:00+00:00,RELIANCE,-0.013600350710330056
2025-01-27 18:30:00+00:00,RELIANCE,0.004107958579064652
2025-01-28 18:30:00+00:00,RELIANCE,0.0008910860517084007
2025-01-29 18:30:00+00:00,RELIANCE,0.014204806410186954
2025-01-30 18:30:00+00:00,RELIANCE,0.00961644545190632
2025-01-31 18:30:00+00:00,RELIANCE,-0.0003952541600500403
2025-02-02 18:30:00+00:00,RELIANCE,-0.014787187771117871
2025-02-03 18:30:00+00:00,RELIANCE,0.031543373023227295
2025-02-04 18:30:00+00:00,RELIANCE,-0.0054466343126137184
2025-02-05 18:30:00+00:00,RELIANCE,0.002620966195432839
2025-02-06 18:30:00+00:00,RELIANCE,-0.011587600097353934
2025-02-09 18:30:00+00:00,RELIANCE,-0.010302329044276082
2025-02-10 18:30:00+00:00,RELIANCE,-0.014996216167547205
2025-02-11 18:30:00+00:00,RELIANCE,-0.014819589803139244
2025-02-12 18:30:00+00:00,RELIANCE,-0.0003699251274362769
2025-02-13 18:30:00+00:00,RELIANCE,0.0009456132785348181
2025-02-16 18:30:00+00:00,RELIANCE,0.006284708364159508
2025-02-17 18:30:00+00:00,RELIANCE,0.0004082259939102162
2025-02-18 18:30:00+00:00,RELIANCE,0.0016728435660231522
2025-02-19 18:30:00+00:00,RELIANCE,0.004521595523635513
2025-02-20 18:30:00+00:00,RELIANCE,-0.003933480806973422
2025-02-23 18:30:00+00:00,RELIANCE,-0.011073565444983391
2025-02-24 18:30:00+00:00,RELIANCE,-0.008686365125215811
2025-02-26 18:30:00+00:00,RELIANCE,0.0025747328055609753
2025-02-27 18:30:00+00:00,RELIANCE,-0.0057990343606695305
2025-03-02 18:30:00+00:00,RELIANCE,-0.02403966050217987
2025-03-03 18:30:00+00:00,RELIANCE,-0.007982871931567215
2025-03-04 18:30:00+00:00,RELIANCE,0.011791037549914618
2025-03-05 18:30:00+00:00,RELIANCE,0.02892140024113332
2025-03-06 18:30:00+00:00,RELIANCE,0.033234190762060356
2025-03-09 18:30:00+00:00,RELIANCE,-0.00912152760140239
2025-03-10 18:30:00+00:00,RELIANCE,0.007186715457569104
2025-03-11 18:30:00+00:00,RELIANCE,0.007816857918678366
2025-03-12 18:30:00+00:00,RELIANCE,-0.007278886208929469
2025-03-16 18:30:00+00:00,RELIANCE,-0.007252312899922453
2025-03-17 18:30:00+00:00,RELIANCE,0.0
2025-03-18 18:30:00+00:00,RELIANCE,0.006699849341436304
2025-03-19 18:30:00+00:00,RELIANCE,0.017640212849612702
2025-03-20 18:30:00+00:00,RELIANCE,0.005673014136038379
2025-03-23 18:30:00+00:00,RELIANCE,0.02017473148609139
2025-03-24 18:30:00+00:00,RELIANCE,-0.012787017018420888
2025-03-25 18:30:00+00:00,RELIANCE,-0.009646359885421396
2025-03-26 18:30:00+00:00,RELIANCE,0.004045309001149411
2025-03-27 18:30:00+00:00,RELIANCE,-0.0024252686646160093
2025-03-31 18:30:00+00:00,RELIANCE,-0.017645697364857216
2025-04-01 18:30:00+00:00,RELIANCE,-0.001157479996779065
2025-04-02 18:30:00+00:00,RELIANCE,-0.0019582414871938125
2025-04-03 18:30:00+00:00,RELIANCE,-0.035236730882516665
2025-04-06 18:30:00+00:00,RELIANCE,-0.03237320012537581
2025-04-07 18:30:00+00:00,RELIANCE,0.014154659879601628
2025-04-08 18:30:00+00:00,RELIANCE,0.0026645084100167526
2025-04-10 18:30:00+00:00,RELIANCE,0.02834603302253491
2025-04-14 18:30:00+00:00,RELIANCE,0.017351043116696552
2025-04-15 18:30:00+00:00,RELIANCE,-0.0006450569141414064
2025-04-16 18:30:00+00:00,RELIANCE,0.028403098904663304
2025-04-20 18:30:00+00:00,RELIANCE,0.016476986482864886
2025-04-21 18:30:00+00:00,RELIANCE,-0.003319137245686554
2025-04-22 18:30:00+00:00,RELIANCE,0.006815381959146771
2025-04-23 18:30:00+00:00,RELIANCE,0.0012307636032609093
2025-04-24 18:30:00+00:00,RELIANCE,-0.00092191447484824
2025-04-27 18:30:00+00:00,RELIANCE,0.05259921775599641
2025-04-28 18:30:00+00:00,RELIANCE,0.022574441711784132
2025-04-29 18:30:00+00:00,RELIANCE,0.0037865358682445116
2025-05-01 18:30:00+00:00,RELIANCE,0.0105338689707426
2025-05-04 18:30:00+00:00,RELIANCE,0.008099711223408246
2025-05-05 18:30:00+00:00,RELIANCE,-0.007266131195719505
2025-05-06 18:30:00+00:00,RELIANCE,-0.010486376706539735
2025-05-07 18:30:00+00:00,RELIANCE,0.0007112888248419491
2025-05-08 18:30:00+00:00,RELIANCE,-0.021179860130747574
2025-05-11 18:30:00+00:00,RELIANCE,0.04305836840007893
2025-05-12 18:30:00+00:00,RELIANCE,-0.014479658083635383
2025-05-13 18:30:00+00:00,RELIANCE,0.006145466662176524
2025-05-14 18:30:00+00:00,RELIANCE,0.020921047503038803
2025-05-15 18:30:00+00:00,RELIANCE,0.0015128840393894283
2025-05-18 18:30:00+00:00,RELIANCE,-0.010711357251580567
2025-05-19 18:30:00+00:00,RELIANCE,-0.011243797996968508
2025-05-20 18:30:00+00:00,RELIANCE,0.0032289512519809715
2025-05-21 18:30:00+00:00,RELIANCE,-0.0138537886130784
2025-05-22 18:30:00+00:00,RELIANCE,0.012345698336225563
2025-05-25 18:30:00+00:00,RELIANCE,0.005606926734152973
2025-05-26 18:30:00+00:00,RELIANCE,-0.008851447302390625
2025-05-27 18:30:00+00:00,RELIANCE,-0.0064692549661740095
2025-05-28 18:30:00+00:00,RELIANCE,0.003468033906426582
2025-05-29 18:30:00+00:00,RELIANCE,0.0021864706617111818
2025-06-01 18:30:00+00:00,RELIANCE,-0.005067230857700444
2025-06-02 18:30:00+00:00,RELIANCE,-0.005800366381819577
2025-06-03 18:30:00+00:00,RELIANCE,0.012806793550152351
2025-06-04 18:30:00+00:00,RELIANCE,0.013277143550585846
2025-06-05 18:30:00+00:00,RELIANCE,0.0007625878399228903
2025-06-08 18:30:00+00:00,RELIANCE,0.003671726306536005
2025-06-09 18:30:00+00:00,RELIANCE,-0.007109420686643664
2025-06-10 18:30:00+00:00,RELIANCE,0.007229763129792621
2025-06-11 18:30:00+00:00,RELIANCE,-0.0050383296741072225
2025-06-12 18:30:00+00:00,RELIANCE,-0.009503249619472132
2025-06-15 18:30:00+00:00,RELIANCE,0.006933242924857197
2025-06-16 18:30:00+00:00,RELIANCE,-0.004590421274910161
2025-06-17 18:30:00+00:00,RELIANCE,-0.000768555586478592
2025-06-18 18:30:00+00:00,RELIANCE,0.002237681333301822
2025-06-19 18:30:00+00:00,RELIANCE,0.022953964664555127
2025-06-22 18:30:00+00:00,RELIANCE,-0.006411091226272259
2025-06-23 18:30:00+00:00,RELIANCE,-0.0041186603572820335
2025-06-24 18:30:00+00:00,RELIANCE,0.0113730948011328
2025-06-25 18:30:00+00:00,RELIANCE,0.019082622846425812
2025-06-26 18:30:00+00:00,RELIANCE,0.013442103526425164
2025-06-29 18:30:00+00:00,RELIANCE,-0.00976637419870141
2025-06-30 18:30:00+00:00,RELIANCE,0.018525950721715922
2025-07-01 18:30:00+00:00,RELIANCE,-0.006281049417176665
2025-07-02 18:30:00+00:00,RELIANCE,-0.0006584619297647087
2025-07-03 18:30:00+00:00,RELIANCE,0.0062591062466228475
2025-07-06 18:30:00+00:00,RELIANCE,0.009297400045306103
2025-07-07 18:30:00+00:00,RELIANCE,-0.0025300264737670997
2025-07-08 18:30:00+00:00,RELIANCE,-0.012096769051145873
2025-07-09 18:30:00+00:00,RELIANCE,-0.0011849948205391314
2025-07-10 18:30:00+00:00,RELIANCE,-0.014500390162414223
2025-07-13 18:30:00+00:00,RELIANCE,-0.007691341105986238
2025-07-14 18:30:00+00:00,RELIANCE,0.001145866813303309
2025-07-15 18:30:00+00:00,RELIANCE,0.000134571057024635
2025-07-16 18:30:00+00:00,RELIANCE,-0.006192735592645882
2025-07-17 18:30:00+00:00,RELIANCE,-0.0002709488089376322
2025-07-20 18:30:00+00:00,RELIANCE,-0.032113810742112725
2025-07-21 18:30:00+00:00,RELIANCE,-0.011059717912765832
2025-07-22 18:30:00+00:00,RELIANCE,0.008352115762336965
2025-07-23 18:30:00+00:00,RELIANCE,-0.015232325679389147
2025-07-24 18:30:00+00:00,RELIANCE,-0.007983514051346452
2025-07-27 18:30:00+00:00,RELIANCE,-0.002945985510221405
2025-07-28 18:30:00+00:00,RELIANCE,0.02125975975975969
2025-07-29 18:30:00+00:00,RELIANCE,-0.004939675437482083
2025-07-30 18:30:00+00:00,RELIANCE,-0.014112535066659326
2025-07-31 18:30:00+00:00,RELIANCE,0.0025176286015586857
2025-08-03 18:30:00+00:00,RELIANCE,0.012771800208446038
2025-08-04 18:30:00+00:00,RELIANCE,-0.014027686005308682
2025-08-05 18:30:00+00:00,RELIANCE,0.0007905453001302298
2025-08-06 18:30:00+00:00,RELIANCE,-0.0024412135056487427
2025-08-07 18:30:00+00:00,RELIANCE,-0.015546252622128498
2025-08-10 18:30:00+00:00,RELIANCE,0.01345224258102995
2025-08-11 18:30:00+00:00,RELIANCE,-0.004184048258546014
2025-08-12 18:30:00+00:00,RELIANCE,0.001593678131886156
2025-08-13 18:30:00+00:00,RELIANCE,-0.0023962869917331098
2025-08-17 18:30:00+00:00,RELIANCE,0.005750401851047249
2025-08-18 18:30:00+00:00,RELIANCE,0.027791869270527236
2025-08-19 18:30:00+00:00,RELIANCE,-0.0049996308062804085
2025-08-20 18:30:00+00:00,RELIANCE,0.00835106074177272
2025-08-21 18:30:00+00:00,RELIANCE,-0.010948973274587437
2025-08-24 18:30:00+00:00,RELIANCE,0.0024127338432242684
2025-08-25 18:30:00+00:00,RELIANCE,-0.01960919697764063
2025-08-27 18:30:00+00:00,RELIANCE,0.0007220737832127622
2025-08-28 18:30:00+00:00,RELIANCE,-0.02070861731481788
2025-08-31 18:30:00+00:00,RELIANCE,-0.002431422691227758
2025-09-01 18:30:00+00:00,RELIANCE,0.009306429838784158
2025-09-02 18:30:00+00:00,RELIANCE,0.004463941153265649
2025-09-03 18:30:00+00:00,RELIANCE,-0.009689586911244885
2025-09-04 18:30:00+00:00,RELIANCE,0.011550026195769059
2025-09-07 18:30:00+00:00,RELIANCE,0.0025454545454546285
2025-09-08 18:30:00+00:00,RELIANCE,-0.0016685156533369216
2025-09-09 18:30:00+00:00,RELIANCE,0.0005813463570054633
2025-09-10 18:30:00+00:00,RELIANCE,0.0045751988584785686
2025-09-11 18:30:00+00:00,RELIANCE,0.008457999536533478
2025-09-14 18:30:00+00:00,RELIANCE,0.0030824722782258895
2025-09-15 18:30:00+00:00,RELIANCE,0.004287858065198158
2025-09-16 18:30:00+00:00,RELIANCE,0.006048530352708692
2025-09-17 18:30:00+00:00,RELIANCE,0.0008487417813216602
2025-09-18 18:30:00+00:00,RELIANCE,-0.005371007481227874
2025-09-21 18:30:00+00:00,RELIANCE,-0.011936939417859782
2025-09-22 18:30:00+00:00,RELIANCE,-0.0005752385818038608
2025-09-23 18:30:00+00:00,RELIANCE,-0.0048928252908457814
2025-09-24 18:30:00+00:00,RELIANCE,-0.007664479816296144
2025-09-25 18:30:00+00:00,RELIANCE,0.0037889471578049783
2025-09-28 18:30:00+00:00,RELIANCE,-0.003484267452727674
2025-09-29 18:30:00+00:00,RELIANCE,-0.00641029175052632
2025-09-30 18:30:00+00:00,RELIANCE,0.0034457120028408283
2025-10-02 18:30:00+00:00,RELIANCE,-0.003872234198061264
2025-10-05 18:30:00+00:00,RELIANCE,0.008508123352075403
2025-10-06 18:30:00+00:00,RELIANCE,0.007127308238636276
2025-10-07 18:30:00+00:00,RELIANCE,-0.012565008521473686
2025-10-08 18:30:00+00:00,RELIANCE,0.00760569272222944
2025-10-09 18:30:00+00:00,RELIANCE,0.002830528527754783
2025-10-12 18:30:00+00:00,RELIANCE,-0.00484906376828953
2025-10-13 18:30:00+00:00,RELIANCE,0.0006545632102272769
2025-10-14 18:30:00+00:00,RELIANCE,-0.0011628574442528183
2025-10-15 18:30:00+00:00,RELIANCE,0.017463435310553166
2025-10-16 18:30:00+00:00,RELIANCE,0.013230350678671732
2025-10-19 18:30:00+00:00,RELIANCE,0.035290794944111026
2025-10-20 18:30:00+00:00,RELIANCE,-0.0010908764678105864
2025-10-22 18:30:00+00:00,RELIANCE,-0.011465961860274265
2025-10-23 18:30:00+00:00,RELIANCE,0.0022093006889927214
2025-10-26 18:30:00+00:00,RELIANCE,0.022389088279559433
2025-10-27 18:30:00+00:00,RELIANCE,0.0018866982509178065
2025-10-28 18:30:00+00:00,RELIANCE,0.011634895738622308
2025-10-29 18:30:00+00:00,RELIANCE,-0.01043740970716267
2025-10-30 18:30:00+00:00,RELIANCE,-0.0014107998561890822
2025-11-02 18:30:00+00:00,RELIANCE,-0.0011437521624487745
2025-11-03 18:30:00+00:00,RELIANCE,-0.007813010013761779
2025-11-05 18:30:00+00:00,RELIANCE,0.015613332686976289
2025-11-06 18:30:00+00:00,RELIANCE,-0.012098105662256109
2025-11-09 18:30:00+00:00,RELIANCE,0.007645499883710993
2025-11-10 18:30:00+00:00,RELIANCE,0.002752954711284339
2025-11-11 18:30:00+00:00,RELIANCE,0.012119978096986506
2025-11-12 18:30:00+00:00,RELIANCE,-0.0003969405133559256
2025-11-13 18:30:00+00:00,RELIANCE,0.0052948572842219654
2025-11-16 18:30:00+00:00,RELIANCE,-0.00039500663394154145
2025-11-17 18:30:00+00:00,RELIANCE,0.0007244783972617519
2025-11-18 18:30:00+00:00,RELIANCE,-0.0003290772620546667
2025-11-19 18:30:00+00:00,RELIANCE,0.019882777461620593
2025-11-20 18:30:00+00:00,RELIANCE,-0.0016138403197988316
2025-11-23 18:30:00+00:00,RELIANCE,-0.006918370193185419
2025-11-24 18:30:00+00:00,RELIANCE,0.002474071682668333
2025-11-25 18:30:00+00:00,RELIANCE,0.019614258751649682
2025-11-26 18:30:00+00:00,RELIANCE,-0.004140391043325198
2025-11-27 18:30:00+00:00,RELIANCE,0.0026224737891213934
2025-11-30 18:30:00+00:00,RELIANCE,-0.0008931575209329967
2025-12-01 18:30:00+00:00,RELIANCE,-0.012642824255459595
2025-12-02 18:30:00+00:00,RELIANCE,-0.004850287630582373
2025-12-03 18:30:00+00:00,RELIANCE,-0.0020795900316122884
2025-12-04 18:30:00+00:00,RELIANCE,0.0032560563164194534
2025-12-07 18:30:00+00:00,RELIANCE,0.0015578504816928795
2025-12-08 18:30:00+00:00,RELIANCE,-0.008813982881359372
2025-12-09 18:30:00+00:00,RELIANCE,0.004903883797748421
2025-12-10 18:30:00+00:00,RELIANCE,0.005270333435660968
2025-12-11 18:30:00+00:00,RELIANCE,0.007443365695792847
2025-12-14 18:30:00+00:00,RELIANCE,-0.000192771492531274
2025-12-15 18:30:00+00:00,RELIANCE,-0.00893195140719727
2025-12-16 18:30:00+00:00,RELIANCE,0.001361586928259051
2025-12-17 18:30:00+00:00,RELIANCE,0.0
2025-12-18 18:30:00+00:00,RELIANCE,0.013403231575140895
2025-12-21 18:30:00+00:00,RELIANCE,0.006581080434985509
2025-12-22 18:30:00+00:00,RELIANCE,-0.0029834157479688983
2025-12-23 18:30:00+00:00,RELIANCE,-0.00795823542916263
2025-12-25 18:30:00+00:00,RELIANCE,0.0006417661605289116
2025-12-28 18:30:00+00:00,RELIANCE,-0.00872240636982824
2025-12-29 18:30:00+00:00,RELIANCE,-0.003752540663449322
2025-12-30 18:30:00+00:00,RELIANCE,0.019872694256131362
2025-12-31 18:30:00+00:00,RELIANCE,0.003311227133873107
2026-01-01 18:30:00+00:00,RELIANCE,0.01059918348626332
2026-01-04 18:30:00+00:00,RELIANCE,-0.008917963202122792
2026-01-05 18:30:00+00:00,RELIANCE,-0.04467397572439846
2026-01-06 18:30:00+00:00,RELIANCE,-0.002255256347255541
2026-01-07 18:30:00+00:00,RELIANCE,-0.02233743962015211
2026-01-08 18:30:00+00:00,RELIANCE,0.003196024289552124
2026-01-11 18:30:00+00:00,RELIANCE,0.005354776711371523
2026-01-12 18:30:00+00:00,RELIANCE,-0.020496159212876952
2026-01-13 18:30:00+00:00,RELIANCE,0.004129955808330088
2026-01-14 18:30:00+00:00,RELIANCE,0.0
2026-01-15 18:30:00+00:00,RELIANCE,-0.0006169621496692201
2026-01-18 18:30:00+00:00,RELIANCE,-0.030386204874322198
2026-01-19 18:30:00+00:00,RELIANCE,-0.01386529140099435
2026-01-20 18:30:00+00:00,RELIANCE,0.0076039997029679895
2026-01-21 18:30:00+00:00,RELIANCE,-0.0014950702138959437
2026-01-22 18:30:00+00:00,RELIANCE,-0.011693422042112323
2026-01-26 18:30:00+00:00,RELIANCE,-0.0040400950036596495
2026-01-27 18:30:00+00:00,RELIANCE,0.011734843297265485
2026-01-28 18:30:00+00:00,RELIANCE,-0.004081013368041231
2026-01-29 18:30:00+00:00,RELIANCE,0.0031632094996854043
2026-02-01 18:30:00+00:00,RELIANCE,-0.003583201886569798
2026-02-02 18:30:00+00:00,RELIANCE,0.0335874211391467
2026-02-03 18:30:00+00:00,RELIANCE,0.013708213469390218
2026-02-04 18:30:00+00:00,RELIANCE,-0.00919825917416861
2026-02-05 18:30:00+00:00,RELIANCE,0.00512680080982153
2025-01-01 18:30:00+00:00,SBILIFE,0.015602669767841526
2025-01-02 18:30:00+00:00,SBILIFE,0.017894151822449134
2025-01-05 18:30:00+00:00,SBILIFE,-0.009014255181769015
2025-01-06 18:30:00+00:00,SBILIFE,0.030042129260335226
2025-01-07 18:30:00+00:00,SBILIFE,-0.009879885598711113
2025-01-08 18:30:00+00:00,SBILIFE,0.0036223116341527195
2025-01-09 18:30:00+00:00,SBILIFE,0.006707843710464845
2025-01-12 18:30:00+00:00,SBILIFE,-0.0073734021254995286
2025-01-13 18:30:00+00:00,SBILIFE,0.021705094262802316
2025-01-14 18:30:00+00:00,SBILIFE,-0.01767553600453564
2025-01-15 18:30:00+00:00,SBILIFE,0.027737185543515785
2025-01-16 18:30:00+00:00,SBILIFE,0.01777226561136458
2025-01-19 18:30:00+00:00,SBILIFE,-0.02648493311621336
2025-01-20 18:30:00+00:00,SBILIFE,-0.022104346005008546
2025-01-21 18:30:00+00:00,SBILIFE,-0.00443218318567451
2025-01-22 18:30:00+00:00,SBILIFE,-0.006986173322536482
2025-01-23 18:30:00+00:00,SBILIFE,-0.006517887390287358
2025-01-26 18:30:00+00:00,SBILIFE,-0.011108025147611889
2025-01-27 18:30:00+00:00,SBILIFE,-0.0034399981178924177
2025-01-28 18:30:00+00:00,SBILIFE,0.0291651524229537
2025-01-29 18:30:00+00:00,SBILIFE,0.008214177061149908
2025-01-30 18:30:00+00:00,SBILIFE,0.007264506177657504
2025-01-31 18:30:00+00:00,SBILIFE,-0.019715572970520845
2025-02-02 18:30:00+00:00,SBILIFE,0.0038505131690946826
2025-02-03 18:30:00+00:00,SBILIFE,0.00852771883500214
2025-02-04 18:30:00+00:00,SBILIFE,-0.002207245509942002
2025-02-05 18:30:00+00:00,SBILIFE,-0.002756731494602205
2025-02-06 18:30:00+00:00,SBILIFE,0.003992888064652256
2025-02-09 18:30:00+00:00,SBILIFE,-0.015466198879849236
2025-02-10 18:30:00+00:00,SBILIFE,-0.020162878214952218
2025-02-11 18:30:00+00:00,SBILIFE,0.023361528157274103
2025-02-12 18:30:00+00:00,SBILIFE,0.012636381361217586
2025-02-13 18:30:00+00:00,SBILIFE,-0.0034342050851952077
2025-02-16 18:30:00+00:00,SBILIFE,0.0073355716051553
2025-02-17 18:30:00+00:00,SBILIFE,-0.0005757222190416744
2025-02-18 18:30:00+00:00,SBILIFE,0.00016944223661097269
2025-02-19 18:30:00+00:00,SBILIFE,-0.003930576257970109
2025-02-20 18:30:00+00:00,SBILIFE,0.01741735064919503
2025-02-23 18:30:00+00:00,SBILIFE,-0.005951641958327425
2025-02-24 18:30:00+00:00,SBILIFE,-0.009922599250058117
2025-02-26 18:30:00+00:00,SBILIFE,-0.001358936710346037
2025-02-27 18:30:00+00:00,SBILIFE,-0.026705205486747485
2025-03-02 18:30:00+00:00,SBILIFE,-0.015379268569503668
2025-03-03 18:30:00+00:00,SBILIFE,-0.01093360464230797
2025-03-04 18:30:00+00:00,SBILIFE,0.01981186937013657
2025-03-05 18:30:00+00:00,SBILIFE,0.00042242493607025366
2025-03-06 18:30:00+00:00,SBILIFE,-0.004934528118162307
2025-03-09 18:30:00+00:00,SBILIFE,0.005561048258504675
2025-03-10 18:30:00+00:00,SBILIFE,-0.0015498617404994253
2025-03-11 18:30:00+00:00,SBILIFE,-0.0058211324748632665
2025-03-12 18:30:00+00:00,SBILIFE,-0.016642974571948188
2025-03-16 18:30:00+00:00,SBILIFE,0.03514846050712106
2025-03-17 18:30:00+00:00,SBILIFE,0.0
2025-03-18 18:30:00+00:00,SBILIFE,0.03531464139031715
2025-03-19 18:30:00+00:00,SBILIFE,0.009057815981370343
2025-03-20 18:30:00+00:00,SBILIFE,0.03206864191347214
2025-03-23 18:30:00+00:00,SBILIFE,0.015131934845208583
2025-03-24 18:30:00+00:00,SBILIFE,-0.008026562150801442
2025-03-25 18:30:00+00:00,SBILIFE,-0.01021057207957432
2025-03-26 18:30:00+00:00,SBILIFE,0.00233567473683971
2025-03-27 18:30:00+00:00,SBILIFE,0.0019094770698795394
2025-03-31 18:30:00+00:00,SBILIFE,-0.001679733583323073
2025-04-01 18:30:00+00:00,SBILIFE,0.009448293535633479
2025-04-02 18:30:00+00:00,SBILIFE,-0.011283120724046691
2025-04-03 18:30:00+00:00,SBILIFE,-0.019225173878464896
2025-04-06 18:30:00+00:00,SBILIFE,-0.034245621839142704
2025-04-07 18:30:00+00:00,SBILIFE,0.018619900234597697
2025-04-08 18:30:00+00:00,SBILIFE,-0.0042674567109795
2025-04-10 18:30:00+00:00,SBILIFE,0.02716565945856031
2025-04-14 18:30:00+00:00,SBILIFE,0.026742854667831883
2025-04-15 18:30:00+00:00,SBILIFE,0.0017919165953366178
2025-04-16 18:30:00+00:00,SBILIFE,0.027341207416827995
2025-04-20 18:30:00+00:00,SBILIFE,0.012622838853671547
2025-04-21 18:30:00+00:00,SBILIFE,-0.005833589192508426
2025-04-22 18:30:00+00:00,SBILIFE,-0.0021618282890673024
2025-04-23 18:30:00+00:00,SBILIFE,-0.0045187550777623375
2025-04-24 18:30:00+00:00,SBILIFE,0.05403558453707169
2025-04-27 18:30:00+00:00,SBILIFE,0.024187363925734173
2025-04-28 18:30:00+00:00,SBILIFE,-0.0034560221671421365
2025-04-29 18:30:00+00:00,SBILIFE,0.02063468802148094
2025-05-01 18:30:00+00:00,SBILIFE,-0.0020387912315662504
2025-05-04 18:30:00+00:00,SBILIFE,0.004369579761403841
2025-05-05 18:30:00+00:00,SBILIFE,-0.024803674675690224
2025-05-06 18:30:00+00:00,SBILIFE,0.01071842410196977
2025-05-07 18:30:00+00:00,SBILIFE,-0.007451991974777861
2025-05-08 18:30:00+00:00,SBILIFE,-0.01830779738485422
2025-05-11 18:30:00+00:00,SBILIFE,0.030415313382016862
2025-05-12 18:30:00+00:00,SBILIFE,-0.006565800742220906
2025-05-13 18:30:00+00:00,SBILIFE,0.008735604121767215
2025-05-14 18:30:00+00:00,SBILIFE,0.0167502422697956
2025-05-15 18:30:00+00:00,SBILIFE,-0.006275888896724702
2025-05-18 18:30:00+00:00,SBILIFE,-0.0019172348975160514
2025-05-19 18:30:00+00:00,SBILIFE,-0.006892627780720306
2025-05-20 18:30:00+00:00,SBILIFE,0.003470232914149829
2025-05-21 18:30:00+00:00,SBILIFE,-0.0026078437112474484
2025-05-22 18:30:00+00:00,SBILIFE,0.022395214716212974
2025-05-25 18:30:00+00:00,SBILIFE,0.0016122891492673652
2025-05-26 18:30:00+00:00,SBILIFE,0.0009436463505916315
2025-05-27 18:30:00+00:00,SBILIFE,0.002273595893596214
2025-05-28 18:30:00+00:00,SBILIFE,0.009737731187451582
2025-05-29 18:30:00+00:00,SBILIFE,-0.007013725385274006
2025-06-01 18:30:00+00:00,SBILIFE,-0.0053525832872926005
2025-06-02 18:30:00+00:00,SBILIFE,-0.015090125476768357
2025-06-03 18:30:00+00:00,SBILIFE,0.00033795728577468154
2025-06-04 18:30:00+00:00,SBILIFE,-0.0006193904897886515
2025-06-05 18:30:00+00:00,SBILIFE,0.003267932498447923
2025-06-08 18:30:00+00:00,SBILIFE,0.005728447367203238
2025-06-09 18:30:00+00:00,SBILIFE,-0.002959598326788826
2025-06-10 18:30:00+00:00,SBILIFE,0.007728954818328138
2025-06-11 18:30:00+00:00,SBILIFE,-0.01850722387842607
2025-06-12 18:30:00+00:00,SBILIFE,-0.006115542937783158
2025-06-15 18:30:00+00:00,SBILIFE,0.024270794690831377
2025-06-16 18:30:00+00:00,SBILIFE,0.0013349106010507317
2025-06-17 18:30:00+00:00,SBILIFE,-0.0016664815472564598
2025-06-18 18:30:00+00:00,SBILIFE,-0.00434004394042331
2025-06-19 18:30:00+00:00,SBILIFE,0.012015200461976239
2025-06-22 18:30:00+00:00,SBILIFE,0.004252002356875728
2025-06-23 18:30:00+00:00,SBILIFE,0.013416927714519078
2025-06-24 18:30:00+00:00,SBILIFE,-0.00016280457304662654
2025-06-25 18:30:00+00:00,SBILIFE,0.009822596264106531
2025-06-26 18:30:00+00:00,SBILIFE,-0.005481552544353896
2025-06-29 18:30:00+00:00,SBILIFE,-0.006646453539435382
2025-06-30 18:30:00+00:00,SBILIFE,0.013164309704121413
2025-07-01 18:30:00+00:00,SBILIFE,-0.003060376468120851
2025-07-02 18:30:00+00:00,SBILIFE,-0.025096992907588822
2025-07-03 18:30:00+00:00,SBILIFE,-0.005800464193584043
2025-07-06 18:30:00+00:00,SBILIFE,0.004778628598978374
2025-07-07 18:30:00+00:00,SBILIFE,0.004755834404534198
2025-07-08 18:30:00+00:00,SBILIFE,-0.0011007760323218374
2025-07-09 18:30:00+00:00,SBILIFE,-0.00258971468343272
2025-07-10 18:30:00+00:00,SBILIFE,0.01381062903234298
2025-07-13 18:30:00+00:00,SBILIFE,0.008772939235296429
2025-07-14 18:30:00+00:00,SBILIFE,-0.014314265273624671
2025-07-15 18:30:00+00:00,SBILIFE,0.0023563824215007134
2025-07-16 18:30:00+00:00,SBILIFE,-0.01437861631887416
2025-07-17 18:30:00+00:00,SBILIFE,-0.007987588209476093
2025-07-20 18:30:00+00:00,SBILIFE,0.009114251026222764
2025-07-21 18:30:00+00:00,SBILIFE,0.002382694599915469
2025-07-22 18:30:00+00:00,SBILIFE,0.00027639579878391274
2025-07-23 18:30:00+00:00,SBILIFE,-0.008786971215287376
2025-07-24 18:30:00+00:00,SBILIFE,0.021465209926434303
2025-07-27 18:30:00+00:00,SBILIFE,0.010043133376593127
2025-07-28 18:30:00+00:00,SBILIFE,-0.00924073255116864
2025-07-29 18:30:00+00:00,SBILIFE,0.0031089511813966464
2025-07-30 18:30:00+00:00,SBILIFE,0.0008699774928917492
2025-07-31 18:30:00+00:00,SBILIFE,-0.024175586016433215
2025-08-03 18:30:00+00:00,SBILIFE,0.01965262765155651
2025-08-04 18:30:00+00:00,SBILIFE,0.013923013923013983
2025-08-05 18:30:00+00:00,SBILIFE,-0.0014539317026790455
2025-08-06 18:30:00+00:00,SBILIFE,0.0036671124298948143
2025-08-07 18:30:00+00:00,SBILIFE,-0.014776207812985498
2025-08-10 18:30:00+00:00,SBILIFE,0.009489542236987836
2025-08-11 18:30:00+00:00,SBILIFE,-0.007023230686115656
2025-08-12 18:30:00+00:00,SBILIFE,0.0012513867400028023
2025-08-13 18:30:00+00:00,SBILIFE,0.00016297709604651267
2025-08-17 18:30:00+00:00,SBILIFE,0.01216995800889964
2025-08-18 18:30:00+00:00,SBILIFE,-0.004777254113828677
2025-08-19 18:30:00+00:00,SBILIFE,0.002373132232350139
2025-08-20 18:30:00+00:00,SBILIFE,0.010115710964823776
2025-08-21 18:30:00+00:00,SBILIFE,-0.009748068157537482
2025-08-24 18:30:00+00:00,SBILIFE,-0.006562641835328176
2025-08-25 18:30:00+00:00,SBILIFE,-0.016352649146479603
2025-08-27 18:30:00+00:00,SBILIFE,0.00011013610309174027
2025-08-28 18:30:00+00:00,SBILIFE,-0.006219753701247277
2025-08-31 18:30:00+00:00,SBILIFE,0.0023816387860011723
2025-09-01 18:30:00+00:00,SBILIFE,0.0025969449911984466
2025-09-02 18:30:00+00:00,SBILIFE,-0.002094267747657752
2025-09-03 18:30:00+00:00,SBILIFE,-0.010824529803103222
2025-09-04 18:30:00+00:00,SBILIFE,0.007928129884286372
2025-09-07 18:30:00+00:00,SBILIFE,-0.013515772311589624
2025-09-08 18:30:00+00:00,SBILIFE,0.013925501947237073
2025-09-09 18:30:00+00:00,SBILIFE,0.015506452210860555
2025-09-10 18:30:00+00:00,SBILIFE,-0.010634237072176367
2025-09-11 18:30:00+00:00,SBILIFE,0.008819314535679856
2025-09-14 18:30:00+00:00,SBILIFE,-0.004371107099460647
2025-09-15 18:30:00+00:00,SBILIFE,-0.0018658228706259772
2025-09-16 18:30:00+00:00,SBILIFE,-0.008137259968549526
2025-09-17 18:30:00+00:00,SBILIFE,0.009866989372574908
2025-09-18 18:30:00+00:00,SBILIFE,0.010923208810182272
2025-09-21 18:30:00+00:00,SBILIFE,0.008687625793669218
2025-09-22 18:30:00+00:00,SBILIFE,-0.02061685297114435
2025-09-23 18:30:00+00:00,SBILIFE,-0.0012641798380023106
2025-09-24 18:30:00+00:00,SBILIFE,-0.004017350094046579
2025-09-25 18:30:00+00:00,SBILIFE,-0.00607801950669784
2025-09-28 18:30:00+00:00,SBILIFE,-0.005614908484592229
2025-09-29 18:30:00+00:00,SBILIFE,0.001062237639587238
2025-09-30 18:30:00+00:00,SBILIFE,0.005863956295746098
2025-10-02 18:30:00+00:00,SBILIFE,-0.008883460228128026
2025-10-05 18:30:00+00:00,SBILIFE,-0.007954709184965436
2025-10-06 18:30:00+00:00,SBILIFE,0.007453809356766206
2025-10-07 18:30:00+00:00,SBILIFE,-0.006277647735630221
2025-10-08 18:30:00+00:00,SBILIFE,0.02081337013137996
2025-10-09 18:30:00+00:00,SBILIFE,0.00033151484680638
2025-10-12 18:30:00+00:00,SBILIFE,0.0027065976292439675
2025-10-13 18:30:00+00:00,SBILIFE,0.000495732010986849
2025-10-14 18:30:00+00:00,SBILIFE,0.0134346575652744
2025-10-15 18:30:00+00:00,SBILIFE,-0.0026621886770928915
2025-10-16 18:30:00+00:00,SBILIFE,0.004575924517892904
2025-10-19 18:30:00+00:00,SBILIFE,-0.0023860010152997324
2025-10-20 18:30:00+00:00,SBILIFE,0.0007066635117844999
2025-10-22 18:30:00+00:00,SBILIFE,0.006355215193848407
2025-10-23 18:30:00+00:00,SBILIFE,-0.006962758505817734
2025-10-26 18:30:00+00:00,SBILIFE,0.03440587296327746
2025-10-27 18:30:00+00:00,SBILIFE,0.01770798889943337
2025-10-28 18:30:00+00:00,SBILIFE,0.017348190179088174
2025-10-29 18:30:00+00:00,SBILIFE,-0.0010150223179147266
2025-10-30 18:30:00+00:00,SBILIFE,-0.006451977791439023
2025-11-02 18:30:00+00:00,SBILIFE,0.007107442225855465
2025-11-03 18:30:00+00:00,SBILIFE,0.0009646752831105054
2025-11-05 18:30:00+00:00,SBILIFE,-0.00035503483229770705
2025-11-06 18:30:00+00:00,SBILIFE,0.014258156530210231
2025-11-09 18:30:00+00:00,SBILIFE,-0.004802629180392093
2025-11-10 18:30:00+00:00,SBILIFE,0.004021515007106569
2025-11-11 18:30:00+00:00,SBILIFE,-0.0003004544342759541
2025-11-12 18:30:00+00:00,SBILIFE,-0.004407235424955913
2025-11-13 18:30:00+00:00,SBILIFE,0.0065395642840899715
2025-11-16 18:30:00+00:00,SBILIFE,-0.0024489101675618796
2025-11-17 18:30:00+00:00,SBILIFE,-0.0013526809478331403
2025-11-18 18:30:00+00:00,SBILIFE,0.005769327104948818
2025-11-19 18:30:00+00:00,SBILIFE,0.011123267265903847
2025-11-20 18:30:00+00:00,SBILIFE,-0.0022692396237672385
2025-11-23 18:30:00+00:00,SBILIFE,-0.0038071452024104335
2025-11-24 18:30:00+00:00,SBILIFE,0.008040475868211994
2025-11-25 18:30:00+00:00,SBILIFE,-0.0009355117745262209
2025-11-26 18:30:00+00:00,SBILIFE,-0.0121235897106714
2025-11-27 18:30:00+00:00,SBILIFE,-0.01920678473434767
2025-11-30 18:30:00+00:00,SBILIFE,0.0028484107761634903
2025-12-01 18:30:00+00:00,SBILIFE,0.005021314940481636
2025-12-02 18:30:00+00:00,SBILIFE,-0.004390588529838535
2025-12-03 18:30:00+00:00,SBILIFE,0.015257489274606018
2025-12-04 18:30:00+00:00,SBILIFE,0.01038490513968493
2025-12-07 18:30:00+00:00,SBILIFE,-0.0014824332027397746
2025-12-08 18:30:00+00:00,SBILIFE,-0.007175731355657744
2025-12-09 18:30:00+00:00,SBILIFE,0.004137199197555841
2025-12-10 18:30:00+00:00,SBILIFE,-0.003772636180658928
2025-12-11 18:30:00+00:00,SBILIFE,0.009467337569815992
2025-12-14 18:30:00+00:00,SBILIFE,0.004442469959791362
2025-12-15 18:30:00+00:00,SBILIFE,0.0005405550998773823
2025-12-16 18:30:00+00:00,SBILIFE,-0.012671929679825666
2025-12-17 18:30:00+00:00,SBILIFE,0.0020893808298716454
2025-12-18 18:30:00+00:00,SBILIFE,0.006949960201709349
2025-12-21 18:30:00+00:00,SBILIFE,-0.003007284318929937
2025-12-22 18:30:00+00:00,SBILIFE,0.0012362161596388699
2025-12-23 18:30:00+00:00,SBILIFE,0.0002963134983549054
2025-12-25 18:30:00+00:00,SBILIFE,-0.0031105207624098075
2025-12-28 18:30:00+00:00,SBILIFE,-0.004605976360885
2025-12-29 18:30:00+00:00,SBILIFE,-0.00711515995656542
2025-12-30 18:30:00+00:00,SBILIFE,0.019744437190710284
2025-12-31 18:30:00+00:00,SBILIFE,0.002702835487745192
2026-01-01 18:30:00+00:00,SBILIFE,0.013232639485701414
2026-01-04 18:30:00+00:00,SBILIFE,0.00396642918634349
2026-01-05 18:30:00+00:00,SBILIFE,0.009732101667698334
2026-01-06 18:30:00+00:00,SBILIFE,-0.011928618865134077
2026-01-07 18:30:00+00:00,SBILIFE,0.0058430815290313465
2026-01-08 18:30:00+00:00,SBILIFE,-0.006193241609563027
2026-01-11 18:30:00+00:00,SBILIFE,0.01352657004830915
2026-01-12 18:30:00+00:00,SBILIFE,-0.007435699550166874
2026-01-13 18:30:00+00:00,SBILIFE,-0.006530855817039938
2026-01-14 18:30:00+00:00,SBILIFE,0.0
2026-01-15 18:30:00+00:00,SBILIFE,0.005897114696408412
2026-01-18 18:30:00+00:00,SBILIFE,-0.0035079523441253757
2026-01-19 18:30:00+00:00,SBILIFE,-0.01186278347632852
2026-01-20 18:30:00+00:00,SBILIFE,0.0030744250584466837
2026-01-21 18:30:00+00:00,SBILIFE,-0.016249831629195133
2026-01-22 18:30:00+00:00,SBILIFE,-0.009594473003987525
2026-01-26 18:30:00+00:00,SBILIFE,0.017776878068482826
2026-01-27 18:30:00+00:00,SBILIFE,0.007359434971713874
2026-01-28 18:30:00+00:00,SBILIFE,-0.027712791592106822
2026-01-29 18:30:00+00:00,SBILIFE,0.0011020142854609727
2026-02-01 18:30:00+00:00,SBILIFE,0.0012509382036527406
2026-02-02 18:30:00+00:00,SBILIFE,0.0005497129365004128
2026-02-03 18:30:00+00:00,SBILIFE,0.01977921985356823
2026-02-04 18:30:00+00:00,SBILIFE,-0.011705883780832815
2026-02-05 18:30:00+00:00,SBILIFE,-0.01045698143802909
2025-01-01 18:30:00+00:00,SBIN,0.010085733285525755
2025-01-02 18:30:00+00:00,SBIN,-0.009735424605322063
2025-01-05 18:30:00+00:00,SBIN,-0.021426741879661537
2025-01-06 18:30:00+00:00,SBIN,0.003026749572959897
2025-01-07 18:30:00+00:00,SBIN,-0.009759202333695538
2025-01-08 18:30:00+00:00,SBIN,-0.01387538330122673
2025-01-09 18:30:00+00:00,SBIN,-0.022618213483880156
2025-01-12 18:30:00+00:00,SBIN,-0.018499788569058206
2025-01-13 18:30:00+00:00,SBIN,0.025565469380488315
2025-01-14 18:30:00+00:00,SBIN,0.007418274648842482
2025-01-15 18:30:00+00:00,SBIN,0.016717460185813993
2025-01-16 18:30:00+00:00,SBIN,-0.0028709154048031094
2025-01-19 18:30:00+00:00,SBIN,0.019827280085875865
2025-01-20 18:30:00+00:00,SBIN,-0.02592242934157929
2025-01-21 18:30:00+00:00,SBIN,-0.00737761427554906
2025-01-22 18:30:00+00:00,SBIN,-0.010020550292355601
2025-01-23 18:30:00+00:00,SBIN,-0.0023461079790625394
2025-01-26 18:30:00+00:00,SBIN,0.006786221067990983
2025-01-27 18:30:00+00:00,SBIN,0.00427124131678247
2025-01-28 18:30:00+00:00,SBIN,0.008040933192449584
2025-01-29 18:30:00+00:00,SBIN,0.005471669753638997
2025-01-30 18:30:00+00:00,SBIN,0.01350647679624939
2025-01-31 18:30:00+00:00,SBIN,-0.0089274724325773
2025-02-02 18:30:00+00:00,SBIN,-0.006592645773996986
2025-02-03 18:30:00+00:00,SBIN,0.02398315888415259
2025-02-04 18:30:00+00:00,SBIN,-0.016876313162124346
2025-02-05 18:30:00+00:00,SBIN,-0.018014523192878773
2025-02-06 18:30:00+00:00,SBIN,-0.02000660969221235
2025-02-09 18:30:00+00:00,SBIN,-0.0005426276454469914
2025-02-10 18:30:00+00:00,SBIN,-0.007736113929001975
2025-02-11 18:30:00+00:00,SBIN,0.002803988943804958
2025-02-12 18:30:00+00:00,SBIN,-0.00750185788557467
2025-02-13 18:30:00+00:00,SBIN,-0.0075585611370441175
2025-02-16 18:30:00+00:00,SBIN,0.007685359364976163
2025-02-17 18:30:00+00:00,SBIN,-0.0026109801309862624
2025-02-18 18:30:00+00:00,SBIN,0.0020666646021751944
2025-02-19 18:30:00+00:00,SBIN,0.003299912177547437
2025-02-20 18:30:00+00:00,SBIN,-0.010552325152296427
2025-02-23 18:30:00+00:00,SBIN,-0.0077562022065991165
2025-02-24 18:30:00+00:00,SBIN,-0.007677257274678828
2025-02-26 18:30:00+00:00,SBIN,-0.009846634054745507
2025-02-27 18:30:00+00:00,SBIN,-0.021451950943264353
2025-03-02 18:30:00+00:00,SBIN,0.009436638152801935
2025-03-03 18:30:00+00:00,SBIN,0.02984323784391485
2025-03-04 18:30:00+00:00,SBIN,0.01997064386043057
2025-03-05 18:30:00+00:00,SBIN,0.0023276907824127946
2025-03-06 18:30:00+00:00,SBIN,0.0009562150790771717
2025-03-09 18:30:00+00:00,SBIN,-0.0052541163447406
2025-03-10 18:30:00+00:00,SBIN,0.0013032980838665331
2025-03-11 18:30:00+00:00,SBIN,-0.009316970470412356
2025-03-12 18:30:00+00:00,SBIN,0.00663853101738332
2025-03-16 18:30:00+00:00,SBIN,-0.006457373371916653
2025-03-17 18:30:00+00:00,SBIN,0.0
2025-03-18 18:30:00+00:00,SBIN,0.030353250678354593
2025-03-19 18:30:00+00:00,SBIN,0.005972383180096408
2025-03-20 18:30:00+00:00,SBIN,0.004869634586773808
2025-03-23 18:30:00+00:00,SBIN,0.036643638247719545
2025-03-24 18:30:00+00:00,SBIN,-0.010181875768341286
2025-03-25 18:30:00+00:00,SBIN,-0.011451106103507858
2025-03-26 18:30:00+00:00,SBIN,0.0108638429856458
2025-03-27 18:30:00+00:00,SBIN,-0.0010358513062819208
2025-03-31 18:30:00+00:00,SBIN,0.00025929187735318493
2025-04-01 18:30:00+00:00,SBIN,0.005507293709045902
2025-04-02 18:30:00+00:00,SBIN,0.004188426222918151
2025-04-03 18:30:00+00:00,SBIN,-0.0150796057407383
2025-04-06 18:30:00+00:00,SBIN,-0.026776935213483344
2025-04-07 18:30:00+00:00,SBIN,0.029053387915586537
2025-04-08 18:30:00+00:00,SBIN,-0.03434813330856734
2025-04-10 18:30:00+00:00,SBIN,0.01569646098764843
2025-04-14 18:30:00+00:00,SBIN,0.012801005619859085
2025-04-15 18:30:00+00:00,SBIN,0.01080555745604106
2025-04-16 18:30:00+00:00,SBIN,0.03330091016410286
2025-04-20 18:30:00+00:00,SBIN,0.024139465876529265
2025-04-21 18:30:00+00:00,SBIN,0.006979344491573558
2025-04-22 18:30:00+00:00,SBIN,-0.010882830245987352
2025-04-23 18:30:00+00:00,SBIN,-6.146088152658713e-05
2025-04-24 18:30:00+00:00,SBIN,-0.018133758426896573
2025-04-27 18:30:00+00:00,SBIN,0.023414441040042755
2025-04-28 18:30:00+00:00,SBIN,-0.005872625088933048
2025-04-29 18:30:00+00:00,SBIN,-0.02941352480103654
2025-05-01 18:30:00+00:00,SBIN,0.01020731519387219
2025-05-04 18:30:00+00:00,SBIN,-0.00840969003979386
2025-05-05 18:30:00+00:00,SBIN,-0.020126603617315997
2025-05-06 18:30:00+00:00,SBIN,0.0025836468018172187
2025-05-07 18:30:00+00:00,SBIN,-0.009148338222095154
2025-05-08 18:30:00+00:00,SBIN,0.013329056316155663
2025-05-11 18:30:00+00:00,SBIN,0.028745634159635713
2025-05-12 18:30:00+00:00,SBIN,0.00012465345562673313
2025-05-13 18:30:00+00:00,SBIN,-0.00130959119461449
2025-05-14 18:30:00+00:00,SBIN,0.008804755234989248
2025-05-15 18:30:00+00:00,SBIN,0.00031571637015592735
2025-05-18 18:30:00+00:00,SBIN,0.0036611848294998417
2025-05-19 18:30:00+00:00,SBIN,-0.011760975579795607
2025-05-20 18:30:00+00:00,SBIN,0.0018455433422233103
2025-05-21 18:30:00+00:00,SBIN,-0.002350369258441787
2025-05-22 18:30:00+00:00,SBIN,0.006685768863419206
2025-05-25 18:30:00+00:00,SBIN,0.004933617222090403
2025-05-26 18:30:00+00:00,SBIN,-0.0008811835165131177
2025-05-27 18:30:00+00:00,SBIN,0.0035907465567659447
2025-05-28 18:30:00+00:00,SBIN,0.0010043158687194076
2025-05-29 18:30:00+00:00,SBIN,0.018749623960350847
2025-06-01 18:30:00+00:00,SBIN,0.0016619926645102812
2025-06-02 18:30:00+00:00,SBIN,-0.004731809138537546
2025-06-03 18:30:00+00:00,SBIN,-0.004075065254029675
2025-06-04 18:30:00+00:00,SBIN,-0.000619962802231866
2025-06-05 18:30:00+00:00,SBIN,0.008746883117827231
2025-06-08 18:30:00+00:00,SBIN,0.008609556737097401
2025-06-09 18:30:00+00:00,SBIN,-0.0036583135719250315
2025-06-10 18:30:00+00:00,SBIN,-0.002447830646693294
2025-06-11 18:30:00+00:00,SBIN,-0.011164929418107095
2025-06-12 18:30:00+00:00,SBIN,-0.016874541119307307
2025-06-15 18:30:00+00:00,SBIN,0.00018934109760215811
2025-06-16 18:30:00+00:00,SBIN,-0.00025238133379335004
2025-06-17 18:30:00+00:00,SBIN,-0.0005048130570093345
2025-06-18 18:30:00+00:00,SBIN,-0.008587004190530823
2025-06-19 18:30:00+00:00,SBIN,0.014074702804414363
2025-06-22 18:30:00+00:00,SBIN,-0.007473481158793205
2025-06-23 18:30:00+00:00,SBIN,0.006580627849533505
2025-06-24 18:30:00+00:00,SBIN,0.005846068941639304
2025-06-25 18:30:00+00:00,SBIN,-0.0037497656968608073
2025-06-26 18:30:00+00:00,SBIN,0.010476176838312146
2025-06-29 18:30:00+00:00,SBIN,0.018562143926865726
2025-06-30 18:30:00+00:00,SBIN,-6.09347162264795e-05
2025-07-01 18:30:00+00:00,SBIN,-0.009021045335884992
2025-07-02 18:30:00+00:00,SBIN,-0.007135008800504883
2025-07-03 18:30:00+00:00,SBIN,0.005885268422355816
2025-07-06 18:30:00+00:00,SBIN,-0.006158773357591518
2025-07-07 18:30:00+00:00,SBIN,0.007188509640733365
2025-07-08 18:30:00+00:00,SBIN,-0.0020919364498351856
2025-07-09 18:30:00+00:00,SBIN,-0.003637723857975783
2025-07-10 18:30:00+00:00,SBIN,0.000804485660968357
2025-07-13 18:30:00+00:00,SBIN,0.00024726540015862497
2025-07-14 18:30:00+00:00,SBIN,0.00939610168818783
2025-07-15 18:30:00+00:00,SBIN,0.01867842460896796
2025-07-16 18:30:00+00:00,SBIN,-0.003246377500784714
2025-07-17 18:30:00+00:00,SBIN,-0.006815469739520519
2025-07-20 18:30:00+00:00,SBIN,0.0010324122746088182
2025-07-21 18:30:00+00:00,SBIN,-0.011162353883489518
2025-07-22 18:30:00+00:00,SBIN,0.006932545293328207
2025-07-23 18:30:00+00:00,SBIN,-0.006031818753146956
2025-07-24 18:30:00+00:00,SBIN,-0.01121738908560932
2025-07-27 18:30:00+00:00,SBIN,-0.011654532913239701
2025-07-28 18:30:00+00:00,SBIN,0.0025716461521474443
2025-07-29 18:30:00+00:00,SBIN,0.003065580792804834
2025-07-30 18:30:00+00:00,SBIN,-0.006361924113732154
2025-07-31 18:30:00+00:00,SBIN,-0.003201290354713504
2025-08-03 18:30:00+00:00,SBIN,0.0021410733086035805
2025-08-04 18:30:00+00:00,SBIN,0.006158053668134489
2025-08-05 18:30:00+00:00,SBIN,0.005683298734545872
2025-08-06 18:30:00+00:00,SBIN,0.0
2025-08-07 18:30:00+00:00,SBIN,-0.0010557493576583976
2025-08-10 18:30:00+00:00,SBIN,0.02380955452530964
2025-08-11 18:30:00+00:00,SBIN,-0.0034610924510827257
2025-08-12 18:30:00+00:00,SBIN,0.001523275697281612
2025-08-13 18:30:00+00:00,SBIN,0.005718820157754934
2025-08-17 18:30:00+00:00,SBIN,0.00133087730607917
2025-08-18 18:30:00+00:00,SBIN,0.003322660446904324
2025-08-19 18:30:00+00:00,SBIN,-0.0017461610842971487
2025-08-20 18:30:00+00:00,SBIN,-0.003920622416479724
2025-08-21 18:30:00+00:00,SBIN,-0.011444849300379811
2025-08-24 18:30:00+00:00,SBIN,0.0002450379259189006
2025-08-25 18:30:00+00:00,SBIN,-0.010533451518784487
2025-08-27 18:30:00+00:00,SBIN,-0.007303290904511095
2025-08-28 18:30:00+00:00,SBIN,0.0006858130614091351
2025-08-31 18:30:00+00:00,SBIN,0.004423660801207152
2025-09-01 18:30:00+00:00,SBIN,-0.0026672829371203743
2025-09-02 18:30:00+00:00,SBIN,0.010262470144858149
2025-09-03 18:30:00+00:00,SBIN,-0.0033860738993193307
2025-09-04 18:30:00+00:00,SBIN,-0.0034594128288444326
2025-09-07 18:30:00+00:00,SBIN,0.0027275133568323007
2025-09-08 18:30:00+00:00,SBIN,6.18048883818112e-05
2025-09-09 18:30:00+00:00,SBIN,0.01155966730952862
2025-09-10 18:30:00+00:00,SBIN,0.006660977909704879
2025-09-11 18:30:00+00:00,SBIN,-0.00012145525177997829
2025-09-14 18:30:00+00:00,SBIN,0.0014571212735332573
2025-09-15 18:30:00+00:00,SBIN,0.00824490790296295
2025-09-16 18:30:00+00:00,SBIN,0.030785926278514175
2025-09-17 18:30:00+00:00,SBIN,-0.0032666963172975905
2025-09-18 18:30:00+00:00,SBIN,0.009363844125486631
2025-09-21 18:30:00+00:00,SBIN,-0.008233287861014071
2025-09-22 18:30:00+00:00,SBIN,0.017947939884171316
2025-09-23 18:30:00+00:00,SBIN,-0.00505394383447455
2025-09-24 18:30:00+00:00,SBIN,-0.005830048166475588
2025-09-25 18:30:00+00:00,SBIN,-0.004877213131229907
2025-09-28 18:30:00+00:00,SBIN,0.016103608841112615
2025-09-29 18:30:00+00:00,SBIN,0.0019523539558210512
2025-09-30 18:30:00+00:00,SBIN,-0.009570790881153979
2025-10-02 18:30:00+00:00,SBIN,0.003703289315407421
2025-10-05 18:30:00+00:00,SBIN,0.007782774236140488
2025-10-06 18:30:00+00:00,SBIN,-0.010697300745403315
2025-10-07 18:30:00+00:00,SBIN,-0.007459248428328902
2025-10-08 18:30:00+00:00,SBIN,0.004485843968467851
2025-10-09 18:30:00+00:00,SBIN,0.021517282627826484
2025-10-12 18:30:00+00:00,SBIN,0.002611693327890352
2025-10-13 18:30:00+00:00,SBIN,-0.006795401684181801
2025-10-14 18:30:00+00:00,SBIN,0.010433848282729752
2025-10-15 18:30:00+00:00,SBIN,0.0009593010320665396
2025-10-16 18:30:00+00:00,SBIN,0.0024804241239670954
2025-10-19 18:30:00+00:00,SBIN,0.02063765965482589
2025-10-20 18:30:00+00:00,SBIN,0.0003856480285813202
2025-10-22 18:30:00+00:00,SBIN,0.004075576699380523
2025-10-23 18:30:00+00:00,SBIN,-0.007734066027512143
2025-10-26 18:30:00+00:00,SBIN,0.020176893311221633
2025-10-27 18:30:00+00:00,SBIN,0.008127878623679141
2025-10-28 18:30:00+00:00,SBIN,0.010212308519215174
2025-10-29 18:30:00+00:00,SBIN,-0.0057462350774806215
2025-10-30 18:30:00+00:00,SBIN,0.0028362224897586774
2025-11-02 18:30:00+00:00,SBIN,0.013553908438667328
2025-11-03 18:30:00+00:00,SBIN,0.008318377674385147
2025-11-05 18:30:00+00:00,SBIN,0.0032894992631291586
2025-11-06 18:30:00+00:00,SBIN,-0.005100207560824743
2025-11-09 18:30:00+00:00,SBIN,-0.004917038543621022
2025-11-10 18:30:00+00:00,SBIN,0.002260383034980107
2025-11-11 18:30:00+00:00,SBIN,0.004038641215140526
2025-11-12 18:30:00+00:00,SBIN,-0.003291045639361223
2025-11-13 18:30:00+00:00,SBIN,0.01451779411523857
2025-11-16 18:30:00+00:00,SBIN,0.005682698908650918
2025-11-17 18:30:00+00:00,SBIN,-0.000924604100765114
2025-11-18 18:30:00+00:00,SBIN,0.010591791520051741
2025-11-19 18:30:00+00:00,SBIN,-0.0012210757639595782
2025-11-20 18:30:00+00:00,SBIN,-0.009118243918636693
2025-11-23 18:30:00+00:00,SBIN,-0.002056343872304911
2025-11-24 18:30:00+00:00,SBIN,0.013393777382028071
2025-11-25 18:30:00+00:00,SBIN,0.00030505168317640496
2025-11-26 18:30:00+00:00,SBIN,-0.011230865488295327
2025-11-27 18:30:00+00:00,SBIN,0.006321657571465078
2025-11-30 18:30:00+00:00,SBIN,-0.006026582649706236
2025-12-01 18:30:00+00:00,SBIN,-0.005960320561591348
2025-12-02 18:30:00+00:00,SBIN,-0.016799338576522382
2025-12-03 18:30:00+00:00,SBIN,-0.003101847689286008
2025-12-04 18:30:00+00:00,SBIN,0.024680967215088057
2025-12-07 18:30:00+00:00,SBIN,-0.0155429496509909
2025-12-08 18:30:00+00:00,SBIN,0.003084432346896371
2025-12-09 18:30:00+00:00,SBIN,0.00041697443502619613
2025-12-10 18:30:00+00:00,SBIN,0.0036467830164104154
2025-12-11 18:30:00+00:00,SBIN,-0.00010378986341819108
2025-12-14 18:30:00+00:00,SBIN,0.004256840037388576
2025-12-15 18:30:00+00:00,SBIN,-0.006306513916709888
2025-12-16 18:30:00+00:00,SBIN,0.015294127657996537
2025-12-17 18:30:00+00:00,SBIN,0.001742083567722874
2025-12-18 18:30:00+00:00,SBIN,0.0028131553724517477
2025-12-21 18:30:00+00:00,SBIN,-0.006120575410296869
2025-12-22 18:30:00+00:00,SBIN,-0.00246326943341435
2025-12-23 18:30:00+00:00,SBIN,-0.0030353041803962144
2025-12-25 18:30:00+00:00,SBIN,-0.0027349444044346694
2025-12-28 18:30:00+00:00,SBIN,-0.0012935941382499205
2025-12-29 18:30:00+00:00,SBIN,0.008704237625320355
2025-12-30 18:30:00+00:00,SBIN,0.008988648508167163
2025-12-31 18:30:00+00:00,SBIN,0.0025962001234747234
2026-01-01 18:30:00+00:00,SBIN,0.014419915924885673
2026-01-04 18:30:00+00:00,SBIN,0.006606912763688522
2026-01-05 18:30:00+00:00,SBIN,0.013276353023875975
2026-01-06 18:30:00+00:00,SBIN,-0.011532044085244775
2026-01-07 18:30:00+00:00,SBIN,-0.009085065970569461
2026-01-08 18:30:00+00:00,SBIN,0.0025050100200401104
2026-01-11 18:30:00+00:00,SBIN,0.014642703062531126
2026-01-12 18:30:00+00:00,SBIN,0.013101439627595246
2026-01-13 18:30:00+00:00,SBIN,-9.72099671194826e-05
2026-01-14 18:30:00+00:00,SBIN,0.0
2026-01-15 18:30:00+00:00,SBIN,0.013565491878617442
2026-01-18 18:30:00+00:00,SBIN,-0.0037417482791518575
2026-01-19 18:30:00+00:00,SBIN,-0.0019260400163496616
2026-01-20 18:30:00+00:00,SBIN,-0.0074778076200658905
2026-01-21 18:30:00+00:00,SBIN,0.019151266907417197
2026-01-22 18:30:00+00:00,SBIN,-0.01798061336854806
2026-01-26 18:30:00+00:00,SBIN,0.022972340373057287
2026-01-27 18:30:00+00:00,SBIN,0.009827636467744316
2026-01-28 18:30:00+00:00,SBIN,0.002538741111306919
2026-01-29 18:30:00+00:00,SBIN,0.010270187341644643
2026-02-01 18:30:00+00:00,SBIN,-0.044979874802994924
2026-02-02 18:30:00+00:00,SBIN,0.03450957683001654
2026-02-03 18:30:00+00:00,SBIN,0.0037586921476506774
2026-02-04 18:30:00+00:00,SBIN,0.004961663612051748
2026-02-05 18:30:00+00:00,SBIN,-0.0066138570898346405
2025-01-01 18:30:00+00:00,SHRIRAMFIN,0.0484470358998772
2025-01-02 18:30:00+00:00,SHRIRAMFIN,-0.0038235696167925326
2025-01-05 18:30:00+00:00,SHRIRAMFIN,-0.025849938946476247
2025-01-06 18:30:00+00:00,SHRIRAMFIN,-0.0037547834751963105
2025-01-07 18:30:00+00:00,SHRIRAMFIN,-0.02016288586154491
2025-01-08 18:30:00+00:00,SHRIRAMFIN,-0.030668460021341937
2025-01-09 18:30:00+00:00,SHRIRAMFIN,-0.0533302192114633
2025-01-12 18:30:00+00:00,SHRIRAMFIN,-0.020488776084192972
2025-01-13 18:30:00+00:00,SHRIRAMFIN,0.04413738464842676
2025-01-14 18:30:00+00:00,SHRIRAMFIN,-0.020032908872582356
2025-01-15 18:30:00+00:00,SHRIRAMFIN,0.02550628687625478
2025-01-16 18:30:00+00:00,SHRIRAMFIN,-0.03712520993479629
2025-01-19 18:30:00+00:00,SHRIRAMFIN,-0.018613415072229356
2025-01-20 18:30:00+00:00,SHRIRAMFIN,0.006967318278984447
2025-01-21 18:30:00+00:00,SHRIRAMFIN,-0.003171291297743628
2025-01-22 18:30:00+00:00,SHRIRAMFIN,0.021498154629711275
2025-01-23 18:30:00+00:00,SHRIRAMFIN,-0.004435477833839907
2025-01-26 18:30:00+00:00,SHRIRAMFIN,-0.029955607397576522
2025-01-27 18:30:00+00:00,SHRIRAMFIN,0.03605981130196989
2025-01-28 18:30:00+00:00,SHRIRAMFIN,0.04414251476691433
2025-01-29 18:30:00+00:00,SHRIRAMFIN,-0.027461438420150808
2025-01-30 18:30:00+00:00,SHRIRAMFIN,0.014837543376660323
2025-01-31 18:30:00+00:00,SHRIRAMFIN,-0.021977027203624266
2025-02-02 18:30:00+00:00,SHRIRAMFIN,0.02698385744949694
2025-02-03 18:30:00+00:00,SHRIRAMFIN,0.056028519782408415
2025-02-04 18:30:00+00:00,SHRIRAMFIN,-0.0094494365042892
2025-02-05 18:30:00+00:00,SHRIRAMFIN,-0.008664493327422362
2025-02-06 18:30:00+00:00,SHRIRAMFIN,-0.012006724689403558
2025-02-09 18:30:00+00:00,SHRIRAMFIN,0.0022339327159088818
2025-02-10 18:30:00+00:00,SHRIRAMFIN,-0.03967548022588929
2025-02-11 18:30:00+00:00,SHRIRAMFIN,0.015968859441302996
2025-02-12 18:30:00+00:00,SHRIRAMFIN,0.0027414720187337593
2025-02-13 18:30:00+00:00,SHRIRAMFIN,-0.017315187017938105
2025-02-16 18:30:00+00:00,SHRIRAMFIN,0.02077334352623761
2025-02-17 18:30:00+00:00,SHRIRAMFIN,0.005451063879865048
2025-02-18 18:30:00+00:00,SHRIRAMFIN,0.00804197468467871
2025-02-19 18:30:00+00:00,SHRIRAMFIN,0.041323001302101314
2025-02-20 18:30:00+00:00,SHRIRAMFIN,0.007316846279007638
2025-02-23 18:30:00+00:00,SHRIRAMFIN,-0.013501850107894398
2025-02-24 18:30:00+00:00,SHRIRAMFIN,-0.005110931886407877
2025-02-26 18:30:00+00:00,SHRIRAMFIN,0.056682645949204025
2025-02-27 18:30:00+00:00,SHRIRAMFIN,0.017303848095012286
2025-03-02 18:30:00+00:00,SHRIRAMFIN,0.006479916296376453
2025-03-03 18:30:00+00:00,SHRIRAMFIN,0.01867056373069742
2025-03-04 18:30:00+00:00,SHRIRAMFIN,-0.002528117264097629
2025-03-05 18:30:00+00:00,SHRIRAMFIN,0.020671619770466165
2025-03-06 18:30:00+00:00,SHRIRAMFIN,-0.020951296578180845
2025-03-09 18:30:00+00:00,SHRIRAMFIN,-0.008322182693196178
2025-03-10 18:30:00+00:00,SHRIRAMFIN,0.020220659102205163
2025-03-11 18:30:00+00:00,SHRIRAMFIN,-0.0020368531643030208
2025-03-12 18:30:00+00:00,SHRIRAMFIN,-0.02731764013643667
2025-03-16 18:30:00+00:00,SHRIRAMFIN,0.005972022175254166
2025-03-17 18:30:00+00:00,SHRIRAMFIN,0.0
2025-03-18 18:30:00+00:00,SHRIRAMFIN,0.07172080628628641
2025-03-19 18:30:00+00:00,SHRIRAMFIN,-7.480031778128726e-05
2025-03-20 18:30:00+00:00,SHRIRAMFIN,0.013325334333947003
2025-03-23 18:30:00+00:00,SHRIRAMFIN,0.007683160188357796
2025-03-24 18:30:00+00:00,SHRIRAMFIN,-0.00535191166189275
2025-03-25 18:30:00+00:00,SHRIRAMFIN,-0.009360909215566204
2025-03-26 18:30:00+00:00,SHRIRAMFIN,0.009672595963647668
2025-03-27 18:30:00+00:00,SHRIRAMFIN,-0.03316130702659337
2025-03-31 18:30:00+00:00,SHRIRAMFIN,-0.02827740750484853
2025-04-01 18:30:00+00:00,SHRIRAMFIN,0.003059017172317713
2025-04-02 18:30:00+00:00,SHRIRAMFIN,0.02306854210958198
2025-04-03 18:30:00+00:00,SHRIRAMFIN,-0.0008409156872171142
2025-04-06 18:30:00+00:00,SHRIRAMFIN,-0.0605874489958087
2025-04-07 18:30:00+00:00,SHRIRAMFIN,0.04470679287681012
2025-04-08 18:30:00+00:00,SHRIRAMFIN,-0.026346515485981103
2025-04-10 18:30:00+00:00,SHRIRAMFIN,0.02281637284450544
2025-04-14 18:30:00+00:00,SHRIRAMFIN,0.05197248038624025
2025-04-15 18:30:00+00:00,SHRIRAMFIN,0.006026716257484299
2025-04-16 18:30:00+00:00,SHRIRAMFIN,0.023223226547670617
2025-04-20 18:30:00+00:00,SHRIRAMFIN,0.016263150845704066
2025-04-21 18:30:00+00:00,SHRIRAMFIN,0.0007111480640979995
2025-04-22 18:30:00+00:00,SHRIRAMFIN,0.0005686895126235658
2025-04-23 18:30:00+00:00,SHRIRAMFIN,-0.010299820665801707
2025-04-24 18:30:00+00:00,SHRIRAMFIN,-0.05949902945046526
2025-04-27 18:30:00+00:00,SHRIRAMFIN,-0.05067157917886134
2025-04-28 18:30:00+00:00,SHRIRAMFIN,-0.011736346139504916
2025-04-29 18:30:00+00:00,SHRIRAMFIN,-0.004880417920152813
2025-05-01 18:30:00+00:00,SHRIRAMFIN,-0.013241733508764453
2025-05-04 18:30:00+00:00,SHRIRAMFIN,0.04183223755508991
2025-05-05 18:30:00+00:00,SHRIRAMFIN,-0.008587004925973085
2025-05-06 18:30:00+00:00,SHRIRAMFIN,0.02117251565091549
2025-05-07 18:30:00+00:00,SHRIRAMFIN,-0.032749642853509675
2025-05-08 18:30:00+00:00,SHRIRAMFIN,-0.023302945807994968
2025-05-11 18:30:00+00:00,SHRIRAMFIN,0.07398788870290862
2025-05-12 18:30:00+00:00,SHRIRAMFIN,-0.019119156522236502
2025-05-13 18:30:00+00:00,SHRIRAMFIN,0.02896149785804991
2025-05-14 18:30:00+00:00,SHRIRAMFIN,0.03504869085293927
2025-05-15 18:30:00+00:00,SHRIRAMFIN,-0.01378195600611487
2025-05-18 18:30:00+00:00,SHRIRAMFIN,0.018482338350212624
2025-05-19 18:30:00+00:00,SHRIRAMFIN,-0.028695677734187797
2025-05-20 18:30:00+00:00,SHRIRAMFIN,-0.0005317057795997115
2025-05-21 18:30:00+00:00,SHRIRAMFIN,-0.012537964537402857
2025-05-22 18:30:00+00:00,SHRIRAMFIN,0.015544479223586816
2025-05-25 18:30:00+00:00,SHRIRAMFIN,0.007047057849141503
2025-05-26 18:30:00+00:00,SHRIRAMFIN,-0.003912688319765323
2025-05-27 18:30:00+00:00,SHRIRAMFIN,-0.009367006906973563
2025-05-28 18:30:00+00:00,SHRIRAMFIN,-0.005261596311050165
2025-05-29 18:30:00+00:00,SHRIRAMFIN,-0.01977766475744691
2025-06-01 18:30:00+00:00,SHRIRAMFIN,0.00500512919859375
2025-06-02 18:30:00+00:00,SHRIRAMFIN,0.008870940955814088
2025-06-03 18:30:00+00:00,SHRIRAMFIN,-0.010875540168353126
2025-06-04 18:30:00+00:00,SHRIRAMFIN,0.015985614072858256
2025-06-05 18:30:00+00:00,SHRIRAMFIN,0.05648946553332479
2025-06-08 18:30:00+00:00,SHRIRAMFIN,0.014166329686780887
2025-06-09 18:30:00+00:00,SHRIRAMFIN,0.0034384932559667902
2025-06-10 18:30:00+00:00,SHRIRAMFIN,-0.02048840004322361
2025-06-11 18:30:00+00:00,SHRIRAMFIN,-0.02623709244939143
2025-06-12 18:30:00+00:00,SHRIRAMFIN,-0.0013472197330989255
2025-06-15 18:30:00+00:00,SHRIRAMFIN,0.01349018691251791
2025-06-16 18:30:00+00:00,SHRIRAMFIN,-0.016490402553602235
2025-06-17 18:30:00+00:00,SHRIRAMFIN,-0.004361003045541434
2025-06-18 18:30:00+00:00,SHRIRAMFIN,-0.014952315029173713
2025-06-19 18:30:00+00:00,SHRIRAMFIN,0.021695670645043297
2025-06-22 18:30:00+00:00,SHRIRAMFIN,-0.007053204554225312
2025-06-23 18:30:00+00:00,SHRIRAMFIN,0.02176364464882763
2025-06-24 18:30:00+00:00,SHRIRAMFIN,-0.001405181754844942
2025-06-25 18:30:00+00:00,SHRIRAMFIN,0.04162352953430526
2025-06-26 18:30:00+00:00,SHRIRAMFIN,-0.004621718048620771
2025-06-29 18:30:00+00:00,SHRIRAMFIN,0.009857752513148688
2025-06-30 18:30:00+00:00,SHRIRAMFIN,-0.014713059817117347
2025-07-01 18:30:00+00:00,SHRIRAMFIN,-0.02807098652673068
2025-07-02 18:30:00+00:00,SHRIRAMFIN,-0.002215979345228103
2025-07-03 18:30:00+00:00,SHRIRAMFIN,0.0011104504077816824
2025-07-06 18:30:00+00:00,SHRIRAMFIN,-0.00717302041549861
2025-07-07 18:30:00+00:00,SHRIRAMFIN,-0.003500551908681482
2025-07-08 18:30:00+00:00,SHRIRAMFIN,0.01808798562735192
2025-07-09 18:30:00+00:00,SHRIRAMFIN,-0.013655388644486344
2025-07-10 18:30:00+00:00,SHRIRAMFIN,-0.0007476284009539924
2025-07-13 18:30:00+00:00,SHRIRAMFIN,0.0022446551945154436
2025-07-14 18:30:00+00:00,SHRIRAMFIN,0.021948482779702294
2025-07-15 18:30:00+00:00,SHRIRAMFIN,-0.023522560520676805
2025-07-16 18:30:00+00:00,SHRIRAMFIN,-0.004339060465606059
2025-07-17 18:30:00+00:00,SHRIRAMFIN,-0.029979706916230975
2025-07-20 18:30:00+00:00,SHRIRAMFIN,0.015724304915535114
2025-07-21 18:30:00+00:00,SHRIRAMFIN,-0.023640673452087757
2025-07-22 18:30:00+00:00,SHRIRAMFIN,0.021713637034682876
2025-07-23 18:30:00+00:00,SHRIRAMFIN,-0.03134319796234197
2025-07-24 18:30:00+00:00,SHRIRAMFIN,-0.02793777738232217
2025-07-27 18:30:00+00:00,SHRIRAMFIN,0.028578399802252852
2025-07-28 18:30:00+00:00,SHRIRAMFIN,0.00773538291817677
2025-07-29 18:30:00+00:00,SHRIRAMFIN,-0.008694343063938015
2025-07-30 18:30:00+00:00,SHRIRAMFIN,-0.0030815141272696467
2025-07-31 18:30:00+00:00,SHRIRAMFIN,-0.02639292904948043
2025-08-03 18:30:00+00:00,SHRIRAMFIN,0.017421036356054298
2025-08-04 18:30:00+00:00,SHRIRAMFIN,0.008321254673827161
2025-08-05 18:30:00+00:00,SHRIRAMFIN,0.0007935850494540375
2025-08-06 18:30:00+00:00,SHRIRAMFIN,-0.005153871689570377
2025-08-07 18:30:00+00:00,SHRIRAMFIN,-0.02821378535581609
2025-08-10 18:30:00+00:00,SHRIRAMFIN,0.013040178855617368
2025-08-11 18:30:00+00:00,SHRIRAMFIN,-0.009229258528311912
2025-08-12 18:30:00+00:00,SHRIRAMFIN,0.012011763988050594
2025-08-13 18:30:00+00:00,SHRIRAMFIN,-0.004521564671404854
2025-08-17 18:30:00+00:00,SHRIRAMFIN,0.016789650179345195
2025-08-18 18:30:00+00:00,SHRIRAMFIN,-0.0007179182018030028
2025-08-19 18:30:00+00:00,SHRIRAMFIN,-0.01604535232137605
2025-08-20 18:30:00+00:00,SHRIRAMFIN,0.0056790843558798265
2025-08-21 18:30:00+00:00,SHRIRAMFIN,-0.006373040803907659
2025-08-24 18:30:00+00:00,SHRIRAMFIN,0.00811877746604761
2025-08-25 18:30:00+00:00,SHRIRAMFIN,-0.04211961628407035
2025-08-27 18:30:00+00:00,SHRIRAMFIN,-0.03875895111285499
2025-08-28 18:30:00+00:00,SHRIRAMFIN,0.015044063461180812
2025-08-31 18:30:00+00:00,SHRIRAMFIN,0.014390371284024539
2025-09-01 18:30:00+00:00,SHRIRAMFIN,-0.006795780125073869
2025-09-02 18:30:00+00:00,SHRIRAMFIN,0.0029079605893820304
2025-09-03 18:30:00+00:00,SHRIRAMFIN,-0.0008527656440391329
2025-09-04 18:30:00+00:00,SHRIRAMFIN,0.011437357646261637
2025-09-07 18:30:00+00:00,SHRIRAMFIN,0.007172969192610346
2025-09-08 18:30:00+00:00,SHRIRAMFIN,-0.0029325163146817212
2025-09-09 18:30:00+00:00,SHRIRAMFIN,0.016470514898906385
2025-09-10 18:30:00+00:00,SHRIRAMFIN,0.025214980648847973
2025-09-11 18:30:00+00:00,SHRIRAMFIN,0.02064349634048246
2025-09-14 18:30:00+00:00,SHRIRAMFIN,-0.014537425185434216
2025-09-15 18:30:00+00:00,SHRIRAMFIN,-0.00889927662422807
2025-09-16 18:30:00+00:00,SHRIRAMFIN,0.008332031044706367
2025-09-17 18:30:00+00:00,SHRIRAMFIN,0.005856457670737836
2025-09-18 18:30:00+00:00,SHRIRAMFIN,0.010049446954232266
2025-09-21 18:30:00+00:00,SHRIRAMFIN,-0.008449195724313574
2025-09-22 18:30:00+00:00,SHRIRAMFIN,0.0015130487002159576
2025-09-23 18:30:00+00:00,SHRIRAMFIN,-0.005804571546876636
2025-09-24 18:30:00+00:00,SHRIRAMFIN,-0.01991528445480939
2025-09-25 18:30:00+00:00,SHRIRAMFIN,-0.010853629642814666
2025-09-28 18:30:00+00:00,SHRIRAMFIN,0.009487625466315874
2025-09-29 18:30:00+00:00,SHRIRAMFIN,0.007028492066511127
2025-09-30 18:30:00+00:00,SHRIRAMFIN,0.05291355245726015
2025-10-02 18:30:00+00:00,SHRIRAMFIN,-0.00447059086354995
2025-10-05 18:30:00+00:00,SHRIRAMFIN,0.03971825385165939
2025-10-06 18:30:00+00:00,SHRIRAMFIN,-0.006925296170637862
2025-10-07 18:30:00+00:00,SHRIRAMFIN,0.0001500182066294098
2025-10-08 18:30:00+00:00,SHRIRAMFIN,0.003223756667741773
2025-10-09 18:30:00+00:00,SHRIRAMFIN,-0.005978620916389676
2025-10-12 18:30:00+00:00,SHRIRAMFIN,0.010675996887587136
2025-10-13 18:30:00+00:00,SHRIRAMFIN,0.0034217672047174297
2025-10-14 18:30:00+00:00,SHRIRAMFIN,0.004003274073453689
2025-10-15 18:30:00+00:00,SHRIRAMFIN,-0.00686700167376586
2025-10-16 18:30:00+00:00,SHRIRAMFIN,0.0044609393868697556
2025-10-19 18:30:00+00:00,SHRIRAMFIN,0.027313108599455793
2025-10-20 18:30:00+00:00,SHRIRAMFIN,0.0018733165481104042
2025-10-22 18:30:00+00:00,SHRIRAMFIN,0.020712007781675812
2025-10-23 18:30:00+00:00,SHRIRAMFIN,0.008173074094162125
2025-10-26 18:30:00+00:00,SHRIRAMFIN,0.005800478176174018
2025-10-27 18:30:00+00:00,SHRIRAMFIN,0.005697649284461592
2025-10-28 18:30:00+00:00,SHRIRAMFIN,0.02038134843578243
2025-10-29 18:30:00+00:00,SHRIRAMFIN,-0.00027084146710087964
2025-10-30 18:30:00+00:00,SHRIRAMFIN,0.014426028187121354
2025-11-02 18:30:00+00:00,SHRIRAMFIN,0.06349315547554157
2025-11-03 18:30:00+00:00,SHRIRAMFIN,6.276020620510359e-05
2025-11-05 18:30:00+00:00,SHRIRAMFIN,-0.0050219662355861505
2025-11-06 18:30:00+00:00,SHRIRAMFIN,0.03637166806514691
2025-11-09 18:30:00+00:00,SHRIRAMFIN,0.005818582889759671
2025-11-10 18:30:00+00:00,SHRIRAMFIN,0.013640253976428207
2025-11-11 18:30:00+00:00,SHRIRAMFIN,-0.011774586010695032
2025-11-12 18:30:00+00:00,SHRIRAMFIN,-0.010334346504559222
2025-11-13 18:30:00+00:00,SHRIRAMFIN,-0.005773970770308612
2025-11-16 18:30:00+00:00,SHRIRAMFIN,0.010626512728051374
2025-11-17 18:30:00+00:00,SHRIRAMFIN,0.00281206470756179
2025-11-18 18:30:00+00:00,SHRIRAMFIN,-0.002621341602125904
2025-11-19 18:30:00+00:00,SHRIRAMFIN,0.01045166911625528
2025-11-20 18:30:00+00:00,SHRIRAMFIN,-0.003992242790268108
2025-11-23 18:30:00+00:00,SHRIRAMFIN,0.005951687704014219
2025-11-24 18:30:00+00:00,SHRIRAMFIN,0.012134735142284025
2025-11-25 18:30:00+00:00,SHRIRAMFIN,0.021890814895243027
2025-11-26 18:30:00+00:00,SHRIRAMFIN,0.012899893933065343
2025-11-27 18:30:00+00:00,SHRIRAMFIN,-0.018440614936656163
2025-11-30 18:30:00+00:00,SHRIRAMFIN,-0.0001174621243774654
2025-12-01 18:30:00+00:00,SHRIRAMFIN,-0.009570739822366892
2025-12-02 18:30:00+00:00,SHRIRAMFIN,-0.018140915799420898
2025-12-03 18:30:00+00:00,SHRIRAMFIN,6.04381470843407e-05
2025-12-04 18:30:00+00:00,SHRIRAMFIN,0.032300910718352505
2025-12-07 18:30:00+00:00,SHRIRAMFIN,-0.02415489978283225
2025-12-08 18:30:00+00:00,SHRIRAMFIN,0.014923598689878581
2025-12-09 18:30:00+00:00,SHRIRAMFIN,-0.011160992170531125
2025-12-10 18:30:00+00:00,SHRIRAMFIN,0.01182445436137658
2025-12-11 18:30:00+00:00,SHRIRAMFIN,0.0010033353732421535
2025-12-14 18:30:00+00:00,SHRIRAMFIN,0.008667424040020633
2025-12-15 18:30:00+00:00,SHRIRAMFIN,-0.008125271959134706
2025-12-16 18:30:00+00:00,SHRIRAMFIN,0.018623275976306974
2025-12-17 18:30:00+00:00,SHRIRAMFIN,0.0060749825570962646
2025-12-18 18:30:00+00:00,SHRIRAMFIN,0.037092414224178194
2025-12-21 18:30:00+00:00,SHRIRAMFIN,0.03676384931809795
2025-12-22 18:30:00+00:00,SHRIRAMFIN,0.024549406649603478
2025-12-23 18:30:00+00:00,SHRIRAMFIN,0.016600568612138433
2025-12-25 18:30:00+00:00,SHRIRAMFIN,-0.013813301877797945
2025-12-28 18:30:00+00:00,SHRIRAMFIN,-0.004946628482166093
2025-12-29 18:30:00+00:00,SHRIRAMFIN,0.02501310770702503
2025-12-30 18:30:00+00:00,SHRIRAMFIN,0.017153346308133477
2025-12-31 18:30:00+00:00,SHRIRAMFIN,0.023589640345352825
2026-01-01 18:30:00+00:00,SHRIRAMFIN,-0.009169399342122686
2026-01-04 18:30:00+00:00,SHRIRAMFIN,-0.006928292343393649
2026-01-05 18:30:00+00:00,SHRIRAMFIN,-0.000697614181399131
2026-01-06 18:30:00+00:00,SHRIRAMFIN,-0.006782076160720796
2026-01-07 18:30:00+00:00,SHRIRAMFIN,-0.0029622445591159785
2026-01-08 18:30:00+00:00,SHRIRAMFIN,-0.017625138049852773
2026-01-11 18:30:00+00:00,SHRIRAMFIN,-0.0026656105761895255
2026-01-12 18:30:00+00:00,SHRIRAMFIN,0.006424753370093628
2026-01-13 18:30:00+00:00,SHRIRAMFIN,0.0020938540611088463
2026-01-14 18:30:00+00:00,SHRIRAMFIN,0.0
2026-01-15 18:30:00+00:00,SHRIRAMFIN,0.014626477401065596
2026-01-18 18:30:00+00:00,SHRIRAMFIN,0.014968067905159144
2026-01-19 18:30:00+00:00,SHRIRAMFIN,-0.02261590155696902
2026-01-20 18:30:00+00:00,SHRIRAMFIN,-0.0015189873417721378
2026-01-21 18:30:00+00:00,SHRIRAMFIN,0.019776876267748378
2026-01-22 18:30:00+00:00,SHRIRAMFIN,-0.001939345805103132
2026-01-26 18:30:00+00:00,SHRIRAMFIN,-0.0024911564251005602
2026-01-27 18:30:00+00:00,SHRIRAMFIN,0.017731382265069318
2026-01-28 18:30:00+00:00,SHRIRAMFIN,0.003926187718813479
2026-01-29 18:30:00+00:00,SHRIRAMFIN,-0.0027375712029589216
2026-02-01 18:30:00+00:00,SHRIRAMFIN,-0.05676472981770819
2026-02-02 18:30:00+00:00,SHRIRAMFIN,0.03980880345080484
2026-02-03 18:30:00+00:00,SHRIRAMFIN,-0.0015993968233165567
2026-02-04 18:30:00+00:00,SHRIRAMFIN,-0.006808157665274428
2026-02-05 18:30:00+00:00,SHRIRAMFIN,0.01058467741935476
2025-01-01 18:30:00+00:00,SUNPHARMA,-0.006322805254435515
2025-01-02 18:30:00+00:00,SUNPHARMA,-0.01509587907131782
2025-01-05 18:30:00+00:00,SUNPHARMA,-0.0012164724203899135
2025-01-06 18:30:00+00:00,SUNPHARMA,0.0032478774076643013
2025-01-07 18:30:00+00:00,SUNPHARMA,-0.008444014378109044
2025-01-08 18:30:00+00:00,SUNPHARMA,-0.006203262799627907
2025-01-09 18:30:00+00:00,SUNPHARMA,-0.022750226279369623
2025-01-12 18:30:00+00:00,SUNPHARMA,-0.02123493788596542
2025-01-13 18:30:00+00:00,SUNPHARMA,0.013710025322469122
2025-01-14 18:30:00+00:00,SUNPHARMA,-0.007905837521292258
2025-01-15 18:30:00+00:00,SUNPHARMA,0.003671436600184652
2025-01-16 18:30:00+00:00,SUNPHARMA,0.013185505227637506
2025-01-19 18:30:00+00:00,SUNPHARMA,-0.004645911260047653
2025-01-20 18:30:00+00:00,SUNPHARMA,-0.00874458663133304
2025-01-21 18:30:00+00:00,SUNPHARMA,0.020565062581842097
2025-01-22 18:30:00+00:00,SUNPHARMA,0.019261263684543506
2025-01-23 18:30:00+00:00,SUNPHARMA,-0.006217302738371289
2025-01-26 18:30:00+00:00,SUNPHARMA,-0.01939960820489861
2025-01-27 18:30:00+00:00,SUNPHARMA,-0.04552702301203937
2025-01-28 18:30:00+00:00,SUNPHARMA,0.017502108834549723
2025-01-29 18:30:00+00:00,SUNPHARMA,0.002160993902838637
2025-01-30 18:30:00+00:00,SUNPHARMA,0.0027888302179985835
2025-01-31 18:30:00+00:00,SUNPHARMA,-0.001003561780345441
2025-02-02 18:30:00+00:00,SUNPHARMA,-0.0009182280220699779
2025-02-03 18:30:00+00:00,SUNPHARMA,0.014161687410381596
2025-02-04 18:30:00+00:00,SUNPHARMA,-0.00708116169886619
2025-02-05 18:30:00+00:00,SUNPHARMA,-0.00014348509736039627
2025-02-06 18:30:00+00:00,SUNPHARMA,0.004477688828153026
2025-02-09 18:30:00+00:00,SUNPHARMA,-0.010115517147369357
2025-02-10 18:30:00+00:00,SUNPHARMA,-0.01867675486749454
2025-02-11 18:30:00+00:00,SUNPHARMA,-0.00347107648986944
2025-02-12 18:30:00+00:00,SUNPHARMA,0.030994457483467075
2025-02-13 18:30:00+00:00,SUNPHARMA,-0.026254782813149302
2025-02-16 18:30:00+00:00,SUNPHARMA,0.0080564382714019
2025-02-17 18:30:00+00:00,SUNPHARMA,-0.007350328102665227
2025-02-18 18:30:00+00:00,SUNPHARMA,-0.014692082107188087
2025-02-19 18:30:00+00:00,SUNPHARMA,-0.004353998454999619
2025-02-20 18:30:00+00:00,SUNPHARMA,-0.015305782992867223
2025-02-23 18:30:00+00:00,SUNPHARMA,-0.002585640773437925
2025-02-24 18:30:00+00:00,SUNPHARMA,-0.015797439460103258
2025-02-26 18:30:00+00:00,SUNPHARMA,0.021008908261128667
2025-02-27 18:30:00+00:00,SUNPHARMA,-0.03292867607117578
2025-03-02 18:30:00+00:00,SUNPHARMA,-0.005115309945647684
2025-03-03 18:30:00+00:00,SUNPHARMA,-0.011734267153640565
2025-03-04 18:30:00+00:00,SUNPHARMA,0.010181919992219068
2025-03-05 18:30:00+00:00,SUNPHARMA,0.019937438008797104
2025-03-06 18:30:00+00:00,SUNPHARMA,-0.002911989456716335
2025-03-09 18:30:00+00:00,SUNPHARMA,0.0013670282917486176
2025-03-10 18:30:00+00:00,SUNPHARMA,0.027179629612489542
2025-03-11 18:30:00+00:00,SUNPHARMA,0.013018806199978972
2025-03-12 18:30:00+00:00,SUNPHARMA,0.003935950929625953
2025-03-16 18:30:00+00:00,SUNPHARMA,0.012385275621881409
2025-03-17 18:30:00+00:00,SUNPHARMA,0.0
2025-03-18 18:30:00+00:00,SUNPHARMA,0.016458332218284966
2025-03-19 18:30:00+00:00,SUNPHARMA,0.010332827435384884
2025-03-20 18:30:00+00:00,SUNPHARMA,0.01956859367838293
2025-03-23 18:30:00+00:00,SUNPHARMA,0.00016813314597841078
2025-03-24 18:30:00+00:00,SUNPHARMA,-0.011233812480592631
2025-03-25 18:30:00+00:00,SUNPHARMA,-0.0032865801956790675
2025-03-26 18:30:00+00:00,SUNPHARMA,-0.015634280162325598
2025-03-27 18:30:00+00:00,SUNPHARMA,0.0018770123687035234
2025-03-31 18:30:00+00:00,SUNPHARMA,-0.020954586788830998
2025-04-01 18:30:00+00:00,SUNPHARMA,0.009008736340372803
2025-04-02 18:30:00+00:00,SUNPHARMA,0.032883016995499226
2025-04-03 18:30:00+00:00,SUNPHARMA,-0.034265566830875005
2025-04-06 18:30:00+00:00,SUNPHARMA,-0.025155742352711008
2025-04-07 18:30:00+00:00,SUNPHARMA,0.013202556949591937
2025-04-08 18:30:00+00:00,SUNPHARMA,-0.02141149786447205
2025-04-10 18:30:00+00:00,SUNPHARMA,0.02139577365297085
2025-04-14 18:30:00+00:00,SUNPHARMA,0.010340374589768109
2025-04-15 18:30:00+00:00,SUNPHARMA,-0.0069794104607942
2025-04-16 18:30:00+00:00,SUNPHARMA,0.034492896217273916
2025-04-20 18:30:00+00:00,SUNPHARMA,-0.003768128059347564
2025-04-21 18:30:00+00:00,SUNPHARMA,0.00143274238449842
2025-04-22 18:30:00+00:00,SUNPHARMA,0.02369231411719186
2025-04-23 18:30:00+00:00,SUNPHARMA,0.008441439503246606
2025-04-24 18:30:00+00:00,SUNPHARMA,-0.009146847301668037
2025-04-27 18:30:00+00:00,SUNPHARMA,0.030323274609109108
2025-04-28 18:30:00+00:00,SUNPHARMA,-0.019602484390563446
2025-04-29 18:30:00+00:00,SUNPHARMA,0.014843602945398437
2025-05-01 18:30:00+00:00,SUNPHARMA,-0.00420245772499217
2025-05-04 18:30:00+00:00,SUNPHARMA,0.0065768450465582
2025-05-05 18:30:00+00:00,SUNPHARMA,-0.00952851412954181
2025-05-06 18:30:00+00:00,SUNPHARMA,-0.020779529496970706
2025-05-07 18:30:00+00:00,SUNPHARMA,-0.007915554318549511
2025-05-08 18:30:00+00:00,SUNPHARMA,-0.01267539682722374
2025-05-11 18:30:00+00:00,SUNPHARMA,-0.033585574796078044
2025-05-12 18:30:00+00:00,SUNPHARMA,0.008184195386123472
2025-05-13 18:30:00+00:00,SUNPHARMA,0.004823465065172616
2025-05-14 18:30:00+00:00,SUNPHARMA,0.01867467514679988
2025-05-15 18:30:00+00:00,SUNPHARMA,-0.0029882907372267287
2025-05-18 18:30:00+00:00,SUNPHARMA,-0.0027092035545489557
2025-05-19 18:30:00+00:00,SUNPHARMA,-0.012946458055315468
2025-05-20 18:30:00+00:00,SUNPHARMA,0.014053225982592288
2025-05-21 18:30:00+00:00,SUNPHARMA,-0.00756447139880434
2025-05-22 18:30:00+00:00,SUNPHARMA,-0.020422333380956448
2025-05-25 18:30:00+00:00,SUNPHARMA,-0.004454799243729712
2025-05-26 18:30:00+00:00,SUNPHARMA,0.004355370779426826
2025-05-27 18:30:00+00:00,SUNPHARMA,-0.010098593661488797
2025-05-28 18:30:00+00:00,SUNPHARMA,0.020043207312621325
2025-05-29 18:30:00+00:00,SUNPHARMA,-0.013060372022190792
2025-06-01 18:30:00+00:00,SUNPHARMA,-0.0017882487726869067
2025-06-02 18:30:00+00:00,SUNPHARMA,-0.00423987603447229
2025-06-03 18:30:00+00:00,SUNPHARMA,-0.001559123998666978
2025-06-04 18:30:00+00:00,SUNPHARMA,0.010931502948570149
2025-06-05 18:30:00+00:00,SUNPHARMA,-0.0023171194538869067
2025-06-08 18:30:00+00:00,SUNPHARMA,0.009051939807305454
2025-06-09 18:30:00+00:00,SUNPHARMA,-0.0033049625071649436
2025-06-10 18:30:00+00:00,SUNPHARMA,0.0010658188776508926
2025-06-11 18:30:00+00:00,SUNPHARMA,-0.0018928365760190191
2025-06-12 18:30:00+00:00,SUNPHARMA,0.00023705327511192031
2025-06-15 18:30:00+00:00,SUNPHARMA,-0.0014812135799554538
2025-06-16 18:30:00+00:00,SUNPHARMA,-0.02082721675966781
2025-06-17 18:30:00+00:00,SUNPHARMA,-0.0013331467859075685
2025-06-18 18:30:00+00:00,SUNPHARMA,-0.00024272069781494654
2025-06-19 18:30:00+00:00,SUNPHARMA,0.010621552501262288
2025-06-22 18:30:00+00:00,SUNPHARMA,-0.0015615192153922708
2025-06-23 18:30:00+00:00,SUNPHARMA,-0.00048120747634783356
2025-06-24 18:30:00+00:00,SUNPHARMA,0.004754155954830974
2025-06-25 18:30:00+00:00,SUNPHARMA,0.00011982720075986997
2025-06-26 18:30:00+00:00,SUNPHARMA,0.010659947304495265
2025-06-29 18:30:00+00:00,SUNPHARMA,-0.007051371576026866
2025-06-30 18:30:00+00:00,SUNPHARMA,-0.005072535357718011
2025-07-01 18:30:00+00:00,SUNPHARMA,0.006177950740977822
2025-07-02 18:30:00+00:00,SUNPHARMA,0.001311524366370831
2025-07-03 18:30:00+00:00,SUNPHARMA,-0.0020241530436416744
2025-07-06 18:30:00+00:00,SUNPHARMA,0.005446486756461422
2025-07-07 18:30:00+00:00,SUNPHARMA,-0.004404983162343279
2025-07-08 18:30:00+00:00,SUNPHARMA,-0.0018534904366842575
2025-07-09 18:30:00+00:00,SUNPHARMA,-0.004133295219770239
2025-07-10 18:30:00+00:00,SUNPHARMA,0.005714305562442901
2025-07-13 18:30:00+00:00,SUNPHARMA,0.0063397293995535176
2025-07-14 18:30:00+00:00,SUNPHARMA,0.026684897297534205
2025-07-15 18:30:00+00:00,SUNPHARMA,-0.015340090824216501
2025-07-16 18:30:00+00:00,SUNPHARMA,0.0014109411137579464
2025-07-17 18:30:00+00:00,SUNPHARMA,-0.005753237440272452
2025-07-20 18:30:00+00:00,SUNPHARMA,-0.0007675326437146524
2025-07-21 18:30:00+00:00,SUNPHARMA,-0.00845007024179878
2025-07-22 18:30:00+00:00,SUNPHARMA,0.0026817578085529536
2025-07-23 18:30:00+00:00,SUNPHARMA,0.005646379028144022
2025-07-24 18:30:00+00:00,SUNPHARMA,0.004137122362506407
2025-07-27 18:30:00+00:00,SUNPHARMA,0.0018833729065337312
2025-07-28 18:30:00+00:00,SUNPHARMA,0.004876131281079443
2025-07-29 18:30:00+00:00,SUNPHARMA,0.01362176736042331
2025-07-30 18:30:00+00:00,SUNPHARMA,-0.01563044763664334
2025-07-31 18:30:00+00:00,SUNPHARMA,-0.04511630615763973
2025-08-03 18:30:00+00:00,SUNPHARMA,0.00730190872670633
2025-08-04 18:30:00+00:00,SUNPHARMA,-0.005786982376950522
2025-08-05 18:30:00+00:00,SUNPHARMA,-0.022608916645851962
2025-08-06 18:30:00+00:00,SUNPHARMA,0.002006001444906369
2025-08-07 18:30:00+00:00,SUNPHARMA,-0.007194695295814624
2025-08-10 18:30:00+00:00,SUNPHARMA,0.013548482752186564
2025-08-11 18:30:00+00:00,SUNPHARMA,0.008579879102988297
2025-08-12 18:30:00+00:00,SUNPHARMA,0.010849563624113268
2025-08-13 18:30:00+00:00,SUNPHARMA,0.0009756831467857552
2025-08-17 18:30:00+00:00,SUNPHARMA,-0.005300395940946556
2025-08-18 18:30:00+00:00,SUNPHARMA,-0.0037361658430505873
2025-08-19 18:30:00+00:00,SUNPHARMA,0.003996115146126078
2025-08-20 18:30:00+00:00,SUNPHARMA,0.004347498005004891
2025-08-21 18:30:00+00:00,SUNPHARMA,0.0009755951400021168
2025-08-24 18:30:00+00:00,SUNPHARMA,0.009075327191318205
2025-08-25 18:30:00+00:00,SUNPHARMA,-0.03404351318768417
2025-08-27 18:30:00+00:00,SUNPHARMA,-0.00912334309657159
2025-08-28 18:30:00+00:00,SUNPHARMA,0.005549650563782427
2025-08-31 18:30:00+00:00,SUNPHARMA,-0.01956727323639218
2025-09-01 18:30:00+00:00,SUNPHARMA,0.001215350448313668
2025-09-02 18:30:00+00:00,SUNPHARMA,0.00862507600456719
2025-09-03 18:30:00+00:00,SUNPHARMA,0.002280445448775037
2025-09-04 18:30:00+00:00,SUNPHARMA,0.007141411771173445
2025-09-07 18:30:00+00:00,SUNPHARMA,-0.007906623922546818
2025-09-08 18:30:00+00:00,SUNPHARMA,0.006767892729572456
2025-09-09 18:30:00+00:00,SUNPHARMA,0.0010680774520952507
2025-09-10 18:30:00+00:00,SUNPHARMA,0.010229634147563837
2025-09-11 18:30:00+00:00,SUNPHARMA,0.004286513427373517
2025-09-14 18:30:00+00:00,SUNPHARMA,-0.009031277994503095
2025-09-15 18:30:00+00:00,SUNPHARMA,0.005305898065218084
2025-09-16 18:30:00+00:00,SUNPHARMA,0.006022931371508555
2025-09-17 18:30:00+00:00,SUNPHARMA,0.01752867858374052
2025-09-18 18:30:00+00:00,SUNPHARMA,0.004488689924832423
2025-09-21 18:30:00+00:00,SUNPHARMA,-0.0072463354141689695
2025-09-22 18:30:00+00:00,SUNPHARMA,-0.007785972813142528
2025-09-23 18:30:00+00:00,SUNPHARMA,-0.0025134545515898
2025-09-24 18:30:00+00:00,SUNPHARMA,0.00018439682680404523
2025-09-25 18:30:00+00:00,SUNPHARMA,-0.025009248340206014
2025-09-28 18:30:00+00:00,SUNPHARMA,0.0016387188305233558
2025-09-29 18:30:00+00:00,SUNPHARMA,0.003145988719432946
2025-09-30 18:30:00+00:00,SUNPHARMA,0.026281084276115863
2025-10-02 18:30:00+00:00,SUNPHARMA,-0.003055887539493929
2025-10-05 18:30:00+00:00,SUNPHARMA,0.014406606295552127
2025-10-06 18:30:00+00:00,SUNPHARMA,-0.0009669717841449543
2025-10-07 18:30:00+00:00,SUNPHARMA,-0.013005846614534078
2025-10-08 18:30:00+00:00,SUNPHARMA,0.016486915017721593
2025-10-09 18:30:00+00:00,SUNPHARMA,0.007476619867014422
2025-10-12 18:30:00+00:00,SUNPHARMA,-0.0014962125557145267
2025-10-13 18:30:00+00:00,SUNPHARMA,-0.008391212994107833
2025-10-14 18:30:00+00:00,SUNPHARMA,0.0004230850721818058
2025-10-15 18:30:00+00:00,SUNPHARMA,0.002356308041957078
2025-10-16 18:30:00+00:00,SUNPHARMA,0.012115769036621593
2025-10-19 18:30:00+00:00,SUNPHARMA,0.0056578123315897955
2025-10-20 18:30:00+00:00,SUNPHARMA,0.0011251672125518475
2025-10-22 18:30:00+00:00,SUNPHARMA,-0.00035488984496845344
2025-10-23 18:30:00+00:00,SUNPHARMA,0.005384927901903591
2025-10-26 18:30:00+00:00,SUNPHARMA,-0.003178390646136342
2025-10-27 18:30:00+00:00,SUNPHARMA,-0.003897005534505227
2025-10-28 18:30:00+00:00,SUNPHARMA,0.017131012579682636
2025-10-29 18:30:00+00:00,SUNPHARMA,-0.007284797943681975
2025-10-30 18:30:00+00:00,SUNPHARMA,-0.007455752566647544
2025-11-02 18:30:00+00:00,SUNPHARMA,0.009286143142860803
2025-11-03 18:30:00+00:00,SUNPHARMA,-0.009610824293372455
2025-11-05 18:30:00+00:00,SUNPHARMA,-0.002426076671031119
2025-11-06 18:30:00+00:00,SUNPHARMA,0.0032623368476301096
2025-11-09 18:30:00+00:00,SUNPHARMA,0.0037838890921193524
2025-11-10 18:30:00+00:00,SUNPHARMA,0.010778648945643177
2025-11-11 18:30:00+00:00,SUNPHARMA,0.009323460266255523
2025-11-12 18:30:00+00:00,SUNPHARMA,0.0030598419454059833
2025-11-13 18:30:00+00:00,SUNPHARMA,0.011338792288255073
2025-11-16 18:30:00+00:00,SUNPHARMA,0.003870007303549805
2025-11-17 18:30:00+00:00,SUNPHARMA,-0.0028912812362192897
2025-11-18 18:30:00+00:00,SUNPHARMA,0.014384738578879785
2025-11-19 18:30:00+00:00,SUNPHARMA,-0.003755314450684999
2025-11-20 18:30:00+00:00,SUNPHARMA,0.0012939558939313311
2025-11-23 18:30:00+00:00,SUNPHARMA,0.0006181477947608816
2025-11-24 18:30:00+00:00,SUNPHARMA,-0.002246214562372506
2025-11-25 18:30:00+00:00,SUNPHARMA,0.01581497933217091
2025-11-26 18:30:00+00:00,SUNPHARMA,0.002991834893136369
2025-11-27 18:30:00+00:00,SUNPHARMA,0.011765973835006438
2025-11-30 18:30:00+00:00,SUNPHARMA,-0.01321242880323703
2025-12-01 18:30:00+00:00,SUNPHARMA,-0.004370978767511802
2025-12-02 18:30:00+00:00,SUNPHARMA,0.004001129563624195
2025-12-03 18:30:00+00:00,SUNPHARMA,0.006420552077440966
2025-12-04 18:30:00+00:00,SUNPHARMA,-0.007149488694796702
2025-12-07 18:30:00+00:00,SUNPHARMA,-0.005040775653462615
2025-12-08 18:30:00+00:00,SUNPHARMA,-0.011245934797382007
2025-12-09 18:30:00+00:00,SUNPHARMA,0.005349048207569762
2025-12-10 18:30:00+00:00,SUNPHARMA,0.012153450603120675
2025-12-11 18:30:00+00:00,SUNPHARMA,-0.007580782831776545
2025-12-14 18:30:00+00:00,SUNPHARMA,0.002007257529681894
2025-12-15 18:30:00+00:00,SUNPHARMA,-0.008791925523165323
2025-12-16 18:30:00+00:00,SUNPHARMA,0.006512104372450311
2025-12-17 18:30:00+00:00,SUNPHARMA,-0.026214505580413605
2025-12-18 18:30:00+00:00,SUNPHARMA,-0.0005727613451468327
2025-12-21 18:30:00+00:00,SUNPHARMA,0.014270134955944203
2025-12-22 18:30:00+00:00,SUNPHARMA,-0.007854001407325062
2025-12-23 18:30:00+00:00,SUNPHARMA,-0.010763672219665121
2025-12-25 18:30:00+00:00,SUNPHARMA,-0.010074857460589892
2025-12-28 18:30:00+00:00,SUNPHARMA,-0.0013376696666879129
2025-12-29 18:30:00+00:00,SUNPHARMA,0.001747073823062939
2025-12-30 18:30:00+00:00,SUNPHARMA,-0.0002906949544998483
2025-12-31 18:30:00+00:00,SUNPHARMA,0.0008141111067687667
2026-01-01 18:30:00+00:00,SUNPHARMA,0.004009064368897919
2026-01-04 18:30:00+00:00,SUNPHARMA,0.0005208890294485791
2026-01-05 18:30:00+00:00,SUNPHARMA,0.01810394192844078
2026-01-06 18:30:00+00:00,SUNPHARMA,0.012725861229431201
2026-01-07 18:30:00+00:00,SUNPHARMA,-0.012285429552369331
2026-01-08 18:30:00+00:00,SUNPHARMA,-0.017493028537742372
2026-01-11 18:30:00+00:00,SUNPHARMA,0.0035261661657510768
2026-01-12 18:30:00+00:00,SUNPHARMA,-0.004205094168390211
2026-01-13 18:30:00+00:00,SUNPHARMA,-0.01619709806168579
2026-01-14 18:30:00+00:00,SUNPHARMA,0.0
2026-01-15 18:30:00+00:00,SUNPHARMA,-0.01869815950016107
2026-01-18 18:30:00+00:00,SUNPHARMA,0.0038947556111528225
2026-01-19 18:30:00+00:00,SUNPHARMA,-0.03676731030665359
2026-01-20 18:30:00+00:00,SUNPHARMA,-0.0005576734033105879
2026-01-21 18:30:00+00:00,SUNPHARMA,0.01320599046147275
2026-01-22 18:30:00+00:00,SUNPHARMA,-0.0014074165741044808
2026-01-26 18:30:00+00:00,SUNPHARMA,0.0042894853776989095
2026-01-27 18:30:00+00:00,SUNPHARMA,-0.017267726298839103
2026-01-28 18:30:00+00:00,SUNPHARMA,-0.013224773859433658
2026-01-29 18:30:00+00:00,SUNPHARMA,0.0037751864633195353
2026-02-01 18:30:00+00:00,SUNPHARMA,0.020435055914217903
2026-02-02 18:30:00+00:00,SUNPHARMA,0.04558016074338345
2026-02-03 18:30:00+00:00,SUNPHARMA,0.001351272047226848
2026-02-04 18:30:00+00:00,SUNPHARMA,0.005432828061437078
2026-02-05 18:30:00+00:00,SUNPHARMA,-0.004405027668004546
2025-01-01 18:30:00+00:00,TATACONSUM,0.010159771330315204
2025-01-02 18:30:00+00:00,TATACONSUM,0.010541604687509532
2025-01-05 18:30:00+00:00,TATACONSUM,0.007930184167356469
2025-01-06 18:30:00+00:00,TATACONSUM,0.008554225277802585
2025-01-07 18:30:00+00:00,TATACONSUM,0.006910938847353165
2025-01-08 18:30:00+00:00,TATACONSUM,0.008839469818524126
2025-01-09 18:30:00+00:00,TATACONSUM,0.0027831957623369874
2025-01-12 18:30:00+00:00,TATACONSUM,-0.007555480662593705
2025-01-13 18:30:00+00:00,TATACONSUM,-0.002382247065610299
2025-01-14 18:30:00+00:00,TATACONSUM,-0.007890817233254355
2025-01-15 18:30:00+00:00,TATACONSUM,-0.01868035077771346
2025-01-16 18:30:00+00:00,TATACONSUM,0.01786285353598438
2025-01-19 18:30:00+00:00,TATACONSUM,0.006129167003808167
2025-01-20 18:30:00+00:00,TATACONSUM,0.012287834301939249
2025-01-21 18:30:00+00:00,TATACONSUM,-0.004834875570803976
2025-01-22 18:30:00+00:00,TATACONSUM,0.017056015543107428
2025-01-23 18:30:00+00:00,TATACONSUM,0.008588253829002301
2025-01-26 18:30:00+00:00,TATACONSUM,-0.026754674330563
2025-01-27 18:30:00+00:00,TATACONSUM,-0.004711071712471315
2025-01-28 18:30:00+00:00,TATACONSUM,-0.0007802597232464681
2025-01-29 18:30:00+00:00,TATACONSUM,0.006455004520180552
2025-01-30 18:30:00+00:00,TATACONSUM,0.059946220213190626
2025-01-31 18:30:00+00:00,TATACONSUM,0.04411258518178918
2025-02-02 18:30:00+00:00,TATACONSUM,-0.03135946455374383
2025-02-03 18:30:00+00:00,TATACONSUM,-0.002026601668582151
2025-02-04 18:30:00+00:00,TATACONSUM,-0.018274908300838666
2025-02-05 18:30:00+00:00,TATACONSUM,0.007928636938194344
2025-02-06 18:30:00+00:00,TATACONSUM,-0.0021009160729513754
2025-02-09 18:30:00+00:00,TATACONSUM,0.006169223127060475
2025-02-10 18:30:00+00:00,TATACONSUM,-0.01333336524899309
2025-02-11 18:30:00+00:00,TATACONSUM,0.015732931422437035
2025-02-12 18:30:00+00:00,TATACONSUM,-0.006749206125905793
2025-02-13 18:30:00+00:00,TATACONSUM,-0.0002444351036220427
2025-02-16 18:30:00+00:00,TATACONSUM,0.0006845375216639749
2025-02-17 18:30:00+00:00,TATACONSUM,0.0036158804537305134
2025-02-18 18:30:00+00:00,TATACONSUM,-0.0016065967642698853
2025-02-19 18:30:00+00:00,TATACONSUM,-0.015995328556382193
2025-02-20 18:30:00+00:00,TATACONSUM,-0.004856775967640448
2025-02-23 18:30:00+00:00,TATACONSUM,-0.001593592168401936
2025-02-24 18:30:00+00:00,TATACONSUM,0.002444042624633491
2025-02-26 18:30:00+00:00,TATACONSUM,0.003134862799958338
2025-02-27 18:30:00+00:00,TATACONSUM,-0.043948442478036975
2025-03-02 18:30:00+00:00,TATACONSUM,-0.010169078856826053
2025-03-03 18:30:00+00:00,TATACONSUM,0.0006813323948091643
2025-03-04 18:30:00+00:00,TATACONSUM,0.002357144835609448
2025-03-05 18:30:00+00:00,TATACONSUM,0.0014109739145264921
2025-03-06 18:30:00+00:00,TATACONSUM,0.004070310936280519
2025-03-09 18:30:00+00:00,TATACONSUM,-0.004937344156107137
2025-03-10 18:30:00+00:00,TATACONSUM,0.0026636881010135838
2025-03-11 18:30:00+00:00,TATACONSUM,-0.015002287564910066
2025-03-12 18:30:00+00:00,TATACONSUM,0.000687486899475731
2025-03-16 18:30:00+00:00,TATACONSUM,-0.005971847154819798
2025-03-17 18:30:00+00:00,TATACONSUM,0.0
2025-03-18 18:30:00+00:00,TATACONSUM,0.009995177501422647
2025-03-19 18:30:00+00:00,TATACONSUM,0.016844736731035592
2025-03-20 18:30:00+00:00,TATACONSUM,-0.004814341573664005
2025-03-23 18:30:00+00:00,TATACONSUM,0.009623383881841141
2025-03-24 18:30:00+00:00,TATACONSUM,0.0002576209158275944
2025-03-25 18:30:00+00:00,TATACONSUM,-0.011383582359754674
2025-03-26 18:30:00+00:00,TATACONSUM,0.014484437152669116
2025-03-27 18:30:00+00:00,TATACONSUM,0.029120279188868947
2025-03-31 18:30:00+00:00,TATACONSUM,-0.009631734060717823
2025-04-01 18:30:00+00:00,TATACONSUM,0.07100024582611497
2025-04-02 18:30:00+00:00,TATACONSUM,0.007810250703805588
2025-04-03 18:30:00+00:00,TATACONSUM,0.015732996061009752
2025-04-06 18:30:00+00:00,TATACONSUM,-0.037229379483964986
2025-04-07 18:30:00+00:00,TATACONSUM,0.021387333460924696
2025-04-08 18:30:00+00:00,TATACONSUM,0.018695881937541348
2025-04-10 18:30:00+00:00,TATACONSUM,0.0074788228476829754
2025-04-14 18:30:00+00:00,TATACONSUM,0.005009616559636276
2025-04-15 18:30:00+00:00,TATACONSUM,0.0022656871165109838
2025-04-16 18:30:00+00:00,TATACONSUM,0.012930558531674352
2025-04-20 18:30:00+00:00,TATACONSUM,0.0007142256491976529
2025-04-21 18:30:00+00:00,TATACONSUM,0.014005330599872412
2025-04-22 18:30:00+00:00,TATACONSUM,0.01178848771115204
2025-04-23 18:30:00+00:00,TATACONSUM,0.009738347925992485
2025-04-24 18:30:00+00:00,TATACONSUM,-0.0048222135694832025
2025-04-27 18:30:00+00:00,TATACONSUM,-0.0004326524714235447
2025-04-28 18:30:00+00:00,TATACONSUM,0.011859446950891028
2025-04-29 18:30:00+00:00,TATACONSUM,-0.0026520270732323104
2025-05-01 18:30:00+00:00,TATACONSUM,-0.009521439615762683
2025-05-04 18:30:00+00:00,TATACONSUM,0.005888999139590068
2025-05-05 18:30:00+00:00,TATACONSUM,-0.005337846758610154
2025-05-06 18:30:00+00:00,TATACONSUM,-0.008049951296442814
2025-05-07 18:30:00+00:00,TATACONSUM,-0.02617801440396006
2025-05-08 18:30:00+00:00,TATACONSUM,-0.0020609336868168127
2025-05-11 18:30:00+00:00,TATACONSUM,0.028643233281546276
2025-05-12 18:30:00+00:00,TATACONSUM,-0.023568354195578345
2025-05-13 18:30:00+00:00,TATACONSUM,0.0016091412680256933
2025-05-14 18:30:00+00:00,TATACONSUM,0.023919981498866205
2025-05-15 18:30:00+00:00,TATACONSUM,0.018131098972496096
2025-05-18 18:30:00+00:00,TATACONSUM,-0.016010233038737276
2025-05-19 18:30:00+00:00,TATACONSUM,-0.01809796914121853
2025-05-20 18:30:00+00:00,TATACONSUM,0.009127176990321173
2025-05-21 18:30:00+00:00,TATACONSUM,-0.010625223464558853
2025-05-22 18:30:00+00:00,TATACONSUM,0.0125144850651433
2025-05-25 18:30:00+00:00,TATACONSUM,0.0048211208297450625
2025-05-26 18:30:00+00:00,TATACONSUM,-0.006891772216741976
2025-05-27 18:30:00+00:00,TATACONSUM,-0.014933191201970675
2025-05-28 18:30:00+00:00,TATACONSUM,-0.003009455610173295
2025-05-29 18:30:00+00:00,TATACONSUM,-0.0031537212524866964
2025-06-01 18:30:00+00:00,TATACONSUM,0.012745164027492484
2025-06-02 18:30:00+00:00,TATACONSUM,-0.005176766067243044
2025-06-03 18:30:00+00:00,TATACONSUM,0.008792435889811712
2025-06-04 18:30:00+00:00,TATACONSUM,-0.011117039957833419
2025-06-05 18:30:00+00:00,TATACONSUM,0.0033275933902643384
2025-06-08 18:30:00+00:00,TATACONSUM,0.005019698555475793
2025-06-09 18:30:00+00:00,TATACONSUM,-0.005440577819827652
2025-06-10 18:30:00+00:00,TATACONSUM,-0.009685164554090853
2025-06-11 18:30:00+00:00,TATACONSUM,-0.017386645289532043
2025-06-12 18:30:00+00:00,TATACONSUM,-0.0061745012649706554
2025-06-15 18:30:00+00:00,TATACONSUM,0.004636498411354051
2025-06-16 18:30:00+00:00,TATACONSUM,-0.010891682261597535
2025-06-17 18:30:00+00:00,TATACONSUM,-0.00597240067177407
2025-06-18 18:30:00+00:00,TATACONSUM,0.021686161016846173
2025-06-19 18:30:00+00:00,TATACONSUM,0.010934394753141508
2025-06-22 18:30:00+00:00,TATACONSUM,0.00836218292173907
2025-06-23 18:30:00+00:00,TATACONSUM,-0.0015324258200601903
2025-06-24 18:30:00+00:00,TATACONSUM,0.016972149189169672
2025-06-25 18:30:00+00:00,TATACONSUM,0.016777651499389812
2025-06-26 18:30:00+00:00,TATACONSUM,-0.01842149042796759
2025-06-29 18:30:00+00:00,TATACONSUM,-0.022591855653246062
2025-06-30 18:30:00+00:00,TATACONSUM,-0.003003047369923073
2025-07-01 18:30:00+00:00,TATACONSUM,0.00018261523060036922
2025-07-02 18:30:00+00:00,TATACONSUM,-0.005840503859172896
2025-07-03 18:30:00+00:00,TATACONSUM,0.0002753137057931454
2025-07-06 18:30:00+00:00,TATACONSUM,0.011195809662162048
2025-07-07 18:30:00+00:00,TATACONSUM,-0.0018150466972387536
2025-07-08 18:30:00+00:00,TATACONSUM,-0.0018183470821044878
2025-07-09 18:30:00+00:00,TATACONSUM,-0.008197467710963191
2025-07-10 18:30:00+00:00,TATACONSUM,-0.01111210883887026
2025-07-13 18:30:00+00:00,TATACONSUM,-0.004643387605193228
2025-07-14 18:30:00+00:00,TATACONSUM,0.009330098473995907
2025-07-15 18:30:00+00:00,TATACONSUM,-0.0002773607086171692
2025-07-16 18:30:00+00:00,TATACONSUM,0.022468838491100263
2025-07-17 18:30:00+00:00,TATACONSUM,-0.00895281603989262
2025-07-20 18:30:00+00:00,TATACONSUM,-0.005109932896416924
2025-07-21 18:30:00+00:00,TATACONSUM,-0.005044482943857065
2025-07-22 18:30:00+00:00,TATACONSUM,-0.020464668365538508
2025-07-23 18:30:00+00:00,TATACONSUM,0.009599165703502832
2025-07-24 18:30:00+00:00,TATACONSUM,-0.017151401544175715
2025-07-27 18:30:00+00:00,TATACONSUM,0.005216236601527369
2025-07-28 18:30:00+00:00,TATACONSUM,0.0016038787930161558
2025-07-29 18:30:00+00:00,TATACONSUM,0.01083270559953875
2025-07-30 18:30:00+00:00,TATACONSUM,9.316521126834232e-05
2025-07-31 18:30:00+00:00,TATACONSUM,-0.002608951626167255
2025-08-03 18:30:00+00:00,TATACONSUM,0.002055260763917932
2025-08-04 18:30:00+00:00,TATACONSUM,-0.007458512196618083
2025-08-05 18:30:00+00:00,TATACONSUM,-0.011083906658290177
2025-08-06 18:30:00+00:00,TATACONSUM,0.0
2025-08-07 18:30:00+00:00,TATACONSUM,-0.0017097727437690446
2025-08-10 18:30:00+00:00,TATACONSUM,0.007706922536572236
2025-08-11 18:30:00+00:00,TATACONSUM,-0.011613565330324649
2025-08-12 18:30:00+00:00,TATACONSUM,0.008884148188781138
2025-08-13 18:30:00+00:00,TATACONSUM,-0.00463973537291662
2025-08-17 18:30:00+00:00,TATACONSUM,0.01912109835416409
2025-08-18 18:30:00+00:00,TATACONSUM,0.013534956911335216
2025-08-19 18:30:00+00:00,TATACONSUM,0.01795910768381881
2025-08-20 18:30:00+00:00,TATACONSUM,-0.015561451626120548
2025-08-21 18:30:00+00:00,TATACONSUM,-0.003676132790873421
2025-08-24 18:30:00+00:00,TATACONSUM,-0.00230606037847092
2025-08-25 18:30:00+00:00,TATACONSUM,-0.001571700453260494
2025-08-27 18:30:00+00:00,TATACONSUM,-0.0162052038192102
2025-08-28 18:30:00+00:00,TATACONSUM,0.002823795115831862
2025-08-31 18:30:00+00:00,TATACONSUM,0.009667661462160249
2025-09-01 18:30:00+00:00,TATACONSUM,0.0233337350521452
2025-09-02 18:30:00+00:00,TATACONSUM,0.0032703265136750925
2025-09-03 18:30:00+00:00,TATACONSUM,-0.03015216234334317
2025-09-04 18:30:00+00:00,TATACONSUM,0.0012137511509267007
2025-09-07 18:30:00+00:00,TATACONSUM,0.0016784098441213757
2025-09-08 18:30:00+00:00,TATACONSUM,0.00865765150890141
2025-09-09 18:30:00+00:00,TATACONSUM,0.01615136132902628
2025-09-10 18:30:00+00:00,TATACONSUM,0.0039055847666893406
2025-09-11 18:30:00+00:00,TATACONSUM,-0.0012666464780733966
2025-09-14 18:30:00+00:00,TATACONSUM,-0.0011776871087715302
2025-09-15 18:30:00+00:00,TATACONSUM,-0.009522945975416142
2025-09-16 18:30:00+00:00,TATACONSUM,0.04047255217497203
2025-09-17 18:30:00+00:00,TATACONSUM,-0.006160344714601695
2025-09-18 18:30:00+00:00,TATACONSUM,-0.002213760641022078
2025-09-21 18:30:00+00:00,TATACONSUM,0.002928582370265609
2025-09-22 18:30:00+00:00,TATACONSUM,-0.0014157823382908719
2025-09-23 18:30:00+00:00,TATACONSUM,0.010279109956524257
2025-09-24 18:30:00+00:00,TATACONSUM,-0.005175006175252572
2025-09-25 18:30:00+00:00,TATACONSUM,-0.013401474013616466
2025-09-28 18:30:00+00:00,TATACONSUM,0.0036639638837689947
2025-09-29 18:30:00+00:00,TATACONSUM,0.0055204998459312815
2025-09-30 18:30:00+00:00,TATACONSUM,0.013725315974336905
2025-10-02 18:30:00+00:00,TATACONSUM,-0.006376702058667583
2025-10-05 18:30:00+00:00,TATACONSUM,0.0040439345810439065
2025-10-06 18:30:00+00:00,TATACONSUM,-0.019350298623900586
2025-10-07 18:30:00+00:00,TATACONSUM,0.0001785278320312056
2025-10-08 18:30:00+00:00,TATACONSUM,-0.00196389150845222
2025-10-09 18:30:00+00:00,TATACONSUM,0.007602862254024956
2025-10-12 18:30:00+00:00,TATACONSUM,-0.008433200177541011
2025-10-13 18:30:00+00:00,TATACONSUM,0.0017010066374776311
2025-10-14 18:30:00+00:00,TATACONSUM,-0.004200619483093471
2025-10-15 18:30:00+00:00,TATACONSUM,0.03150251229084411
2025-10-16 18:30:00+00:00,TATACONSUM,0.014530540731206854
2025-10-19 18:30:00+00:00,TATACONSUM,0.008919403442592122
2025-10-20 18:30:00+00:00,TATACONSUM,-0.0015301332801498368
2025-10-22 18:30:00+00:00,TATACONSUM,-0.011578389127033017
2025-10-23 18:30:00+00:00,TATACONSUM,-0.004909518666558976
2025-10-26 18:30:00+00:00,TATACONSUM,0.012637388530145843
2025-10-27 18:30:00+00:00,TATACONSUM,-0.0008547738944623129
2025-10-28 18:30:00+00:00,TATACONSUM,0.007015100522378193
2025-10-29 18:30:00+00:00,TATACONSUM,-0.00042477275539076764
2025-10-30 18:30:00+00:00,TATACONSUM,-0.009858894974191013
2025-11-02 18:30:00+00:00,TATACONSUM,0.027896995708154515
2025-11-03 18:30:00+00:00,TATACONSUM,-0.015198289078810046
2025-11-05 18:30:00+00:00,TATACONSUM,0.009412342174468291
2025-11-06 18:30:00+00:00,TATACONSUM,-0.01948930843949459
2025-11-09 18:30:00+00:00,TATACONSUM,-0.020990405264669443
2025-11-10 18:30:00+00:00,TATACONSUM,0.011814124946934124
2025-11-11 18:30:00+00:00,TATACONSUM,0.005016475586464342
2025-11-12 18:30:00+00:00,TATACONSUM,-0.0061961714043674565
2025-11-13 18:30:00+00:00,TATACONSUM,0.0025978523321370517
2025-11-16 18:30:00+00:00,TATACONSUM,0.018224196489967204
2025-11-17 18:30:00+00:00,TATACONSUM,-0.021036600487349344
2025-11-18 18:30:00+00:00,TATACONSUM,0.00693180848213637
2025-11-19 18:30:00+00:00,TATACONSUM,0.010154073725176183
2025-11-20 18:30:00+00:00,TATACONSUM,0.007837082358412184
2025-11-23 18:30:00+00:00,TATACONSUM,0.002451208244363512
2025-11-24 18:30:00+00:00,TATACONSUM,-0.006998354829784947
2025-11-25 18:30:00+00:00,TATACONSUM,0.006453339535836378
2025-11-26 18:30:00+00:00,TATACONSUM,-0.006411960974576858
2025-11-27 18:30:00+00:00,TATACONSUM,-0.004500235185149526
2025-11-30 18:30:00+00:00,TATACONSUM,-0.00733535943948449
2025-12-01 18:30:00+00:00,TATACONSUM,-0.0013748905216675045
2025-12-02 18:30:00+00:00,TATACONSUM,-0.01910166245445999
2025-12-03 18:30:00+00:00,TATACONSUM,0.0073684424684759
2025-12-04 18:30:00+00:00,TATACONSUM,0.01262626235783837
2025-12-07 18:30:00+00:00,TATACONSUM,-0.014704596463099628
2025-12-08 18:30:00+00:00,TATACONSUM,0.0007853921324845192
2025-12-09 18:30:00+00:00,TATACONSUM,-0.0057556255925472755
2025-12-10 18:30:00+00:00,TATACONSUM,0.0017542321224699453
2025-12-11 18:30:00+00:00,TATACONSUM,0.006304240781104697
2025-12-14 18:30:00+00:00,TATACONSUM,0.00704774666476049
2025-12-15 18:30:00+00:00,TATACONSUM,0.010800068892626857
2025-12-16 18:30:00+00:00,TATACONSUM,0.008462282423680412
2025-12-17 18:30:00+00:00,TATACONSUM,-0.007035131788958093
2025-12-18 18:30:00+00:00,TATACONSUM,0.010670081092616357
2025-12-21 18:30:00+00:00,TATACONSUM,-0.004391850651921492
2025-12-22 18:30:00+00:00,TATACONSUM,0.0057685158433549155
2025-12-23 18:30:00+00:00,TATACONSUM,-0.005398131364585668
2025-12-25 18:30:00+00:00,TATACONSUM,-0.002968114098479857
2025-12-28 18:30:00+00:00,TATACONSUM,0.016585864429579544
2025-12-29 18:30:00+00:00,TATACONSUM,-0.013554176567687426
2025-12-30 18:30:00+00:00,TATACONSUM,0.011026293469041493
2025-12-31 18:30:00+00:00,TATACONSUM,-0.012667764753303223
2026-01-01 18:30:00+00:00,TATACONSUM,-0.005268139275699579
2026-01-04 18:30:00+00:00,TATACONSUM,0.009737784991492582
2026-01-05 18:30:00+00:00,TATACONSUM,0.0239404867715165
2026-01-06 18:30:00+00:00,TATACONSUM,0.001817540587823352
2026-01-07 18:30:00+00:00,TATACONSUM,-0.01253500864085888
2026-01-08 18:30:00+00:00,TATACONSUM,-0.01795557003643866
2026-01-11 18:30:00+00:00,TATACONSUM,0.013946784653086741
2026-01-12 18:30:00+00:00,TATACONSUM,-0.00243229413343804
2026-01-13 18:30:00+00:00,TATACONSUM,-0.015133680536846605
2026-01-14 18:30:00+00:00,TATACONSUM,0.0
2026-01-15 18:30:00+00:00,TATACONSUM,0.015110082638702726
2026-01-18 18:30:00+00:00,TATACONSUM,-0.007484672943229187
2026-01-19 18:30:00+00:00,TATACONSUM,0.004067148810978027
2026-01-20 18:30:00+00:00,TATACONSUM,-0.018059092332542215
2026-01-21 18:30:00+00:00,TATACONSUM,0.009969040760847703
2026-01-22 18:30:00+00:00,TATACONSUM,-0.018464901355923713
2026-01-26 18:30:00+00:00,TATACONSUM,0.029388837810197188
2026-01-27 18:30:00+00:00,TATACONSUM,-0.046824974265411545
2026-01-28 18:30:00+00:00,TATACONSUM,-0.021735374266612872
2026-01-29 18:30:00+00:00,TATACONSUM,0.024114951607365764
2026-02-01 18:30:00+00:00,TATACONSUM,-0.007496251712660773
2026-02-02 18:30:00+00:00,TATACONSUM,0.026657187976887986
2026-02-03 18:30:00+00:00,TATACONSUM,-0.0020772237868694754
2026-02-04 18:30:00+00:00,TATACONSUM,0.0025151989714331524
2026-02-05 18:30:00+00:00,TATACONSUM,0.002941451978760945
2025-01-01 18:30:00+00:00,TATASTEEL,0.010530798131040298
2025-01-02 18:30:00+00:00,TATASTEEL,0.0013026885126896648
2025-01-05 18:30:00+00:00,TATASTEEL,-0.044666134517198475
2025-01-06 18:30:00+00:00,TATASTEEL,0.009078649179410814
2025-01-07 18:30:00+00:00,TATASTEEL,-0.005548122989636584
2025-01-08 18:30:00+00:00,TATASTEEL,-0.020431283606660133
2025-01-09 18:30:00+00:00,TATASTEEL,-0.019241043232513855
2025-01-12 18:30:00+00:00,TATASTEEL,-0.03531353944125282
2025-01-13 18:30:00+00:00,TATASTEEL,0.03253884748055125
2025-01-14 18:30:00+00:00,TATASTEEL,-0.003151343657427419
2025-01-15 18:30:00+00:00,TATASTEEL,0.010116191601776015
2025-01-16 18:30:00+00:00,TATASTEEL,0.019325566618380696
2025-01-19 18:30:00+00:00,TATASTEEL,0.010592612941207946
2025-01-20 18:30:00+00:00,TATASTEEL,-0.014886913702651938
2025-01-21 18:30:00+00:00,TATASTEEL,-0.006013861026874623
2025-01-22 18:30:00+00:00,TATASTEEL,0.011247271496706013
2025-01-23 18:30:00+00:00,TATASTEEL,-0.004832307978009154
2025-01-26 18:30:00+00:00,TATASTEEL,-0.02597506148095763
2025-01-27 18:30:00+00:00,TATASTEEL,0.017804783116377676
2025-01-28 18:30:00+00:00,TATASTEEL,0.016949197810649297
2025-01-29 18:30:00+00:00,TATASTEEL,0.002446411845728358
2025-01-30 18:30:00+00:00,TATASTEEL,0.026693140409879357
2025-01-31 18:30:00+00:00,TATASTEEL,-0.012256710047092167
2025-02-02 18:30:00+00:00,TATASTEEL,-0.008648465839100061
2025-02-03 18:30:00+00:00,TATASTEEL,0.012137645666080887
2025-02-04 18:30:00+00:00,TATASTEEL,0.007345267725657578
2025-02-05 18:30:00+00:00,TATASTEEL,-0.013839397693426014
2025-02-06 18:30:00+00:00,TATASTEEL,0.043534128767837466
2025-02-09 18:30:00+00:00,TATASTEEL,-0.03087274068476109
2025-02-10 18:30:00+00:00,TATASTEEL,-0.02931955073561998
2025-02-11 18:30:00+00:00,TATASTEEL,0.016678230728015997
2025-02-12 18:30:00+00:00,TATASTEEL,0.03001213120493662
2025-02-13 18:30:00+00:00,TATASTEEL,-0.013064261230215313
2025-02-16 18:30:00+00:00,TATASTEEL,-0.001338629326247287
2025-02-17 18:30:00+00:00,TATASTEEL,0.0018615703281734675
2025-02-18 18:30:00+00:00,TATASTEEL,0.009067954647692389
2025-02-19 18:30:00+00:00,TATASTEEL,0.01679435793673356
2025-02-20 18:30:00+00:00,TATASTEEL,0.019704482533362322
2025-02-23 18:30:00+00:00,TATASTEEL,-0.022094328757692683
2025-02-24 18:30:00+00:00,TATASTEEL,-0.004213511983337415
2025-02-26 18:30:00+00:00,TATASTEEL,0.011818682536093306
2025-02-27 18:30:00+00:00,TATASTEEL,-0.010743349538670843
2025-03-02 18:30:00+00:00,TATASTEEL,0.00998551207914744
2025-03-03 18:30:00+00:00,TATASTEEL,0.005556676762032309
2025-03-04 18:30:00+00:00,TATASTEEL,0.04851439669347202
2025-03-05 18:30:00+00:00,TATASTEEL,0.029705743790912287
2025-03-06 18:30:00+00:00,TATASTEEL,0.007444766768110567
2025-03-09 18:30:00+00:00,TATASTEEL,-0.003364934866910918
2025-03-10 18:30:00+00:00,TATASTEEL,-0.0019861232905699078
2025-03-11 18:30:00+00:00,TATASTEEL,-0.0029850619499531827
2025-03-12 18:30:00+00:00,TATASTEEL,0.003858985431226092
2025-03-16 18:30:00+00:00,TATASTEEL,0.006163784735000455
2025-03-17 18:30:00+00:00,TATASTEEL,0.0
2025-03-18 18:30:00+00:00,TATASTEEL,0.04472700930264284
2025-03-19 18:30:00+00:00,TATASTEEL,0.002774206124952494
2025-03-20 18:30:00+00:00,TATASTEEL,-0.01106641933025554
2025-03-23 18:30:00+00:00,TATASTEEL,0.007248176067298662
2025-03-24 18:30:00+00:00,TATASTEEL,-0.010667765598345924
2025-03-25 18:30:00+00:00,TATASTEEL,-0.00586995809663482
2025-03-26 18:30:00+00:00,TATASTEEL,-0.0025030914085849565
2025-03-27 18:30:00+00:00,TATASTEEL,-0.00759231641905489
2025-03-31 18:30:00+00:00,TATASTEEL,-0.007261452164900373
2025-04-01 18:30:00+00:00,TATASTEEL,0.010253425745748723
2025-04-02 18:30:00+00:00,TATASTEEL,-0.006917113845704703
2025-04-03 18:30:00+00:00,TATASTEEL,-0.08612158699242656
2025-04-06 18:30:00+00:00,TATASTEEL,-0.0777120819048096
2025-04-07 18:30:00+00:00,TATASTEEL,0.006178621736045109
2025-04-08 18:30:00+00:00,TATASTEEL,-0.02379493581556602
2025-04-10 18:30:00+00:00,TATASTEEL,0.04906430066136891
2025-04-14 18:30:00+00:00,TATASTEEL,0.02241054501530737
2025-04-15 18:30:00+00:00,TATASTEEL,0.0041051794995832225
2025-04-16 18:30:00+00:00,TATASTEEL,0.001241122219815649
2025-04-20 18:30:00+00:00,TATASTEEL,0.014875346515861088
2025-04-21 18:30:00+00:00,TATASTEEL,-0.007328600851254419
2025-04-22 18:30:00+00:00,TATASTEEL,0.021713900288999444
2025-04-23 18:30:00+00:00,TATASTEEL,0.0025503753330387013
2025-04-24 18:30:00+00:00,TATASTEEL,-0.018866650469465118
2025-04-27 18:30:00+00:00,TATASTEEL,0.023190513140582292
2025-04-28 18:30:00+00:00,TATASTEEL,-0.0040120824085947415
2025-04-29 18:30:00+00:00,TATASTEEL,-0.010035408247593525
2025-05-01 18:30:00+00:00,TATASTEEL,0.009423177074044276
2025-05-04 18:30:00+00:00,TATASTEEL,0.004809064173272537
2025-05-05 18:30:00+00:00,TATASTEEL,0.016610439846240777
2025-05-06 18:30:00+00:00,TATASTEEL,0.010800300703825982
2025-05-07 18:30:00+00:00,TATASTEEL,-0.01595890314264803
2025-05-08 18:30:00+00:00,TATASTEEL,-0.006194771538047261
2025-05-11 18:30:00+00:00,TATASTEEL,0.06198346519958964
2025-05-12 18:30:00+00:00,TATASTEEL,-0.014509055570607554
2025-05-13 18:30:00+00:00,TATASTEEL,0.0393495459551223
2025-05-14 18:30:00+00:00,TATASTEEL,0.013135153194022475
2025-05-15 18:30:00+00:00,TATASTEEL,0.0012710022251469777
2025-05-18 18:30:00+00:00,TATASTEEL,0.0001269587047239007
2025-05-19 18:30:00+00:00,TATASTEEL,0.00710789307410753
2025-05-20 18:30:00+00:00,TATASTEEL,0.018589668719656283
2025-05-21 18:30:00+00:00,TATASTEEL,-0.002165318048174658
2025-05-22 18:30:00+00:00,TATASTEEL,0.010416080758896884
2025-05-25 18:30:00+00:00,TATASTEEL,-0.0028226488346033696
2025-05-26 18:30:00+00:00,TATASTEEL,-0.0052303401042225195
2025-05-27 18:30:00+00:00,TATASTEEL,-0.0025980599066367516
2025-05-28 18:30:00+00:00,TATASTEEL,0.011659551440547533
2025-05-29 18:30:00+00:00,TATASTEEL,-0.012873935863027763
2025-06-01 18:30:00+00:00,TATASTEEL,-0.012296596180689123
2025-06-02 18:30:00+00:00,TATASTEEL,-0.010626177798277903
2025-06-03 18:30:00+00:00,TATASTEEL,0.005274738622381703
2025-06-04 18:30:00+00:00,TATASTEEL,-0.0013275103721619441
2025-06-05 18:30:00+00:00,TATASTEEL,0.020211147939865892
2025-06-08 18:30:00+00:00,TATASTEEL,-0.0010794219507007652
2025-06-09 18:30:00+00:00,TATASTEEL,-0.010424704882307956
2025-06-10 18:30:00+00:00,TATASTEEL,0.004689176648719595
2025-06-11 18:30:00+00:00,TATASTEEL,-0.02250498171501336
2025-06-12 18:30:00+00:00,TATASTEEL,-0.004970858197854033
2025-06-15 18:30:00+00:00,TATASTEEL,0.013409539345668575
2025-06-16 18:30:00+00:00,TATASTEEL,-0.010183512253202687
2025-06-17 18:30:00+00:00,TATASTEEL,-0.003211045043023608
2025-06-18 18:30:00+00:00,TATASTEEL,-0.007297354584824167
2025-06-19 18:30:00+00:00,TATASTEEL,0.006423849143729399
2025-06-22 18:30:00+00:00,TATASTEEL,0.0030268569545517376
2025-06-23 18:30:00+00:00,TATASTEEL,0.01548252131305472
2025-06-24 18:30:00+00:00,TATASTEEL,0.010336624929997651
2025-06-25 18:30:00+00:00,TATASTEEL,0.026536184619737613
2025-06-26 18:30:00+00:00,TATASTEEL,0.005668392302019543
2025-06-29 18:30:00+00:00,TATASTEEL,-0.01046765235894076
2025-06-30 18:30:00+00:00,TATASTEEL,0.001877835891794355
2025-07-01 18:30:00+00:00,TATASTEEL,0.0363614108021475
2025-07-02 18:30:00+00:00,TATASTEEL,0.0001808462648531517
2025-07-03 18:30:00+00:00,TATASTEEL,-0.017479411073846762
2025-07-06 18:30:00+00:00,TATASTEEL,-0.0037421055819125693
2025-07-07 18:30:00+00:00,TATASTEEL,-0.002647738250872944
2025-07-08 18:30:00+00:00,TATASTEEL,-0.01833673642229683
2025-07-09 18:30:00+00:00,TATASTEEL,0.010440274604461397
2025-07-10 18:30:00+00:00,TATASTEEL,-0.005103991693809151
2025-07-13 18:30:00+00:00,TATASTEEL,0.0037537920249151036
2025-07-14 18:30:00+00:00,TATASTEEL,-0.008975332956206783
2025-07-15 18:30:00+00:00,TATASTEEL,-0.01050313313802087
2025-07-16 18:30:00+00:00,TATASTEEL,0.016335041222394597
2025-07-17 18:30:00+00:00,TATASTEEL,0.015447162695341632
2025-07-20 18:30:00+00:00,TATASTEEL,0.004003259067688614
2025-07-21 18:30:00+00:00,TATASTEEL,0.00012261693747994684
2025-07-22 18:30:00+00:00,TATASTEEL,-0.001655968012695186
2025-07-23 18:30:00+00:00,TATASTEEL,0.004361930555028204
2025-07-24 18:30:00+00:00,TATASTEEL,-0.012539779210506086
2025-07-27 18:30:00+00:00,TATASTEEL,-0.010840612521829995
2025-07-28 18:30:00+00:00,TATASTEEL,0.012587737085548278
2025-07-29 18:30:00+00:00,TATASTEEL,-0.0020409538380350423
2025-07-30 18:30:00+00:00,TATASTEEL,-0.021194832399659247
2025-07-31 18:30:00+00:00,TATASTEEL,-0.031214434964943583
2025-08-03 18:30:00+00:00,TATASTEEL,0.0428076811117406
2025-08-04 18:30:00+00:00,TATASTEEL,0.0003760187986447949
2025-08-05 18:30:00+00:00,TATASTEEL,-0.00601423057539463
2025-08-06 18:30:00+00:00,TATASTEEL,0.006365778920482512
2025-08-07 18:30:00+00:00,TATASTEEL,-0.010772225467699958
2025-08-10 18:30:00+00:00,TATASTEEL,0.0036087833822848747
2025-08-11 18:30:00+00:00,TATASTEEL,0.010345693574608017
2025-08-12 18:30:00+00:00,TATASTEEL,0.00012480652606661202
2025-08-13 18:30:00+00:00,TATASTEEL,-0.03046566267424533
2025-08-17 18:30:00+00:00,TATASTEEL,0.01712816232993153
2025-08-18 18:30:00+00:00,TATASTEEL,0.008039940236090004
2025-08-19 18:30:00+00:00,TATASTEEL,0.016893817205202666
2025-08-20 18:30:00+00:00,TATASTEEL,-0.0025321372699225186
2025-08-21 18:30:00+00:00,TATASTEEL,-0.01832698629033047
2025-08-24 18:30:00+00:00,TATASTEEL,0.006811742732683035
2025-08-25 18:30:00+00:00,TATASTEEL,-0.02881667583041536
2025-08-27 18:30:00+00:00,TATASTEEL,-0.009030470925033174
2025-08-28 18:30:00+00:00,TATASTEEL,0.0055327137779819235
2025-08-31 18:30:00+00:00,TATASTEEL,0.010939943605299929
2025-09-01 18:30:00+00:00,TATASTEEL,0.014215286205622624
2025-09-02 18:30:00+00:00,TATASTEEL,0.05972603542092969
2025-09-03 18:30:00+00:00,TATASTEEL,-0.006196059023557576
2025-09-04 18:30:00+00:00,TATASTEEL,0.005215485462026326
2025-09-07 18:30:00+00:00,TATASTEEL,0.0067987517785845775
2025-09-08 18:30:00+00:00,TATASTEEL,0.001954665074927364
2025-09-09 18:30:00+00:00,TATASTEEL,0.001655328344074558
2025-09-10 18:30:00+00:00,TATASTEEL,-0.00011797801178048406
2025-09-11 18:30:00+00:00,TATASTEEL,0.0021840216586350714
2025-09-14 18:30:00+00:00,TATASTEEL,-0.0032395043922268663
2025-09-15 18:30:00+00:00,TATASTEEL,0.016486489483896305
2025-09-16 18:30:00+00:00,TATASTEEL,-0.003836784360637502
2025-09-17 18:30:00+00:00,TATASTEEL,0.003909886592897482
2025-09-18 18:30:00+00:00,TATASTEEL,-0.0031971345443269072
2025-09-21 18:30:00+00:00,TATASTEEL,-0.0005248212044139944
2025-09-22 18:30:00+00:00,TATASTEEL,0.01108579207217808
2025-09-23 18:30:00+00:00,TATASTEEL,-0.0036354645301601707
2025-09-24 18:30:00+00:00,TATASTEEL,-0.0016216771305346267
2025-09-25 18:30:00+00:00,TATASTEEL,-0.028889725288693713
2025-09-28 18:30:00+00:00,TATASTEEL,0.009438482011126625
2025-09-29 18:30:00+00:00,TATASTEEL,-0.0012427000851432668
2025-09-30 18:30:00+00:00,TATASTEEL,-0.007465839507776795
2025-10-02 18:30:00+00:00,TATASTEEL,0.034027893223998795
2025-10-05 18:30:00+00:00,TATASTEEL,-0.018186069125192494
2025-10-06 18:30:00+00:00,TATASTEEL,0.008055951645627113
2025-10-07 18:30:00+00:00,TATASTEEL,0.0029750323013171265
2025-10-08 18:30:00+00:00,TATASTEEL,0.02605557557244853
2025-10-09 18:30:00+00:00,TATASTEEL,-0.014510812748916413
2025-10-12 18:30:00+00:00,TATASTEEL,-0.004773966571614441
2025-10-13 18:30:00+00:00,TATASTEEL,-0.014563973243016948
2025-10-14 18:30:00+00:00,TATASTEEL,0.016010856103914062
2025-10-15 18:30:00+00:00,TATASTEEL,0.0043869457558169955
2025-10-16 18:30:00+00:00,TATASTEEL,-0.010229878041936091
2025-10-19 18:30:00+00:00,TATASTEEL,-0.0015677869617183315
2025-10-20 18:30:00+00:00,TATASTEEL,0.004826995322974703
2025-10-22 18:30:00+00:00,TATASTEEL,0.00798706385323733
2025-10-23 18:30:00+00:00,TATASTEEL,0.001607709998904916
2025-10-26 18:30:00+00:00,TATASTEEL,0.012726445709887013
2025-10-27 18:30:00+00:00,TATASTEEL,0.029152008319520473
2025-10-28 18:30:00+00:00,TATASTEEL,0.01859086369396845
2025-10-29 18:30:00+00:00,TATASTEEL,-0.004535862232392551
2025-10-30 18:30:00+00:00,TATASTEEL,-0.008190993846656225
2025-11-02 18:30:00+00:00,TATASTEEL,-0.0009297646704782281
2025-11-03 18:30:00+00:00,TATASTEEL,-0.018503338899070076
2025-11-05 18:30:00+00:00,TATASTEEL,-0.011266602093336742
2025-11-06 18:30:00+00:00,TATASTEEL,0.023128508748862853
2025-11-09 18:30:00+00:00,TATASTEEL,0.00060649839175686
2025-11-10 18:30:00+00:00,TATASTEEL,-0.002424523097668607
2025-11-11 18:30:00+00:00,TATASTEEL,-0.01342240811918649
2025-11-12 18:30:00+00:00,TATASTEEL,-0.010973667248023067
2025-11-13 18:30:00+00:00,TATASTEEL,-0.013529575274420669
2025-11-16 18:30:00+00:00,TATASTEEL,-0.006255000414612466
2025-11-17 18:30:00+00:00,TATASTEEL,-0.004157771140014033
2025-11-18 18:30:00+00:00,TATASTEEL,0.004407131221075611
2025-11-19 18:30:00+00:00,TATASTEEL,-0.004330003873500021
2025-11-20 18:30:00+00:00,TATASTEEL,-0.025861107156669116
2025-11-23 18:30:00+00:00,TATASTEEL,-0.015714282081240705
2025-11-24 18:30:00+00:00,TATASTEEL,0.0058659967169980565
2025-11-25 18:30:00+00:00,TATASTEEL,0.020080540498539357
2025-11-26 18:30:00+00:00,TATASTEEL,-0.009076403033843383
2025-11-27 18:30:00+00:00,TATASTEEL,-0.0010111114257315146
2025-11-30 18:30:00+00:00,TATASTEEL,0.003989033949532539
2025-12-01 18:30:00+00:00,TATASTEEL,-0.00504065752774141
2025-12-02 18:30:00+00:00,TATASTEEL,-0.005125763598811561
2025-12-03 18:30:00+00:00,TATASTEEL,-0.0008985975205473284
2025-12-04 18:30:00+00:00,TATASTEEL,0.0020387139724189485
2025-12-07 18:30:00+00:00,TATASTEEL,-0.02178205598919114
2025-12-08 18:30:00+00:00,TATASTEEL,-0.017128543652345618
2025-12-09 18:30:00+00:00,TATASTEEL,0.009709327045323013
2025-12-10 18:30:00+00:00,TATASTEEL,0.02558102240379312
2025-12-11 18:30:00+00:00,TATASTEEL,0.03311692718555226
2025-12-14 18:30:00+00:00,TATASTEEL,0.005701295776478377
2025-12-15 18:30:00+00:00,TATASTEEL,-0.017585430508469835
2025-12-16 18:30:00+00:00,TATASTEEL,0.0030029706255509936
2025-12-17 18:30:00+00:00,TATASTEEL,-0.013032765459848217
2025-12-18 18:30:00+00:00,TATASTEEL,0.0033904790671772655
2025-12-21 18:30:00+00:00,TATASTEEL,0.003141850563912252
2025-12-22 18:30:00+00:00,TATASTEEL,0.009927861149168438
2025-12-23 18:30:00+00:00,TATASTEEL,-0.0048565629134449395
2025-12-25 18:30:00+00:00,TATASTEEL,-0.005586006739096372
2025-12-28 18:30:00+00:00,TATASTEEL,0.018803264110590856
2025-12-29 18:30:00+00:00,TATASTEEL,0.020313406488731367
2025-12-30 18:30:00+00:00,TATASTEEL,0.024345840187709245
2025-12-31 18:30:00+00:00,TATASTEEL,0.010051074745611288
2026-01-01 18:30:00+00:00,TATASTEEL,0.00544288029295803
2026-01-04 18:30:00+00:00,TATASTEEL,0.015529288397112984
2026-01-05 18:30:00+00:00,TATASTEEL,0.002584512838596398
2026-01-06 18:30:00+00:00,TATASTEEL,-0.012889333704723449
2026-01-07 18:30:00+00:00,TATASTEEL,-0.02002180562278899
2026-01-08 18:30:00+00:00,TATASTEEL,-0.00954919646530128
2026-01-11 18:30:00+00:00,TATASTEEL,0.027130110775049232
2026-01-12 18:30:00+00:00,TATASTEEL,-0.003656396795787775
2026-01-13 18:30:00+00:00,TATASTEEL,0.036588664116765424
2026-01-14 18:30:00+00:00,TATASTEEL,0.0
2026-01-15 18:30:00+00:00,TATASTEEL,-0.005495341009948862
2026-01-18 18:30:00+00:00,TATASTEEL,0.0003187798547019671
2026-01-19 18:30:00+00:00,TATASTEEL,-0.02501729753535764
2026-01-20 18:30:00+00:00,TATASTEEL,0.0046306717957123045
2026-01-21 18:30:00+00:00,TATASTEEL,0.02543247301268803
2026-01-22 18:30:00+00:00,TATASTEEL,-0.007879457668279244
2026-01-26 18:30:00+00:00,TATASTEEL,0.024892053481969878
2026-01-27 18:30:00+00:00,TATASTEEL,0.008165213928573056
2026-01-28 18:30:00+00:00,TATASTEEL,0.04369358242981014
2026-01-29 18:30:00+00:00,TATASTEEL,-0.04542310255396165
2026-02-01 18:30:00+00:00,TATASTEEL,-0.02392176388531564
2026-02-02 18:30:00+00:00,TATASTEEL,0.02344702295763401
2026-02-03 18:30:00+00:00,TATASTEEL,0.012802577693837414
2026-02-04 18:30:00+00:00,TATASTEEL,0.01207779265132336
2026-02-05 18:30:00+00:00,TATASTEEL,-0.0035396286796423038
2025-01-01 18:30:00+00:00,TCS,0.015392248164419753
2025-01-02 18:30:00+00:00,TCS,-0.01816437422884709
2025-01-05 18:30:00+00:00,TCS,-0.0011951239145054915
2025-01-06 18:30:00+00:00,TCS,-0.016288184009380924
2025-01-07 18:30:00+00:00,TCS,0.019884323554341332
2025-01-08 18:30:00+00:00,TCS,-0.01692871102126492
2025-01-09 18:30:00+00:00,TCS,0.056154429681115836
2025-01-12 18:30:00+00:00,TCS,0.005966481836222393
2025-01-13 18:30:00+00:00,TCS,-0.013528210311665956
2025-01-14 18:30:00+00:00,TCS,0.003909927767451027
2025-01-15 18:30:00+00:00,TCS,-0.010189327297509099
2025-01-16 18:30:00+00:00,TCS,-0.0014526762356783518
2025-01-19 18:30:00+00:00,TCS,-0.011274603887530876
2025-01-20 18:30:00+00:00,TCS,-0.010287325497913558
2025-01-21 18:30:00+00:00,TCS,0.029919326650868383
2025-01-22 18:30:00+00:00,TCS,-0.002682432479648833
2025-01-23 18:30:00+00:00,TCS,0.001664335017551588
2025-01-26 18:30:00+00:00,TCS,-0.02100015711796388
2025-01-27 18:30:00+00:00,TCS,-0.0061129058083136956
2025-01-28 18:30:00+00:00,TCS,0.014726637214767635
2025-01-29 18:30:00+00:00,TCS,6.092969347926136e-05
2025-01-30 18:30:00+00:00,TCS,0.0030121706578010166
2025-01-31 18:30:00+00:00,TCS,-0.009544268942791478
2025-02-02 18:30:00+00:00,TCS,-0.0011048404064637474
2025-02-03 18:30:00+00:00,TCS,0.009438002087594377
2025-02-04 18:30:00+00:00,TCS,-0.0038835152073186663
2025-02-05 18:30:00+00:00,TCS,-0.0020410710918766783
2025-02-06 18:30:00+00:00,TCS,-0.013067176728396412
2025-02-09 18:30:00+00:00,TCS,0.0018738055610021398
2025-02-10 18:30:00+00:00,TCS,-0.018181955828162066
2025-02-11 18:30:00+00:00,TCS,-0.0033809387953533943
2025-02-12 18:30:00+00:00,TCS,-0.010126199763519361
2025-02-13 18:30:00+00:00,TCS,0.006316918874243349
2025-02-16 18:30:00+00:00,TCS,-0.007713131413501051
2025-02-17 18:30:00+00:00,TCS,-0.008016381306555909
2025-02-18 18:30:00+00:00,TCS,-0.02300427123524118
2025-02-19 18:30:00+00:00,TCS,-0.0012420311400862527
2025-02-20 18:30:00+00:00,TCS,0.0017463390268845913
2025-02-23 18:30:00+00:00,TCS,-0.02915994026192048
2025-02-24 18:30:00+00:00,TCS,-0.01252870414063223
2025-02-26 18:30:00+00:00,TCS,-0.004683709230487554
2025-02-27 18:30:00+00:00,TCS,-0.035791943292448836
2025-03-02 18:30:00+00:00,TCS,0.0028133985613880697
2025-03-03 18:30:00+00:00,TCS,0.011165115271288162
2025-03-04 18:30:00+00:00,TCS,0.004246781429235957
2025-03-05 18:30:00+00:00,TCS,0.015379051310193015
2025-03-06 18:30:00+00:00,TCS,0.002665406582327723
2025-03-09 18:30:00+00:00,TCS,-0.005967531091382594
2025-03-10 18:30:00+00:00,TCS,-0.003997523228527866
2025-03-11 18:30:00+00:00,TCS,-0.01932719317945719
2025-03-12 18:30:00+00:00,TCS,0.0013832643598141736
2025-03-16 18:30:00+00:00,TCS,-0.0038022832835210574
2025-03-17 18:30:00+00:00,TCS,0.0
2025-03-18 18:30:00+00:00,TCS,-0.00017143266072372487
2025-03-19 18:30:00+00:00,TCS,0.018886971476702152
2025-03-20 18:30:00+00:00,TCS,0.004195750361997819
2025-03-23 18:30:00+00:00,TCS,0.01421145264179735
2025-03-24 18:30:00+00:00,TCS,0.007936234504680506
2025-03-25 18:30:00+00:00,TCS,-0.006000965358277099
2025-03-26 18:30:00+00:00,TCS,0.00423563675852745
2025-03-27 18:30:00+00:00,TCS,-0.012338423146464272
2025-03-31 18:30:00+00:00,TCS,-0.015348828804396586
2025-04-01 18:30:00+00:00,TCS,-0.0019291184135135087
2025-04-02 18:30:00+00:00,TCS,-0.03972962946993164
2025-04-03 18:30:00+00:00,TCS,-0.030486510573515813
2025-04-06 18:30:00+00:00,TCS,-0.007683210288925935
2025-04-07 18:30:00+00:00,TCS,0.0057727138844920756
2025-04-08 18:30:00+00:00,TCS,-0.014075622501268037
2025-04-10 18:30:00+00:00,TCS,-0.004650978609217149
2025-04-14 18:30:00+00:00,TCS,0.005167940681273464
2025-04-15 18:30:00+00:00,TCS,0.007881298798851244
2025-04-16 18:30:00+00:00,TCS,0.00766683292771031
2025-04-20 18:30:00+00:00,TCS,0.006881215632682514
2025-04-21 18:30:00+00:00,TCS,-0.0021677778543257586
2025-04-22 18:30:00+00:00,TCS,0.02974908487743666
2025-04-23 18:30:00+00:00,TCS,-0.003340126468049043
2025-04-24 18:30:00+00:00,TCS,0.013640587938632764
2025-04-27 18:30:00+00:00,TCS,-0.0013050835774321978
2025-04-28 18:30:00+00:00,TCS,0.00842165980839571
2025-04-29 18:30:00+00:00,TCS,-0.005414004839749187
2025-05-01 18:30:00+00:00,TCS,-0.006572715704485921
2025-05-04 18:30:00+00:00,TCS,0.006791041117273355
2025-05-05 18:30:00+00:00,TCS,0.0016501689982761913
2025-05-06 18:30:00+00:00,TCS,-0.004306380519730868
2025-05-07 18:30:00+00:00,TCS,0.0011030260009878834
2025-05-08 18:30:00+00:00,TCS,-0.002493482875906783
2025-05-11 18:30:00+00:00,TCS,0.05234998841473315
2025-05-12 18:30:00+00:00,TCS,-0.02911273874872211
2025-05-13 18:30:00+00:00,TCS,0.009587397634088779
2025-05-14 18:30:00+00:00,TCS,0.00879200673085645
2025-05-15 18:30:00+00:00,TCS,-0.005195701144844911
2025-05-18 18:30:00+00:00,TCS,-0.01193378037018522
2025-05-19 18:30:00+00:00,TCS,-0.005825844272956737
2025-05-20 18:30:00+00:00,TCS,0.00786101175563414
2025-05-21 18:30:00+00:00,TCS,-0.013840921917196436
2025-05-22 18:30:00+00:00,TCS,0.010813923443102613
2025-05-25 18:30:00+00:00,TCS,0.006458825401292501
2025-05-26 18:30:00+00:00,TCS,-0.010912339408493676
2025-05-27 18:30:00+00:00,TCS,-0.00028588005902119296
2025-05-28 18:30:00+00:00,TCS,0.00011452914907650324
2025-05-29 18:30:00+00:00,TCS,-0.009919861159778831
2025-06-01 18:30:00+00:00,TCS,-0.00392664840215684
2025-06-02 18:30:00+00:00,TCS,-0.012928345716469614
2025-06-03 18:30:00+00:00,TCS,0.0016887235958455982
2025-06-04 18:30:00+00:00,TCS,-0.0028985792711151426
2025-06-05 18:30:00+00:00,TCS,0.0038859587046893296
2025-06-08 18:30:00+00:00,TCS,0.011140036910046058
2025-06-09 18:30:00+00:00,TCS,0.01198165070359436
2025-06-10 18:30:00+00:00,TCS,0.0025989572360958224
2025-06-11 18:30:00+00:00,TCS,-0.010858640030833477
2025-06-12 18:30:00+00:00,TCS,0.003348728083294228
2025-06-15 18:30:00+00:00,TCS,0.014684979703027956
2025-06-16 18:30:00+00:00,TCS,0.0054343210675336096
2025-06-17 18:30:00+00:00,TCS,-0.018177757460069333
2025-06-18 18:30:00+00:00,TCS,-0.007938764629718986
2025-06-19 18:30:00+00:00,TCS,0.0034169779928718835
2025-06-22 18:30:00+00:00,TCS,-0.01225356211759765
2025-06-23 18:30:00+00:00,TCS,-0.0009430275751649564
2025-06-24 18:30:00+00:00,TCS,0.0160453458572698
2025-06-25 18:30:00+00:00,TCS,-0.000870870975628435
2025-06-26 18:30:00+00:00,TCS,-0.00020330518217270832
2025-06-29 18:30:00+00:00,TCS,0.006073549600909667
2025-06-30 18:30:00+00:00,TCS,-0.00932986831318039
2025-07-01 18:30:00+00:00,TCS,-0.00186605718336752
2025-07-02 18:30:00+00:00,TCS,-0.00657259017885814
2025-07-03 18:30:00+00:00,TCS,0.005586925711916546
2025-07-06 18:30:00+00:00,TCS,-0.0023685335406941066
2025-07-07 18:30:00+00:00,TCS,-0.0016120989978041234
2025-07-08 18:30:00+00:00,TCS,-0.006576333314370575
2025-07-09 18:30:00+00:00,TCS,-0.0005319569631280219
2025-07-10 18:30:00+00:00,TCS,-0.03429920968638478
2025-07-13 18:30:00+00:00,TCS,-0.013257808478647437
2025-07-14 18:30:00+00:00,TCS,0.00918482993269687
2025-07-15 18:30:00+00:00,TCS,-0.0025297762921534517
2025-07-16 18:30:00+00:00,TCS,-0.007392339933730563
2025-07-17 18:30:00+00:00,TCS,-0.006013970529810675
2025-07-20 18:30:00+00:00,TCS,-0.00993753160475297
2025-07-21 18:30:00+00:00,TCS,0.000443283457689958
2025-07-22 18:30:00+00:00,TCS,0.006171631594799054
2025-07-23 18:30:00+00:00,TCS,-0.00978261722643503
2025-07-24 18:30:00+00:00,TCS,-0.00387550572904638
2025-07-27 18:30:00+00:00,TCS,-0.018017690431687994
2025-07-28 18:30:00+00:00,TCS,-0.007566691163780392
2025-07-29 18:30:00+00:00,TCS,-0.0007853395660833984
2025-07-30 18:30:00+00:00,TCS,-0.00550169766343922
2025-07-31 18:30:00+00:00,TCS,-0.011130160551259594
2025-08-03 18:30:00+00:00,TCS,0.023776180780896272
2025-08-04 18:30:00+00:00,TCS,-0.0034152873530569616
2025-08-05 18:30:00+00:00,TCS,-0.01031362961830129
2025-08-06 18:30:00+00:00,TCS,0.004847852218881732
2025-08-07 18:30:00+00:00,TCS,-0.0034789169525981656
2025-08-10 18:30:00+00:00,TCS,0.0014490968474112353
2025-08-11 18:30:00+00:00,TCS,-0.0017758673712698902
2025-08-12 18:30:00+00:00,TCS,0.0002636112638865207
2025-08-13 18:30:00+00:00,TCS,-0.004578083315692649
2025-08-17 18:30:00+00:00,TCS,-0.003672706444853513
2025-08-18 18:30:00+00:00,TCS,0.0016604176937768944
2025-08-19 18:30:00+00:00,TCS,0.027319174147006242
2025-08-20 18:30:00+00:00,TCS,0.0012910117464113302
2025-08-21 18:30:00+00:00,TCS,-0.015664366032098975
2025-08-24 18:30:00+00:00,TCS,0.028356343190452327
2025-08-25 18:30:00+00:00,TCS,0.005285496242395826
2025-08-27 18:30:00+00:00,TCS,-0.020112683883410254
2025-08-28 18:30:00+00:00,TCS,-0.0029091955483953047
2025-08-31 18:30:00+00:00,TCS,0.00904464140121286
2025-09-01 18:30:00+00:00,TCS,-0.0003533451922007602
2025-09-02 18:30:00+00:00,TCS,-0.004499446500160986
2025-09-03 18:30:00+00:00,TCS,-0.0005811736469528705
2025-09-04 18:30:00+00:00,TCS,-0.01531152701079097
2025-09-07 18:30:00+00:00,TCS,-0.009611990953189209
2025-09-08 18:30:00+00:00,TCS,0.010069578197724027
2025-09-09 18:30:00+00:00,TCS,0.019872846380780684
2025-09-10 18:30:00+00:00,TCS,0.004565878514032562
2025-09-11 18:30:00+00:00,TCS,0.0029446845417238077
2025-09-14 18:30:00+00:00,TCS,-0.006861453955542274
2025-09-15 18:30:00+00:00,TCS,0.010861474210583477
2025-09-16 18:30:00+00:00,TCS,0.008614963139633058
2025-09-17 18:30:00+00:00,TCS,0.0012292068544934587
2025-09-18 18:30:00+00:00,TCS,-0.002360987439405493
2025-09-21 18:30:00+00:00,TCS,-0.030102187066329722
2025-09-22 18:30:00+00:00,TCS,-0.003708740565601998
2025-09-23 18:30:00+00:00,TCS,-0.00881670764265119
2025-09-24 18:30:00+00:00,TCS,-0.025696796412124967
2025-09-25 18:30:00+00:00,TCS,-0.01971311453626645
2025-09-28 18:30:00+00:00,TCS,-0.0010349104335581893
2025-09-29 18:30:00+00:00,TCS,-0.0026587491464451496
2025-09-30 18:30:00+00:00,TCS,0.008932337532394419
2025-10-02 18:30:00+00:00,TCS,-0.00422076181934028
2025-10-05 18:30:00+00:00,TCS,0.02980804747207877
2025-10-06 18:30:00+00:00,TCS,-0.004919067944453737
2025-10-07 18:30:00+00:00,TCS,0.017991161865331673
2025-10-08 18:30:00+00:00,TCS,0.011396648928765352
2025-10-09 18:30:00+00:00,TCS,-0.010909009416472104
2025-10-12 18:30:00+00:00,TCS,-0.0069675958634559665
2025-10-13 18:30:00+00:00,TCS,-0.015595864732458997
2025-10-14 18:30:00+00:00,TCS,0.006950817837226841
2025-10-15 18:30:00+00:00,TCS,0.0003030019964651576
2025-10-16 18:30:00+00:00,TCS,-0.0028613300469527703
2025-10-19 18:30:00+00:00,TCS,0.017892104764293704
2025-10-20 18:30:00+00:00,TCS,-0.0028190186560270725
2025-10-22 18:30:00+00:00,TCS,0.022117291147932816
2025-10-23 18:30:00+00:00,TCS,-0.00325396260478783
2025-10-26 18:30:00+00:00,TCS,0.007084074943371377
2025-10-27 18:30:00+00:00,TCS,-0.008752273442047098
2025-10-28 18:30:00+00:00,TCS,-9.803658569296214e-05
2025-10-29 18:30:00+00:00,TCS,-0.007293385117335127
2025-10-30 18:30:00+00:00,TCS,0.0074786581148711395
2025-11-02 18:30:00+00:00,TCS,-0.01347284312740471
2025-11-03 18:30:00+00:00,TCS,-0.008817264726409202
2025-11-05 18:30:00+00:00,TCS,0.006922582100761243
2025-11-06 18:30:00+00:00,TCS,-0.00634355297914424
2025-11-09 18:30:00+00:00,TCS,0.011163779777342508
2025-11-10 18:30:00+00:00,TCS,0.007206173353419887
2025-11-11 18:30:00+00:00,TCS,0.027830631258881633
2025-11-12 18:30:00+00:00,TCS,-0.008333875712169925
2025-11-13 18:30:00+00:00,TCS,9.660773968067637e-05
2025-11-16 18:30:00+00:00,TCS,-0.0012234464423054314
2025-11-17 18:30:00+00:00,TCS,-0.004867488056444769
2025-11-18 18:30:00+00:00,TCS,0.01963000557693939
2025-11-19 18:30:00+00:00,TCS,-0.0009212034984726891
2025-11-20 18:30:00+00:00,TCS,0.0018442638824489599
2025-11-23 18:30:00+00:00,TCS,-0.002983561416866176
2025-11-24 18:30:00+00:00,TCS,-0.007003684129517129
2025-11-25 18:30:00+00:00,TCS,0.014009973755456206
2025-11-26 18:30:00+00:00,TCS,-0.0083151189675581
2025-11-27 18:30:00+00:00,TCS,0.00028688878621485614
2025-11-30 18:30:00+00:00,TCS,-0.0013067918474062301
2025-12-01 18:30:00+00:00,TCS,0.0007340588719499941
2025-12-02 18:30:00+00:00,TCS,0.014127620821389186
2025-12-03 18:30:00+00:00,TCS,0.015471687729945227
2025-12-04 18:30:00+00:00,TCS,0.002787082121467943
2025-12-07 18:30:00+00:00,TCS,-0.0005249924905117442
2025-12-08 18:30:00+00:00,TCS,-0.008713047466769264
2025-12-09 18:30:00+00:00,TCS,-0.005953324547110506
2025-12-10 18:30:00+00:00,TCS,0.0008465491838371975
2025-12-11 18:30:00+00:00,TCS,0.008960177387432378
2025-12-14 18:30:00+00:00,TCS,0.003011968216487526
2025-12-15 18:30:00+00:00,TCS,-0.007770339685424843
2025-12-16 18:30:00+00:00,TCS,0.0039624011639174395
2025-12-17 18:30:00+00:00,TCS,0.019578614928156046
2025-12-18 18:30:00+00:00,TCS,0.00036573091478642183
2025-12-21 18:30:00+00:00,TCS,0.013071292969695225
2025-12-22 18:30:00+00:00,TCS,-0.0044813569986503765
2025-12-23 18:30:00+00:00,TCS,0.0027190469592461852
2025-12-25 18:30:00+00:00,TCS,-0.011750536496638153
2025-12-28 18:30:00+00:00,TCS,-0.008689042955559945
2025-12-29 18:30:00+00:00,TCS,-0.0014454498451380582
2025-12-30 18:30:00+00:00,TCS,-0.012504660661718292
2025-12-31 18:30:00+00:00,TCS,0.006612203436453967
2026-01-01 18:30:00+00:00,TCS,0.007219446114524963
2026-01-04 18:30:00+00:00,TCS,-0.010643841898445805
2026-01-05 18:30:00+00:00,TCS,0.012344152256602126
2026-01-06 18:30:00+00:00,TCS,0.012224324718865809
2026-01-07 18:30:00+00:00,TCS,-0.0278250498613416
2026-01-08 18:30:00+00:00,TCS,0.0012173295591202393
2026-01-11 18:30:00+00:00,TCS,0.009913396491379345
2026-01-12 18:30:00+00:00,TCS,0.008766477861553046
2026-01-13 18:30:00+00:00,TCS,-0.02310284644818661
2026-01-14 18:30:00+00:00,TCS,0.0
2026-01-15 18:30:00+00:00,TCS,0.022707686548198103
2026-01-18 18:30:00+00:00,TCS,-0.013440563249416115
2026-01-19 18:30:00+00:00,TCS,-0.019376674338055233
2026-01-20 18:30:00+00:00,TCS,0.006543547854371168
2026-01-21 18:30:00+00:00,TCS,0.008902774552644654
2026-01-22 18:30:00+00:00,TCS,0.00384081324001051
2026-01-26 18:30:00+00:00,TCS,-0.0014229249011857847
2026-01-27 18:30:00+00:00,TCS,0.013331253216038563
2026-01-28 18:30:00+00:00,TCS,-0.01740576657376902
2026-01-29 18:30:00+00:00,TCS,-0.00651952698024183
2026-02-01 18:30:00+00:00,TCS,0.014629212439941641
2026-02-02 18:30:00+00:00,TCS,0.01757317940930858
2026-02-03 18:30:00+00:00,TCS,-0.07013299468186285
2026-02-04 18:30:00+00:00,TCS,-0.002534126040737772
2026-02-05 18:30:00+00:00,TCS,-0.01668056237464488
2025-01-01 18:30:00+00:00,TECHM,0.013557535340713134
2025-01-02 18:30:00+00:00,TECHM,-0.021714539565080848
2025-01-05 18:30:00+00:00,TECHM,-0.00186449904310515
2025-01-06 18:30:00+00:00,TECHM,-0.0089841743298813
2025-01-07 18:30:00+00:00,TECHM,-0.00442807645188692
2025-01-08 18:30:00+00:00,TECHM,-0.012592003855600997
2025-01-09 18:30:00+00:00,TECHM,0.03822740024227422
2025-01-12 18:30:00+00:00,TECHM,-0.026940701780250764
2025-01-13 18:30:00+00:00,TECHM,-0.007320747708733033
2025-01-14 18:30:00+00:00,TECHM,0.017268530575426544
2025-01-15 18:30:00+00:00,TECHM,0.006981098251738871
2025-01-16 18:30:00+00:00,TECHM,-0.016205896981699164
2025-01-19 18:30:00+00:00,TECHM,0.008612787458873727
2025-01-20 18:30:00+00:00,TECHM,-0.020362995363158443
2025-01-21 18:30:00+00:00,TECHM,0.026485719859527634
2025-01-22 18:30:00+00:00,TECHM,0.017488764085171082
2025-01-23 18:30:00+00:00,TECHM,0.005632013535188163
2025-01-26 18:30:00+00:00,TECHM,-0.040132278694116064
2025-01-27 18:30:00+00:00,TECHM,-0.0033557714667078464
2025-01-28 18:30:00+00:00,TECHM,0.019898771477952604
2025-01-29 18:30:00+00:00,TECHM,-0.006572944351382226
2025-01-30 18:30:00+00:00,TECHM,0.002604623388890781
2025-01-31 18:30:00+00:00,TECHM,-0.016751687916915947
2025-02-02 18:30:00+00:00,TECHM,0.005041176986660956
2025-02-03 18:30:00+00:00,TECHM,0.0026290161096027553
2025-02-04 18:30:00+00:00,TECHM,0.0011753559095040167
2025-02-05 18:30:00+00:00,TECHM,0.005177593655311563
2025-02-06 18:30:00+00:00,TECHM,0.01347628333017381
2025-02-09 18:30:00+00:00,TECHM,0.0041073651320227
2025-02-10 18:30:00+00:00,TECHM,-0.017627554375318932
2025-02-11 18:30:00+00:00,TECHM,0.006650272383941447
2025-02-12 18:30:00+00:00,TECHM,-0.0029162408473611956
2025-02-13 18:30:00+00:00,TECHM,-0.009670012509988224
2025-02-16 18:30:00+00:00,TECHM,0.0035259617529106446
2025-02-17 18:30:00+00:00,TECHM,0.02405486771501275
2025-02-18 18:30:00+00:00,TECHM,-0.011261029973475445
2025-02-19 18:30:00+00:00,TECHM,-0.016579670978527528
2025-02-20 18:30:00+00:00,TECHM,-0.005036589311026907
2025-02-23 18:30:00+00:00,TECHM,-0.02170355884088393
2025-02-24 18:30:00+00:00,TECHM,-0.012238996166163196
2025-02-26 18:30:00+00:00,TECHM,-0.0035759930234212645
2025-02-27 18:30:00+00:00,TECHM,-0.06321430943892803
2025-03-02 18:30:00+00:00,TECHM,0.0034950990778954694
2025-03-03 18:30:00+00:00,TECHM,-0.0032149049913805516
2025-03-04 18:30:00+00:00,TECHM,0.03349563791320653
2025-03-05 18:30:00+00:00,TECHM,-0.02252779993276066
2025-03-06 18:30:00+00:00,TECHM,-0.007382999335334595
2025-03-09 18:30:00+00:00,TECHM,-0.0036854594321721335
2025-03-10 18:30:00+00:00,TECHM,-0.005145057316120916
2025-03-11 18:30:00+00:00,TECHM,-0.027650062669490216
2025-03-12 18:30:00+00:00,TECHM,0.001633885332163354
2025-03-16 18:30:00+00:00,TECHM,-0.00038178048328407765
2025-03-17 18:30:00+00:00,TECHM,0.0
2025-03-18 18:30:00+00:00,TECHM,-0.03051878045587464
2025-03-19 18:30:00+00:00,TECHM,0.010314108543199696
2025-03-20 18:30:00+00:00,TECHM,-0.0009217032213576504
2025-03-23 18:30:00+00:00,TECHM,0.03505418252941528
2025-03-24 18:30:00+00:00,TECHM,-0.002159515884053498
2025-03-25 18:30:00+00:00,TECHM,-0.026932289234229523
2025-03-26 18:30:00+00:00,TECHM,0.005366051097917435
2025-03-27 18:30:00+00:00,TECHM,-0.003968038343825642
2025-03-31 18:30:00+00:00,TECHM,-0.016287682879308485
2025-04-01 18:30:00+00:00,TECHM,0.019997954569475507
2025-04-02 18:30:00+00:00,TECHM,-0.037735914004612736
2025-04-03 18:30:00+00:00,TECHM,-0.03534528019653882
2025-04-06 18:30:00+00:00,TECHM,-0.024944061633183523
2025-04-07 18:30:00+00:00,TECHM,0.020496856190447943
2025-04-08 18:30:00+00:00,TECHM,-0.03168751500269862
2025-04-10 18:30:00+00:00,TECHM,0.007464191155768463
2025-04-14 18:30:00+00:00,TECHM,0.015168652743995814
2025-04-15 18:30:00+00:00,TECHM,0.005377534659292138
2025-04-16 18:30:00+00:00,TECHM,-0.0014517147913095663
2025-04-20 18:30:00+00:00,TECHM,0.05104064905621497
2025-04-21 18:30:00+00:00,TECHM,0.0021842073714004595
2025-04-22 18:30:00+00:00,TECHM,0.04584083768142966
2025-04-23 18:30:00+00:00,TECHM,0.0038900392537468687
2025-04-24 18:30:00+00:00,TECHM,0.011624722637868956
2025-04-27 18:30:00+00:00,TECHM,-0.0003420984829538565
2025-04-28 18:30:00+00:00,TECHM,0.023126964978595232
2025-04-29 18:30:00+00:00,TECHM,0.005149413546945869
2025-05-01 18:30:00+00:00,TECHM,-0.00592143852732363
2025-05-04 18:30:00+00:00,TECHM,0.00033466462208253667
2025-05-05 18:30:00+00:00,TECHM,0.0010705517017897126
2025-05-06 18:30:00+00:00,TECHM,-0.0006683897724779619
2025-05-07 18:30:00+00:00,TECHM,0.005082890991275457
2025-05-08 18:30:00+00:00,TECHM,-0.00605536744289914
2025-05-11 18:30:00+00:00,TECHM,0.053156637577270516
2025-05-12 18:30:00+00:00,TECHM,-0.00038141361931665063
2025-05-13 18:30:00+00:00,TECHM,0.019523016715118358
2025-05-14 18:30:00+00:00,TECHM,0.01615514631420334
2025-05-15 18:30:00+00:00,TECHM,-0.007427269290052552
2025-05-18 18:30:00+00:00,TECHM,-0.011873874570859089
2025-05-19 18:30:00+00:00,TECHM,-0.013643773650640956
2025-05-20 18:30:00+00:00,TECHM,0.014086255882622467
2025-05-21 18:30:00+00:00,TECHM,-0.02039790328708113
2025-05-22 18:30:00+00:00,TECHM,0.009389358742803333
2025-05-25 18:30:00+00:00,TECHM,0.013351921050947846
2025-05-26 18:30:00+00:00,TECHM,-0.005620098737420975
2025-05-27 18:30:00+00:00,TECHM,-0.007598602348092398
2025-05-28 18:30:00+00:00,TECHM,0.012466037211731118
2025-05-29 18:30:00+00:00,TECHM,-0.016312586204324964
2025-06-01 18:30:00+00:00,TECHM,-0.015757056795120516
2025-06-02 18:30:00+00:00,TECHM,-0.003421284074496711
2025-06-03 18:30:00+00:00,TECHM,0.008355988458395247
2025-06-04 18:30:00+00:00,TECHM,0.003918543734049651
2025-06-05 18:30:00+00:00,TECHM,0.0053110093377062295
2025-06-08 18:30:00+00:00,TECHM,0.00509196198628481
2025-06-09 18:30:00+00:00,TECHM,0.020138032780339543
2025-06-10 18:30:00+00:00,TECHM,0.016512453285122852
2025-06-11 18:30:00+00:00,TECHM,0.004213868172512569
2025-06-12 18:30:00+00:00,TECHM,0.008878542042862758
2025-06-15 18:30:00+00:00,TECHM,0.021036818634492693
2025-06-16 18:30:00+00:00,TECHM,0.014581690299170447
2025-06-17 18:30:00+00:00,TECHM,-0.004596766177880629
2025-06-18 18:30:00+00:00,TECHM,-0.015607655310582946
2025-06-19 18:30:00+00:00,TECHM,0.007185281986293202
2025-06-22 18:30:00+00:00,TECHM,-0.00843106981523567
2025-06-23 18:30:00+00:00,TECHM,-0.0027946453937044424
2025-06-24 18:30:00+00:00,TECHM,0.016635870870951752
2025-06-25 18:30:00+00:00,TECHM,-0.008680401826882345
2025-06-26 18:30:00+00:00,TECHM,-0.009347934857171114
2025-06-29 18:30:00+00:00,TECHM,0.007525105438641599
2025-06-30 18:30:00+00:00,TECHM,-0.009365814594320843
2025-07-01 18:30:00+00:00,TECHM,0.0035304202819015362
2025-07-02 18:30:00+00:00,TECHM,-0.003100624363788218
2025-07-03 18:30:00+00:00,TECHM,0.008100400035429223
2025-07-06 18:30:00+00:00,TECHM,-0.018910050424416402
2025-07-07 18:30:00+00:00,TECHM,0.007081730363146743
2025-07-08 18:30:00+00:00,TECHM,-0.012596339099147591
2025-07-09 18:30:00+00:00,TECHM,-0.009103326015789448
2025-07-10 18:30:00+00:00,TECHM,0.0014999004794409299
2025-07-13 18:30:00+00:00,TECHM,-0.016099878298762804
2025-07-14 18:30:00+00:00,TECHM,0.001458792799867492
2025-07-15 18:30:00+00:00,TECHM,0.018302753490432977
2025-07-16 18:30:00+00:00,TECHM,-0.027489311821704332
2025-07-17 18:30:00+00:00,TECHM,-0.009464707805692085
2025-07-20 18:30:00+00:00,TECHM,-0.003292636601893273
2025-07-21 18:30:00+00:00,TECHM,0.002202342581723249
2025-07-22 18:30:00+00:00,TECHM,-0.00038785559940712755
2025-07-23 18:30:00+00:00,TECHM,-0.031035781658405814
2025-07-24 18:30:00+00:00,TECHM,-0.024489514723537664
2025-07-27 18:30:00+00:00,TECHM,-0.007729717812269943
2025-07-28 18:30:00+00:00,TECHM,0.0022060886823160875
2025-07-29 18:30:00+00:00,TECHM,0.006465738863768999
2025-07-30 18:30:00+00:00,TECHM,0.000341669806859235
2025-07-31 18:30:00+00:00,TECHM,-0.01701158642865308
2025-08-03 18:30:00+00:00,TECHM,0.02515980730277989
2025-08-04 18:30:00+00:00,TECHM,0.007050848160653045
2025-08-05 18:30:00+00:00,TECHM,-0.017773004975458195
2025-08-06 18:30:00+00:00,TECHM,0.01576425312894192
2025-08-07 18:30:00+00:00,TECHM,-0.001079590210161796
2025-08-10 18:30:00+00:00,TECHM,0.00047276348252878186
2025-08-11 18:30:00+00:00,TECHM,0.0190400174158587
2025-08-12 18:30:00+00:00,TECHM,-0.0019877298828570034
2025-08-13 18:30:00+00:00,TECHM,-0.013012061255445295
2025-08-17 18:30:00+00:00,TECHM,-0.010425752521375231
2025-08-18 18:30:00+00:00,TECHM,0.017332754152341145
2025-08-19 18:30:00+00:00,TECHM,0.018306947516869565
2025-08-20 18:30:00+00:00,TECHM,-0.0018370753184694388
2025-08-21 18:30:00+00:00,TECHM,-0.01071452258647565
2025-08-24 18:30:00+00:00,TECHM,0.014684365679201505
2025-08-25 18:30:00+00:00,TECHM,-0.01630548347687366
2025-08-27 18:30:00+00:00,TECHM,-0.004393477788369293
2025-08-28 18:30:00+00:00,TECHM,-0.009494514680864818
2025-08-31 18:30:00+00:00,TECHM,0.016268355720456817
2025-09-01 18:30:00+00:00,TECHM,0.00484897455285882
2025-09-02 18:30:00+00:00,TECHM,-0.003040822722986891
2025-09-03 18:30:00+00:00,TECHM,-0.005171687596864372
2025-09-04 18:30:00+00:00,TECHM,-0.014995994299532689
2025-09-07 18:30:00+00:00,TECHM,-0.011638187356262875
2025-09-08 18:30:00+00:00,TECHM,0.025672640457379714
2025-09-09 18:30:00+00:00,TECHM,0.018555617825308124
2025-09-10 18:30:00+00:00,TECHM,-0.0031454662130742106
2025-09-11 18:30:00+00:00,TECHM,0.0028267487086808263
2025-09-14 18:30:00+00:00,TECHM,-0.003736515763534509
2025-09-15 18:30:00+00:00,TECHM,0.007698361676503174
2025-09-16 18:30:00+00:00,TECHM,0.010251411761844409
2025-09-17 18:30:00+00:00,TECHM,0.002262079090971758
2025-09-18 18:30:00+00:00,TECHM,0.0019991724270906897
2025-09-21 18:30:00+00:00,TECHM,-0.031149411737154575
2025-09-22 18:30:00+00:00,TECHM,-0.022253274645455123
2025-09-23 18:30:00+00:00,TECHM,-0.01324812102913786
2025-09-24 18:30:00+00:00,TECHM,-0.005577007252962951
2025-09-25 18:30:00+00:00,TECHM,-0.02534104653250213
2025-09-28 18:30:00+00:00,TECHM,0.0021311058118000936
2025-09-29 18:30:00+00:00,TECHM,-0.007372140194912724
2025-09-30 18:30:00+00:00,TECHM,0.01121182115524011
2025-10-02 18:30:00+00:00,TECHM,-0.010875657270406847
2025-10-05 18:30:00+00:00,TECHM,0.027631073134108286
2025-10-06 18:30:00+00:00,TECHM,-0.00027792606309717804
2025-10-07 18:30:00+00:00,TECHM,0.013412910464240646
2025-10-08 18:30:00+00:00,TECHM,0.0057605470032719985
2025-10-09 18:30:00+00:00,TECHM,-0.006409392716200779
2025-10-12 18:30:00+00:00,TECHM,-0.0043232904342226375
2025-10-13 18:30:00+00:00,TECHM,0.011785731622727003
2025-10-14 18:30:00+00:00,TECHM,-0.006130787672280258
2025-10-15 18:30:00+00:00,TECHM,0.003289996516822491
2025-10-16 18:30:00+00:00,TECHM,-0.011067147712665037
2025-10-19 18:30:00+00:00,TECHM,0.008236806526049856
2025-10-20 18:30:00+00:00,TECHM,0.0029769639193664155
2025-10-22 18:30:00+00:00,TECHM,0.010147079269448689
2025-10-23 18:30:00+00:00,TECHM,-0.006628449556075
2025-10-26 18:30:00+00:00,TECHM,0.006259955948209273
2025-10-27 18:30:00+00:00,TECHM,-0.010527771328965763
2025-10-28 18:30:00+00:00,TECHM,0.003316240622391664
2025-10-29 18:30:00+00:00,TECHM,-0.012670364249015353
2025-10-30 18:30:00+00:00,TECHM,-0.006556021825878222
2025-11-02 18:30:00+00:00,TECHM,-0.0032294127401674144
2025-11-03 18:30:00+00:00,TECHM,-0.007465908784127118
2025-11-05 18:30:00+00:00,TECHM,0.003122356348652655
2025-11-06 18:30:00+00:00,TECHM,-0.019029446009230733
2025-11-09 18:30:00+00:00,TECHM,0.008004685979017712
2025-11-10 18:30:00+00:00,TECHM,0.00729714609784593
2025-11-11 18:30:00+00:00,TECHM,0.03416191447864869
2025-11-12 18:30:00+00:00,TECHM,-0.0032277668090638922
2025-11-13 18:30:00+00:00,TECHM,-0.008405727598849055
2025-11-16 18:30:00+00:00,TECHM,0.009449762449738941
2025-11-17 18:30:00+00:00,TECHM,-0.021200473425761035
2025-11-18 18:30:00+00:00,TECHM,0.008368512246176074
2025-11-19 18:30:00+00:00,TECHM,0.015412494043975045
2025-11-20 18:30:00+00:00,TECHM,0.003777472527472625
2025-11-23 18:30:00+00:00,TECHM,0.022716353863752925
2025-11-24 18:30:00+00:00,TECHM,0.0
2025-11-25 18:30:00+00:00,TECHM,0.01719413533267211
2025-11-26 18:30:00+00:00,TECHM,-0.006971833343677125
2025-11-27 18:30:00+00:00,TECHM,0.004967545209593416
2025-11-30 18:30:00+00:00,TECHM,0.0080405659917413
2025-12-01 18:30:00+00:00,TECHM,0.0047073888014874665
2025-12-02 18:30:00+00:00,TECHM,0.003253725619101422
2025-12-03 18:30:00+00:00,TECHM,0.013361937023213644
2025-12-04 18:30:00+00:00,TECHM,0.0054406962390969316
2025-12-07 18:30:00+00:00,TECHM,0.013368983541645951
2025-12-08 18:30:00+00:00,TECHM,-0.018972278122758368
2025-12-09 18:30:00+00:00,TECHM,-0.006915936812665557
2025-12-10 18:30:00+00:00,TECHM,0.011219952151083845
2025-12-11 18:30:00+00:00,TECHM,0.006504319321375629
2025-12-14 18:30:00+00:00,TECHM,-0.0019006588656850232
2025-12-15 18:30:00+00:00,TECHM,0.0017772798745854246
2025-12-16 18:30:00+00:00,TECHM,0.0007604063358996882
2025-12-17 18:30:00+00:00,TECHM,0.01658854676895105
2025-12-18 18:30:00+00:00,TECHM,0.004297474164786541
2025-12-21 18:30:00+00:00,TECHM,0.02120927204457357
2025-12-22 18:30:00+00:00,TECHM,-0.00831964023690257
2025-12-23 18:30:00+00:00,TECHM,-0.0009185548071034555
2025-12-25 18:30:00+00:00,TECHM,-0.011768281441541517
2025-12-28 18:30:00+00:00,TECHM,6.200805241562968e-05
2025-12-29 18:30:00+00:00,TECHM,-0.004837539512540956
2025-12-30 18:30:00+00:00,TECHM,-0.008537923083834165
2025-12-31 18:30:00+00:00,TECHM,0.010560014142937835
2026-01-01 18:30:00+00:00,TECHM,0.0026746588037094288
2026-01-04 18:30:00+00:00,TECHM,-0.009367230512368208
2026-01-05 18:30:00+00:00,TECHM,0.0030684603539037347
2026-01-06 18:30:00+00:00,TECHM,0.014608503952081575
2026-01-07 18:30:00+00:00,TECHM,-0.029104066071197088
2026-01-08 18:30:00+00:00,TECHM,0.0027250945505303825
2026-01-11 18:30:00+00:00,TECHM,0.00246493776666723
2026-01-12 18:30:00+00:00,TECHM,0.018094744142206576
2026-01-13 18:30:00+00:00,TECHM,-0.01628687641371529
2026-01-14 18:30:00+00:00,TECHM,0.0
2026-01-15 18:30:00+00:00,TECHM,0.051621026125275415
2026-01-18 18:30:00+00:00,TECHM,0.028614216598698006
2026-01-19 18:30:00+00:00,TECHM,-0.023162455739478394
2026-01-20 18:30:00+00:00,TECHM,0.004885285178358734
2026-01-21 18:30:00+00:00,TECHM,0.00041505499641547594
2026-01-22 18:30:00+00:00,TECHM,0.008118970590054397
2026-01-26 18:30:00+00:00,TECHM,0.025865616737102304
2026-01-27 18:30:00+00:00,TECHM,0.010200016662167632
2026-01-28 18:30:00+00:00,TECHM,0.0031198592795005364
2026-01-29 18:30:00+00:00,TECHM,-0.014306745351074013
2026-02-01 18:30:00+00:00,TECHM,-0.01095747567750216
2026-02-02 18:30:00+00:00,TECHM,-0.004350348027842177
2026-02-03 18:30:00+00:00,TECHM,-0.041479726869720346
2026-02-04 18:30:00+00:00,TECHM,0.0005469533319415465
2026-02-05 18:30:00+00:00,TECHM,-0.015976143565725742
2025-01-01 18:30:00+00:00,TITAN,0.041520025051586806
2025-01-02 18:30:00+00:00,TITAN,0.018501259800758563
2025-01-05 18:30:00+00:00,TITAN,0.0054321445552485415
2025-01-06 18:30:00+00:00,TITAN,0.009998936643647927
2025-01-07 18:30:00+00:00,TITAN,-0.006005527667575339
2025-01-08 18:30:00+00:00,TITAN,0.0008610576537524395
2025-01-09 18:30:00+00:00,TITAN,-0.01342111173080085
2025-01-12 18:30:00+00:00,TITAN,-0.016713877672577593
2025-01-13 18:30:00+00:00,TITAN,-0.01781098554520577
2025-01-14 18:30:00+00:00,TITAN,0.00030099954105677895
2025-01-15 18:30:00+00:00,TITAN,-0.001985896034183421
2025-01-16 18:30:00+00:00,TITAN,0.01221017717049011
2025-01-19 18:30:00+00:00,TITAN,0.0074016195295802945
2025-01-20 18:30:00+00:00,TITAN,-0.008544591496358
2025-01-21 18:30:00+00:00,TITAN,0.0009244120282370094
2025-01-22 18:30:00+00:00,TITAN,0.012543072696417301
2025-01-23 18:30:00+00:00,TITAN,0.0010591774701567136
2025-01-26 18:30:00+00:00,TITAN,-0.024337465704924233
2025-01-27 18:30:00+00:00,TITAN,0.0019731817838442023
2025-01-28 18:30:00+00:00,TITAN,0.013485116452931711
2025-01-29 18:30:00+00:00,TITAN,-0.0006971946433482756
2025-01-30 18:30:00+00:00,TITAN,0.0361745123011632
2025-01-31 18:30:00+00:00,TITAN,0.01769213445149398
2025-02-02 18:30:00+00:00,TITAN,0.007967342231712138
2025-02-03 18:30:00+00:00,TITAN,0.004859889686741781
2025-02-04 18:30:00+00:00,TITAN,-0.02968561589178953
2025-02-05 18:30:00+00:00,TITAN,-0.022959668974588898
2025-02-06 18:30:00+00:00,TITAN,0.004119319252626763
2025-02-09 18:30:00+00:00,TITAN,-0.028425074955896634
2025-02-10 18:30:00+00:00,TITAN,-0.013719187647704745
2025-02-11 18:30:00+00:00,TITAN,-0.008029148062367208
2025-02-12 18:30:00+00:00,TITAN,-0.007356829393378228
2025-02-13 18:30:00+00:00,TITAN,-0.005647553785053772
2025-02-16 18:30:00+00:00,TITAN,0.006208665733575813
2025-02-17 18:30:00+00:00,TITAN,-0.0035104456016502583
2025-02-18 18:30:00+00:00,TITAN,-0.0035849079835361675
2025-02-19 18:30:00+00:00,TITAN,-0.005871730103925055
2025-02-20 18:30:00+00:00,TITAN,-0.0036190559057318605
2025-02-23 18:30:00+00:00,TITAN,-0.002169910340456771
2025-02-24 18:30:00+00:00,TITAN,0.008131127865226961
2025-02-26 18:30:00+00:00,TITAN,0.007596663301429496
2025-02-27 18:30:00+00:00,TITAN,-0.04525152962569268
2025-03-02 18:30:00+00:00,TITAN,0.0015436159845023667
2025-03-03 18:30:00+00:00,TITAN,-0.010869541899547919
2025-03-04 18:30:00+00:00,TITAN,0.012481533940639222
2025-03-05 18:30:00+00:00,TITAN,0.011193712505680464
2025-03-06 18:30:00+00:00,TITAN,-0.013376701793895829
2025-03-09 18:30:00+00:00,TITAN,-0.017065292063974002
2025-03-10 18:30:00+00:00,TITAN,0.0064754274356515484
2025-03-11 18:30:00+00:00,TITAN,-0.009010568127907459
2025-03-12 18:30:00+00:00,TITAN,-0.0029149491378402947
2025-03-16 18:30:00+00:00,TITAN,0.002391930741959758
2025-03-17 18:30:00+00:00,TITAN,0.0
2025-03-18 18:30:00+00:00,TITAN,0.019537033933580306
2025-03-19 18:30:00+00:00,TITAN,0.037967659546286114
2025-03-20 18:30:00+00:00,TITAN,-0.009520544767343098
2025-03-23 18:30:00+00:00,TITAN,-0.02643309808718952
2025-03-24 18:30:00+00:00,TITAN,-0.008249144753459281
2025-03-25 18:30:00+00:00,TITAN,0.001244384113261221
2025-03-26 18:30:00+00:00,TITAN,0.009860928416786097
2025-03-27 18:30:00+00:00,TITAN,-0.007869971664041464
2025-03-31 18:30:00+00:00,TITAN,-0.02494005915666031
2025-04-01 18:30:00+00:00,TITAN,0.03732907421790643
2025-04-02 18:30:00+00:00,TITAN,0.009391795195702768
2025-04-03 18:30:00+00:00,TITAN,-0.016418639888105324
2025-04-06 18:30:00+00:00,TITAN,-0.017554097737923824
2025-04-07 18:30:00+00:00,TITAN,0.03312161632320887
2025-04-08 18:30:00+00:00,TITAN,0.016606239298026626
2025-04-10 18:30:00+00:00,TITAN,0.019139029870297808
2025-04-14 18:30:00+00:00,TITAN,0.01190146183376517
2025-04-15 18:30:00+00:00,TITAN,-0.000397079000692524
2025-04-16 18:30:00+00:00,TITAN,0.01693098101533197
2025-04-20 18:30:00+00:00,TITAN,0.0025845296472484236
2025-04-21 18:30:00+00:00,TITAN,0.00038961612828725123
2025-04-22 18:30:00+00:00,TITAN,0.005962737914093852
2025-04-23 18:30:00+00:00,TITAN,0.007535900173884613
2025-04-24 18:30:00+00:00,TITAN,-0.005144076193542846
2025-04-27 18:30:00+00:00,TITAN,0.0011589593480836324
2025-04-28 18:30:00+00:00,TITAN,0.002819798889815095
2025-04-29 18:30:00+00:00,TITAN,0.0003255002600524026
2025-05-01 18:30:00+00:00,TITAN,-0.011154773156814235
2025-05-04 18:30:00+00:00,TITAN,-0.006044288586551927
2025-05-05 18:30:00+00:00,TITAN,-0.006773474230404086
2025-05-06 18:30:00+00:00,TITAN,0.012002551697290587
2025-05-07 18:30:00+00:00,TITAN,0.009104810379095163
2025-05-08 18:30:00+00:00,TITAN,0.04184844444589797
2025-05-11 18:30:00+00:00,TITAN,0.014984463253977287
2025-05-12 18:30:00+00:00,TITAN,8.419330204834097e-05
2025-05-13 18:30:00+00:00,TITAN,0.0068478097427295825
2025-05-14 18:30:00+00:00,TITAN,0.013713866193188151
2025-05-15 18:30:00+00:00,TITAN,-0.0008523639515294335
2025-05-18 18:30:00+00:00,TITAN,-0.0044032682035110016
2025-05-19 18:30:00+00:00,TITAN,-0.010255090858460214
2025-05-20 18:30:00+00:00,TITAN,-2.7971295295969867e-05
2025-05-21 18:30:00+00:00,TITAN,-0.01103194124030793
2025-05-22 18:30:00+00:00,TITAN,0.010929075494221507
2025-05-25 18:30:00+00:00,TITAN,0.008548234605061156
2025-05-26 18:30:00+00:00,TITAN,-0.0057890235636659515
2025-05-27 18:30:00+00:00,TITAN,-0.004095355261323985
2025-05-28 18:30:00+00:00,TITAN,0.0038045521045668718
2025-05-29 18:30:00+00:00,TITAN,-0.009280190817560041
2025-06-01 18:30:00+00:00,TITAN,-0.008298209275781954
2025-06-02 18:30:00+00:00,TITAN,-0.0016167816896712761
2025-06-03 18:30:00+00:00,TITAN,-0.005682126902318285
2025-06-04 18:30:00+00:00,TITAN,0.0012000977598292106
2025-06-05 18:30:00+00:00,TITAN,0.015953167868691942
2025-06-08 18:30:00+00:00,TITAN,-0.007303612700858442
2025-06-09 18:30:00+00:00,TITAN,-0.002744843665104968
2025-06-10 18:30:00+00:00,TITAN,0.0049373216477064386
2025-06-11 18:30:00+00:00,TITAN,-0.02510166033458927
2025-06-12 18:30:00+00:00,TITAN,-0.008920535615120406
2025-06-15 18:30:00+00:00,TITAN,0.004734204433819
2025-06-16 18:30:00+00:00,TITAN,-0.009423794697000165
2025-06-17 18:30:00+00:00,TITAN,0.01823410765628619
2025-06-18 18:30:00+00:00,TITAN,0.010842573768720554
2025-06-19 18:30:00+00:00,TITAN,0.0038797664302230306
2025-06-22 18:30:00+00:00,TITAN,-0.003779458805269864
2025-06-23 18:30:00+00:00,TITAN,0.005790547435458482
2025-06-24 18:30:00+00:00,TITAN,0.035791249518548396
2025-06-25 18:30:00+00:00,TITAN,0.011636843168867816
2025-06-26 18:30:00+00:00,TITAN,-0.007713769356003097
2025-06-29 18:30:00+00:00,TITAN,0.0065462848636139714
2025-06-30 18:30:00+00:00,TITAN,0.0027912287876599162
2025-07-01 18:30:00+00:00,TITAN,0.002026698394695048
2025-07-02 18:30:00+00:00,TITAN,-0.007901787279781414
2025-07-03 18:30:00+00:00,TITAN,0.002229020062578524
2025-07-06 18:30:00+00:00,TITAN,-0.005641584537325439
2025-07-07 18:30:00+00:00,TITAN,-0.05849362346197284
2025-07-08 18:30:00+00:00,TITAN,-0.0026733940782083243
2025-07-09 18:30:00+00:00,TITAN,-0.0035838257854206024
2025-07-10 18:30:00+00:00,TITAN,-0.017018524574797467
2025-07-13 18:30:00+00:00,TITAN,0.012821231634802421
2025-07-14 18:30:00+00:00,TITAN,0.0030252442141280866
2025-07-15 18:30:00+00:00,TITAN,0.0006735135660687064
2025-07-16 18:30:00+00:00,TITAN,0.004682058868517247
2025-07-17 18:30:00+00:00,TITAN,-0.008854497437458586
2025-07-20 18:30:00+00:00,TITAN,0.008845425525305206
2025-07-21 18:30:00+00:00,TITAN,0.011476813965555
2025-07-22 18:30:00+00:00,TITAN,-0.0002879852632541313
2025-07-23 18:30:00+00:00,TITAN,0.0037448868945415548
2025-07-24 18:30:00+00:00,TITAN,-0.006199016795143453
2025-07-27 18:30:00+00:00,TITAN,-0.020157112118485365
2025-07-28 18:30:00+00:00,TITAN,-0.0040672115614869275
2025-07-29 18:30:00+00:00,TITAN,-0.0007989912437524893
2025-07-30 18:30:00+00:00,TITAN,-0.008647993831445322
2025-07-31 18:30:00+00:00,TITAN,-0.009350834514845197
2025-08-03 18:30:00+00:00,TITAN,0.012153211347444293
2025-08-04 18:30:00+00:00,TITAN,0.01844289885982109
2025-08-05 18:30:00+00:00,TITAN,-0.00014627581977133541
2025-08-06 18:30:00+00:00,TITAN,-0.0005851888780682435
2025-08-07 18:30:00+00:00,TITAN,0.013028076422442414
2025-08-10 18:30:00+00:00,TITAN,0.002225290815713432
2025-08-11 18:30:00+00:00,TITAN,0.005450026533811325
2025-08-12 18:30:00+00:00,TITAN,-0.005735918240199034
2025-08-13 18:30:00+00:00,TITAN,0.0065189376939303045
2025-08-17 18:30:00+00:00,TITAN,0.01874251972106933
2025-08-18 18:30:00+00:00,TITAN,0.0037414337361982852
2025-08-19 18:30:00+00:00,TITAN,0.007538998796984275
2025-08-20 18:30:00+00:00,TITAN,0.005924909270688561
2025-08-21 18:30:00+00:00,TITAN,0.0012996574145991424
2025-08-24 18:30:00+00:00,TITAN,0.008395443894987586
2025-08-25 18:30:00+00:00,TITAN,-0.015719971484609574
2025-08-27 18:30:00+00:00,TITAN,0.012159140559787174
2025-08-28 18:30:00+00:00,TITAN,-0.002446574061415574
2025-08-31 18:30:00+00:00,TITAN,-0.002810833067302454
2025-09-01 18:30:00+00:00,TITAN,0.0005526999242870811
2025-09-02 18:30:00+00:00,TITAN,0.019333811553867486
2025-09-03 18:30:00+00:00,TITAN,0.0001354793222700934
2025-09-04 18:30:00+00:00,TITAN,-0.006989799286263532
2025-09-07 18:30:00+00:00,TITAN,-0.001991664728910547
2025-09-08 18:30:00+00:00,TITAN,-0.007627091947443931
2025-09-09 18:30:00+00:00,TITAN,-0.002617007725526199
2025-09-10 18:30:00+00:00,TITAN,-0.010053622466601131
2025-09-11 18:30:00+00:00,TITAN,-0.0034317418100805464
2025-09-14 18:30:00+00:00,TITAN,-0.0105825487054374
2025-09-15 18:30:00+00:00,TITAN,0.006423120609098998
2025-09-16 18:30:00+00:00,TITAN,-0.009502937574256132
2025-09-17 18:30:00+00:00,TITAN,-0.003321019350517984
2025-09-18 18:30:00+00:00,TITAN,-0.012559478552955916
2025-09-21 18:30:00+00:00,TITAN,-0.002797632472449907
2025-09-22 18:30:00+00:00,TITAN,-0.0052928557709689406
2025-09-23 18:30:00+00:00,TITAN,-0.006076966341148182
2025-09-24 18:30:00+00:00,TITAN,-0.011643228581343923
2025-09-25 18:30:00+00:00,TITAN,-0.015154639979835682
2025-09-28 18:30:00+00:00,TITAN,0.022210170786904904
2025-09-29 18:30:00+00:00,TITAN,-0.010055260397169974
2025-09-30 18:30:00+00:00,TITAN,0.012266126768079921
2025-10-02 18:30:00+00:00,TITAN,0.013203062921491426
2025-10-05 18:30:00+00:00,TITAN,-0.00807927086840976
2025-10-06 18:30:00+00:00,TITAN,-0.002101930103678873
2025-10-07 18:30:00+00:00,TITAN,0.0431221545228333
2025-10-08 18:30:00+00:00,TITAN,-0.004206865489447265
2025-10-09 18:30:00+00:00,TITAN,-0.005266770348157146
2025-10-12 18:30:00+00:00,TITAN,0.0004813826437639612
2025-10-13 18:30:00+00:00,TITAN,0.0010753352338936928
2025-10-14 18:30:00+00:00,TITAN,0.0032792723402756963
2025-10-15 18:30:00+00:00,TITAN,0.025725570253064323
2025-10-16 18:30:00+00:00,TITAN,0.009477240759619754
2025-10-19 18:30:00+00:00,TITAN,0.016980489146245947
2025-10-20 18:30:00+00:00,TITAN,-0.002194143015897154
2025-10-22 18:30:00+00:00,TITAN,0.011611705236826309
2025-10-23 18:30:00+00:00,TITAN,-0.01521621974429277
2025-10-26 18:30:00+00:00,TITAN,0.006702777231942569
2025-10-27 18:30:00+00:00,TITAN,-0.006096595681704842
2025-10-28 18:30:00+00:00,TITAN,0.008420782574152463
2025-10-29 18:30:00+00:00,TITAN,0.0006402642031020367
2025-10-30 18:30:00+00:00,TITAN,-0.0010664676065997858
2025-11-02 18:30:00+00:00,TITAN,-0.005925201233403121
2025-11-03 18:30:00+00:00,TITAN,0.023895824942945287
2025-11-05 18:30:00+00:00,TITAN,-0.01025307398878983
2025-11-06 18:30:00+00:00,TITAN,-0.0013511693640247957
2025-11-09 18:30:00+00:00,TITAN,0.008940639040490472
2025-11-10 18:30:00+00:00,TITAN,0.0024717071637523347
2025-11-11 18:30:00+00:00,TITAN,0.010151137421000378
2025-11-12 18:30:00+00:00,TITAN,-0.003090064184936958
2025-11-13 18:30:00+00:00,TITAN,-0.0026047093475679572
2025-11-16 18:30:00+00:00,TITAN,0.010289393864720164
2025-11-17 18:30:00+00:00,TITAN,0.0027399713715683394
2025-11-18 18:30:00+00:00,TITAN,0.013894655383281274
2025-11-19 18:30:00+00:00,TITAN,-0.007805597251591578
2025-11-20 18:30:00+00:00,TITAN,0.0004612671364212506
2025-11-23 18:30:00+00:00,TITAN,-0.007658394221017106
2025-11-24 18:30:00+00:00,TITAN,-0.004955721273493641
2025-11-25 18:30:00+00:00,TITAN,0.01105025873167964
2025-11-26 18:30:00+00:00,TITAN,0.0014367698197410572
2025-11-27 18:30:00+00:00,TITAN,0.0011272262671866429
2025-11-30 18:30:00+00:00,TITAN,-0.003275596639472411
2025-12-01 18:30:00+00:00,TITAN,-0.0023363510600488135
2025-12-02 18:30:00+00:00,TITAN,-0.017499613759207056
2025-12-03 18:30:00+00:00,TITAN,-0.0045576369275064366
2025-12-04 18:30:00+00:00,TITAN,0.003394418170682423
2025-12-07 18:30:00+00:00,TITAN,-0.012141727174695749
2025-12-08 18:30:00+00:00,TITAN,0.021767985134058865
2025-12-09 18:30:00+00:00,TITAN,-0.0008573782354183157
2025-12-10 18:30:00+00:00,TITAN,-0.00023400222460823183
2025-12-11 18:30:00+00:00,TITAN,0.009207215432318616
2025-12-14 18:30:00+00:00,TITAN,-0.0036080614855354964
2025-12-15 18:30:00+00:00,TITAN,0.01637267850281221
2025-12-16 18:30:00+00:00,TITAN,-0.005496907407112839
2025-12-17 18:30:00+00:00,TITAN,0.002917205345392304
2025-12-18 18:30:00+00:00,TITAN,0.0027556065352418724
2025-12-21 18:30:00+00:00,TITAN,0.000941439423917334
2025-12-22 18:30:00+00:00,TITAN,-0.0020336569985002217
2025-12-23 18:30:00+00:00,TITAN,-0.004202964948488708
2025-12-25 18:30:00+00:00,TITAN,0.021154669669488646
2025-12-28 18:30:00+00:00,TITAN,-0.0020791705481274514
2025-12-29 18:30:00+00:00,TITAN,-0.002409783275168831
2025-12-30 18:30:00+00:00,TITAN,0.01947608274622903
2025-12-31 18:30:00+00:00,TITAN,-0.000542996710323318
2026-01-01 18:30:00+00:00,TITAN,0.0005926709097401339
2026-01-04 18:30:00+00:00,TITAN,0.006910679551160204
2026-01-05 18:30:00+00:00,TITAN,0.00786818979332149
2026-01-06 18:30:00+00:00,TITAN,0.039252978815019546
2026-01-07 18:30:00+00:00,TITAN,-0.005663248667601928
2026-01-08 18:30:00+00:00,TITAN,-0.011108542083431372
2026-01-11 18:30:00+00:00,TITAN,0.007092268635813026
2026-01-12 18:30:00+00:00,TITAN,0.001796034001525726
2026-01-13 18:30:00+00:00,TITAN,-0.004175361977967418
2026-01-14 18:30:00+00:00,TITAN,0.0
2026-01-15 18:30:00+00:00,TITAN,-0.005827335699692071
2026-01-18 18:30:00+00:00,TITAN,-0.012580668092182501
2026-01-19 18:30:00+00:00,TITAN,-0.0165536777683164
2026-01-20 18:30:00+00:00,TITAN,0.0009078520848668781
2026-01-21 18:30:00+00:00,TITAN,-0.014855818356787287
2026-01-22 18:30:00+00:00,TITAN,0.0007962850480547345
2026-01-26 18:30:00+00:00,TITAN,-0.006166405223290816
2026-01-27 18:30:00+00:00,TITAN,-0.005454102784119286
2026-01-28 18:30:00+00:00,TITAN,-0.00893036839305017
2026-01-29 18:30:00+00:00,TITAN,0.009569244267107369
2026-02-01 18:30:00+00:00,TITAN,-0.006084364601511294
2026-02-02 18:30:00+00:00,TITAN,0.02919157844524567
2026-02-03 18:30:00+00:00,TITAN,0.01853214878188325
2026-02-04 18:30:00+00:00,TITAN,-0.011196887631213848
2026-02-05 18:30:00+00:00,TITAN,0.010591541709639829
2025-10-15 18:30:00+00:00,TMPV,0.015223184332962214
2025-10-16 18:30:00+00:00,TMPV,-0.0005039861280377034
2025-10-19 18:30:00+00:00,TMPV,0.007942495834612373
2025-10-20 18:30:00+00:00,TMPV,0.0052532985703954704
2025-10-22 18:30:00+00:00,TMPV,0.009953962770302027
2025-10-23 18:30:00+00:00,TMPV,-0.006283154545269176
2025-10-26 18:30:00+00:00,TMPV,0.016736920913236197
2025-10-27 18:30:00+00:00,TMPV,0.0035361840024326074
2025-10-28 18:30:00+00:00,TMPV,-0.0003645052162438711
2025-10-29 18:30:00+00:00,TMPV,0.0026741365921818527
2025-10-30 18:30:00+00:00,TMPV,-0.00594014337379023
2025-11-02 18:30:00+00:00,TMPV,0.017073170731707332
2025-11-03 18:30:00+00:00,TMPV,-0.025179856115107868
2025-11-05 18:30:00+00:00,TMPV,0.003321048225130685
2025-11-06 18:30:00+00:00,TMPV,-0.005271530867498986
2025-11-09 18:30:00+00:00,TMPV,0.011708158385699052
2025-11-10 18:30:00+00:00,TMPV,-0.006943613153258088
2025-11-11 18:30:00+00:00,TMPV,-0.01337098166197559
2025-11-12 18:30:00+00:00,TMPV,-0.010443818856638254
2025-11-13 18:30:00+00:00,TMPV,-0.01696192937038621
2025-11-16 18:30:00+00:00,TMPV,-0.04729038707240485
2025-11-17 18:30:00+00:00,TMPV,-0.0037564378003959176
2025-11-18 18:30:00+00:00,TMPV,-0.028144309272856605
2025-11-19 18:30:00+00:00,TMPV,-0.0029098470078607885
2025-11-20 18:30:00+00:00,TMPV,0.006809372679692727
2025-11-23 18:30:00+00:00,TMPV,-0.010904105471445824
2025-11-24 18:30:00+00:00,TMPV,-0.016327032613011716
2025-11-25 18:30:00+00:00,TMPV,0.019293481507880905
2025-11-26 18:30:00+00:00,TMPV,-0.004036220478862207
2025-11-27 18:30:00+00:00,TMPV,-0.002794857557621322
2025-11-30 18:30:00+00:00,TMPV,0.019618834751927716
2025-12-01 18:30:00+00:00,TMPV,-0.00563493090091971
2025-12-02 18:30:00+00:00,TMPV,-0.013545249195533904
2025-12-03 18:30:00+00:00,TMPV,-0.0011209020306653938
2025-12-04 18:30:00+00:00,TMPV,-0.007995528141152897
2025-12-07 18:30:00+00:00,TMPV,-0.014988739307304488
2025-12-08 18:30:00+00:00,TMPV,-0.010335847579981405
2025-12-09 18:30:00+00:00,TMPV,-0.0037714484029842676
2025-12-10 18:30:00+00:00,TMPV,0.009464181880503242
2025-12-11 18:30:00+00:00,TMPV,0.0023078561218314864
2025-12-14 18:30:00+00:00,TMPV,-0.0008634862570334745
2025-12-15 18:30:00+00:00,TMPV,-0.004896965920615948
2025-12-16 18:30:00+00:00,TMPV,0.0026052796777584764
2025-12-17 18:30:00+00:00,TMPV,-0.0015880418676317287
2025-12-18 18:30:00+00:00,TMPV,0.019809156579891907
2025-12-21 18:30:00+00:00,TMPV,0.018431873280871258
2025-12-22 18:30:00+00:00,TMPV,0.01141586015089091
2025-12-23 18:30:00+00:00,TMPV,-0.011149312575275294
2025-12-25 18:30:00+00:00,TMPV,-0.0011136536761361393
2025-12-28 18:30:00+00:00,TMPV,-0.000557362587115029
2025-12-29 18:30:00+00:00,TMPV,0.008784143454741322
2025-12-30 18:30:00+00:00,TMPV,0.015480320949593951
2025-12-31 18:30:00+00:00,TMPV,0.000544390053438093
2026-01-01 18:30:00+00:00,TMPV,0.007618061225794337
2026-01-04 18:30:00+00:00,TMPV,0.00864042564254408
2026-01-05 18:30:00+00:00,TMPV,-0.012448116847648238
2026-01-06 18:30:00+00:00,TMPV,-0.015044694727010754
2026-01-07 18:30:00+00:00,TMPV,-0.010733435615722264
2026-01-08 18:30:00+00:00,TMPV,-0.01474479936168216
2026-01-11 18:30:00+00:00,TMPV,-0.010165201653421163
2026-01-12 18:30:00+00:00,TMPV,-0.002282093341395952
2026-01-13 18:30:00+00:00,TMPV,0.000142924354449514
2026-01-15 18:30:00+00:00,TMPV,0.010863403210854106
2026-01-18 18:30:00+00:00,TMPV,-0.027149338059415218
2026-01-19 18:30:00+00:00,TMPV,-0.01787788923396616
2026-01-20 18:30:00+00:00,TMPV,0.0041438326807530235
2026-01-21 18:30:00+00:00,TMPV,0.023728777576915938
2026-01-22 18:30:00+00:00,TMPV,-0.008206091811429617
2026-01-26 18:30:00+00:00,TMPV,-0.01132246850297225
2026-01-27 18:30:00+00:00,TMPV,-0.00029357095733706373
2026-01-28 18:30:00+00:00,TMPV,0.03333815590829081
2026-01-29 18:30:00+00:00,TMPV,-0.004974417455153146
2026-02-01 18:30:00+00:00,TMPV,0.03670906028174348
2026-02-02 18:30:00+00:00,TMPV,0.025213541059177835
2026-02-03 18:30:00+00:00,TMPV,0.00913862256583231
2026-02-04 18:30:00+00:00,TMPV,-0.003462560309706597
2026-02-05 18:30:00+00:00,TMPV,-0.012428154409567793
2025-01-01 18:30:00+00:00,TRENT,0.03578786345914442
2025-01-02 18:30:00+00:00,TRENT,-0.0018166367721086374
2025-01-05 18:30:00+00:00,TRENT,-0.04233209765711943
2025-01-06 18:30:00+00:00,TRENT,-0.017725641689038896
2025-01-07 18:30:00+00:00,TRENT,-0.02548623028810537
2025-01-08 18:30:00+00:00,TRENT,-0.011553718623615095
2025-01-09 18:30:00+00:00,TRENT,-0.00567836283896439
2025-01-12 18:30:00+00:00,TRENT,-0.0546316161770235
2025-01-13 18:30:00+00:00,TRENT,-0.01016163184702401
2025-01-14 18:30:00+00:00,TRENT,0.037184643304141174
2025-01-15 18:30:00+00:00,TRENT,-0.027964491021041482
2025-01-16 18:30:00+00:00,TRENT,0.000804941337470888
2025-01-19 18:30:00+00:00,TRENT,-0.02035694581821401
2025-01-20 18:30:00+00:00,TRENT,-0.05797204258483957
2025-01-21 18:30:00+00:00,TRENT,-0.01927855822727187
2025-01-22 18:30:00+00:00,TRENT,0.019062102317326968
2025-01-23 18:30:00+00:00,TRENT,-0.04240789638883391
2025-01-26 18:30:00+00:00,TRENT,-0.014179183457266209
2025-01-27 18:30:00+00:00,TRENT,0.007852079516695198
2025-01-28 18:30:00+00:00,TRENT,0.026039798877927067
2025-01-29 18:30:00+00:00,TRENT,-0.015356008941206145
2025-01-30 18:30:00+00:00,TRENT,0.04391058109624679
2025-01-31 18:30:00+00:00,TRENT,0.07583605829080087
2025-02-02 18:30:00+00:00,TRENT,-0.008789096735255075
2025-02-03 18:30:00+00:00,TRENT,-0.0627211231268534
2025-02-04 18:30:00+00:00,TRENT,-6.0766146372515095e-05
2025-02-05 18:30:00+00:00,TRENT,-0.08223553114751725
2025-02-06 18:30:00+00:00,TRENT,0.033597989877151235
2025-02-09 18:30:00+00:00,TRENT,-0.04723705221297625
2025-02-10 18:30:00+00:00,TRENT,0.006080743806595734
2025-02-11 18:30:00+00:00,TRENT,0.0017117524099179438
2025-02-12 18:30:00+00:00,TRENT,0.0037232522754659936
2025-02-13 18:30:00+00:00,TRENT,-0.0265275100224448
2025-02-16 18:30:00+00:00,TRENT,-0.004084130841548128
2025-02-17 18:30:00+00:00,TRENT,-0.019366457000746462
2025-02-18 18:30:00+00:00,TRENT,-0.0012604468455190698
2025-02-19 18:30:00+00:00,TRENT,0.021646930644328544
2025-02-20 18:30:00+00:00,TRENT,-0.010059765766953777
2025-02-23 18:30:00+00:00,TRENT,0.0035259272597198965
2025-02-24 18:30:00+00:00,TRENT,-0.020943477095290652
2025-02-26 18:30:00+00:00,TRENT,-0.03117000816724036
2025-02-27 18:30:00+00:00,TRENT,0.00962478805492184
2025-03-02 18:30:00+00:00,TRENT,0.019653535768874963
2025-03-03 18:30:00+00:00,TRENT,0.010693523584433207
2025-03-04 18:30:00+00:00,TRENT,0.021260854678264884
2025-03-05 18:30:00+00:00,TRENT,-0.00716790510479226
2025-03-06 18:30:00+00:00,TRENT,-0.013738957399389573
2025-03-09 18:30:00+00:00,TRENT,-0.040031160717165615
2025-03-10 18:30:00+00:00,TRENT,0.04078379616176231
2025-03-11 18:30:00+00:00,TRENT,0.0039835344503482695
2025-03-12 18:30:00+00:00,TRENT,0.0014056940646112182
2025-03-16 18:30:00+00:00,TRENT,0.027307654433621043
2025-03-17 18:30:00+00:00,TRENT,0.0
2025-03-18 18:30:00+00:00,TRENT,0.01381903407702434
2025-03-19 18:30:00+00:00,TRENT,-0.0017779217804106962
2025-03-20 18:30:00+00:00,TRENT,-0.013693322219391568
2025-03-23 18:30:00+00:00,TRENT,-0.018514216697165353
2025-03-24 18:30:00+00:00,TRENT,0.025787711303398853
2025-03-25 18:30:00+00:00,TRENT,0.026402973103143434
2025-03-26 18:30:00+00:00,TRENT,0.018855785901090272
2025-03-27 18:30:00+00:00,TRENT,-0.017916753265223795
2025-03-31 18:30:00+00:00,TRENT,0.04724751609856659
2025-04-01 18:30:00+00:00,TRENT,0.018962698196121064
2025-04-02 18:30:00+00:00,TRENT,-0.0012671479719053025
2025-04-03 18:30:00+00:00,TRENT,-0.019813823409084663
2025-04-06 18:30:00+00:00,TRENT,-0.14774798170160464
2025-04-07 18:30:00+00:00,TRENT,0.005536816484628115
2025-04-08 18:30:00+00:00,TRENT,-0.030835667660197186
2025-04-10 18:30:00+00:00,TRENT,0.03470612377009474
2025-04-14 18:30:00+00:00,TRENT,0.020175645472936266
2025-04-15 18:30:00+00:00,TRENT,0.032499483188003
2025-04-16 18:30:00+00:00,TRENT,0.018865992648521734
2025-04-20 18:30:00+00:00,TRENT,0.04473246715689183
2025-04-21 18:30:00+00:00,TRENT,-0.006902947889718458
2025-04-22 18:30:00+00:00,TRENT,0.0011271505098939816
2025-04-23 18:30:00+00:00,TRENT,-0.0010320656582307741
2025-04-24 18:30:00+00:00,TRENT,-0.03353061128379442
2025-04-27 18:30:00+00:00,TRENT,0.012536475909253442
2025-04-28 18:30:00+00:00,TRENT,0.03493614010966972
2025-04-29 18:30:00+00:00,TRENT,-0.0406194248599151
2025-05-01 18:30:00+00:00,TRENT,-0.0035766820661650156
2025-05-04 18:30:00+00:00,TRENT,0.04200628564357678
2025-05-05 18:30:00+00:00,TRENT,-0.027278714934867332
2025-05-06 18:30:00+00:00,TRENT,0.0017228135558560176
2025-05-07 18:30:00+00:00,TRENT,-0.0012420727972328738
2025-05-08 18:30:00+00:00,TRENT,-0.021716272510060475
2025-05-11 18:30:00+00:00,TRENT,0.06415024908338074
2025-05-12 18:30:00+00:00,TRENT,-0.021043922934366743
2025-05-13 18:30:00+00:00,TRENT,0.006664782741533148
2025-05-14 18:30:00+00:00,TRENT,0.04019022826644614
2025-05-15 18:30:00+00:00,TRENT,0.0009860829471526333
2025-05-18 18:30:00+00:00,TRENT,-0.005731661532339505
2025-05-19 18:30:00+00:00,TRENT,-0.01828498703362247
2025-05-20 18:30:00+00:00,TRENT,-0.0011010754632175823
2025-05-21 18:30:00+00:00,TRENT,-0.018646085814082447
2025-05-22 18:30:00+00:00,TRENT,0.017502785211819694
2025-05-25 18:30:00+00:00,TRENT,0.016649841561091616
2025-05-26 18:30:00+00:00,TRENT,0.008505275989674876
2025-05-27 18:30:00+00:00,TRENT,-0.0025120959344068217
2025-05-28 18:30:00+00:00,TRENT,0.017629045084746497
2025-05-29 18:30:00+00:00,TRENT,-0.0023864179438172206
2025-06-01 18:30:00+00:00,TRENT,-0.0038982899377929536
2025-06-02 18:30:00+00:00,TRENT,-0.005603472595136494
2025-06-03 18:30:00+00:00,TRENT,-0.014937389467820306
2025-06-04 18:30:00+00:00,TRENT,0.030236916611249498
2025-06-05 18:30:00+00:00,TRENT,0.018332483793634058
2025-06-08 18:30:00+00:00,TRENT,0.0236281787031698
2025-06-09 18:30:00+00:00,TRENT,-0.016825938721683142
2025-06-10 18:30:00+00:00,TRENT,-0.006449904658955563
2025-06-11 18:30:00+00:00,TRENT,-0.02495018626007106
2025-06-12 18:30:00+00:00,TRENT,-0.00666370501999114
2025-06-15 18:30:00+00:00,TRENT,0.01601073345259385
2025-06-16 18:30:00+00:00,TRENT,-0.009331807377410017
2025-06-17 18:30:00+00:00,TRENT,0.019283746556473913
2025-06-18 18:30:00+00:00,TRENT,-0.0020052310374890636
2025-06-19 18:30:00+00:00,TRENT,0.030400978422294056
2025-06-22 18:30:00+00:00,TRENT,0.03772785078423069
2025-06-23 18:30:00+00:00,TRENT,-0.010212418300653558
2025-06-24 18:30:00+00:00,TRENT,0.011060668592653755
2025-06-25 18:30:00+00:00,TRENT,-0.002857376112335719
2025-06-26 18:30:00+00:00,TRENT,-0.014327820533813651
2025-06-29 18:30:00+00:00,TRENT,0.03289309743334168
2025-06-30 18:30:00+00:00,TRENT,-0.011821471652593507
2025-07-01 18:30:00+00:00,TRENT,0.01277669270833326
2025-07-02 18:30:00+00:00,TRENT,-0.005062274005624756
2025-07-03 18:30:00+00:00,TRENT,-0.11872072363107733
2025-07-06 18:30:00+00:00,TRENT,0.00788123167155419
2025-07-07 18:30:00+00:00,TRENT,-0.010729223495180906
2025-07-08 18:30:00+00:00,TRENT,-0.00588235294117645
2025-07-09 18:30:00+00:00,TRENT,0.004252958579881616
2025-07-10 18:30:00+00:00,TRENT,-0.012336586264039773
2025-07-13 18:30:00+00:00,TRENT,-0.009228187919463116
2025-07-14 18:30:00+00:00,TRENT,0.014206416407940514
2025-07-15 18:30:00+00:00,TRENT,-0.0014842300556586752
2025-07-16 18:30:00+00:00,TRENT,0.006596060943887094
2025-07-17 18:30:00+00:00,TRENT,-0.007844946931241381
2025-07-20 18:30:00+00:00,TRENT,0.00018604651162790198
2025-07-21 18:30:00+00:00,TRENT,-0.0028831845238095344
2025-07-22 18:30:00+00:00,TRENT,-0.0002798246432236251
2025-07-23 18:30:00+00:00,TRENT,-0.038253405486098124
2025-07-24 18:30:00+00:00,TRENT,-0.021536670547147807
2025-07-27 18:30:00+00:00,TRENT,-0.009716438627800916
2025-07-28 18:30:00+00:00,TRENT,0.0015018021625952116
2025-07-29 18:30:00+00:00,TRENT,0.008397480755773179
2025-07-30 18:30:00+00:00,TRENT,-0.005056012689600431
2025-07-31 18:30:00+00:00,TRENT,0.03228377839776808
2025-08-03 18:30:00+00:00,TRENT,0.013320463320463327
2025-08-04 18:30:00+00:00,TRENT,0.013050104781863192
2025-08-05 18:30:00+00:00,TRENT,0.0073342736248236395
2025-08-06 18:30:00+00:00,TRENT,-0.009894520675814422
2025-08-07 18:30:00+00:00,TRENT,0.002545488828132436
2025-08-10 18:30:00+00:00,TRENT,0.02379161181117162
2025-08-11 18:30:00+00:00,TRENT,-0.014329016257922267
2025-08-12 18:30:00+00:00,TRENT,0.006150405367626455
2025-08-13 18:30:00+00:00,TRENT,-0.005186625914605947
2025-08-17 18:30:00+00:00,TRENT,0.027651056698631438
2025-08-18 18:30:00+00:00,TRENT,-0.004167421634354018
2025-08-19 18:30:00+00:00,TRENT,-0.007823871906841307
2025-08-20 18:30:00+00:00,TRENT,-9.169264624975249e-05
2025-08-21 18:30:00+00:00,TRENT,-0.006327372764786787
2025-08-24 18:30:00+00:00,TRENT,0.0009228497600590746
2025-08-25 18:30:00+00:00,TRENT,-0.023603171676193968
2025-08-27 18:30:00+00:00,TRENT,-0.011237016052880078
2025-08-28 18:30:00+00:00,TRENT,0.011937732785789246
2025-08-31 18:30:00+00:00,TRENT,0.028690071725179234
2025-09-01 18:30:00+00:00,TRENT,-0.006972477064220217
2025-09-02 18:30:00+00:00,TRENT,0.012379896526238054
2025-09-03 18:30:00+00:00,TRENT,0.009125752874612258
2025-09-04 18:30:00+00:00,TRENT,-9.043226623262068e-05
2025-09-07 18:30:00+00:00,TRENT,-0.03852762955593747
2025-09-08 18:30:00+00:00,TRENT,-0.01824851848367981
2025-09-09 18:30:00+00:00,TRENT,-0.004886461626904315
2025-09-10 18:30:00+00:00,TRENT,-0.004236472174080519
2025-09-11 18:30:00+00:00,TRENT,-0.007928833881260866
2025-09-14 18:30:00+00:00,TRENT,0.0005847953216373547
2025-09-15 18:30:00+00:00,TRENT,0.0028248587570620654
2025-09-16 18:30:00+00:00,TRENT,0.009713453132588645
2025-09-17 18:30:00+00:00,TRENT,-0.010293410293410243
2025-09-18 18:30:00+00:00,TRENT,-0.01244167962674958
2025-09-21 18:30:00+00:00,TRENT,-0.013681102362204767
2025-09-22 18:30:00+00:00,TRENT,-0.023849915178125958
2025-09-23 18:30:00+00:00,TRENT,0.0012267429973420452
2025-09-24 18:30:00+00:00,TRENT,-0.031549928527670024
2025-09-25 18:30:00+00:00,TRENT,-0.013389562467053251
2025-09-28 18:30:00+00:00,TRENT,0.011006625347296461
2025-09-29 18:30:00+00:00,TRENT,-0.011203889652256604
2025-09-30 18:30:00+00:00,TRENT,0.03303046499198281
2025-10-02 18:30:00+00:00,TRENT,-0.003373303950227613
2025-10-05 18:30:00+00:00,TRENT,-0.007973999432601353
2025-10-06 18:30:00+00:00,TRENT,-0.01911117334480794
2025-10-07 18:30:00+00:00,TRENT,-0.014810051716549255
2025-10-08 18:30:00+00:00,TRENT,0.009595763928088585
2025-10-09 18:30:00+00:00,TRENT,0.00647947734241483
2025-10-12 18:30:00+00:00,TRENT,-0.002025111338968544
2025-10-13 18:30:00+00:00,TRENT,-0.013755959714711774
2025-10-14 18:30:00+00:00,TRENT,0.023174217160570443
2025-10-15 18:30:00+00:00,TRENT,0.014647920107177637
2025-10-16 18:30:00+00:00,TRENT,0.004381023997128253
2025-10-19 18:30:00+00:00,TRENT,-0.0025133137881544476
2025-10-20 18:30:00+00:00,TRENT,-0.002332154902182082
2025-10-22 18:30:00+00:00,TRENT,-0.0016280797332048902
2025-10-23 18:30:00+00:00,TRENT,0.0013171436510368562
2025-10-26 18:30:00+00:00,TRENT,0.001899970241921345
2025-10-27 18:30:00+00:00,TRENT,-0.015275030734437589
2025-10-28 18:30:00+00:00,TRENT,0.011681592342083214
2025-10-29 18:30:00+00:00,TRENT,-0.007551373659961391
2025-10-30 18:30:00+00:00,TRENT,-0.010580713523553609
2025-11-02 18:30:00+00:00,TRENT,0.00406878521844245
2025-11-03 18:30:00+00:00,TRENT,-0.011202063432225517
2025-11-05 18:30:00+00:00,TRENT,0.0039909233288657475
2025-11-06 18:30:00+00:00,TRENT,-0.011091722614687938
2025-11-09 18:30:00+00:00,TRENT,-0.07425488381516365
2025-11-10 18:30:00+00:00,TRENT,0.007493430424968972
2025-11-11 18:30:00+00:00,TRENT,0.013902405745241486
2025-11-12 18:30:00+00:00,TRENT,-0.011289342417089343
2025-11-13 18:30:00+00:00,TRENT,0.014977878705490388
2025-11-16 18:30:00+00:00,TRENT,0.0030515352859690204
2025-11-17 18:30:00+00:00,TRENT,-0.0069473044039872756
2025-11-18 18:30:00+00:00,TRENT,-0.0034522399762803024
2025-11-19 18:30:00+00:00,TRENT,0.006882470502217686
2025-11-20 18:30:00+00:00,TRENT,-0.006789811877820795
2025-11-23 18:30:00+00:00,TRENT,-0.01105737290557185
2025-11-24 18:30:00+00:00,TRENT,-0.0155419985427111
2025-11-25 18:30:00+00:00,TRENT,0.011428167750425766
2025-11-26 18:30:00+00:00,TRENT,-0.006127063015060608
2025-11-27 18:30:00+00:00,TRENT,-0.003680221971614217
2025-11-30 18:30:00+00:00,TRENT,-0.008116883303374789
2025-12-01 18:30:00+00:00,TRENT,0.0025143143579753335
2025-12-02 18:30:00+00:00,TRENT,-0.009061825313498195
2025-12-03 18:30:00+00:00,TRENT,0.006589849598376496
2025-12-04 18:30:00+00:00,TRENT,-0.00775646580629652
2025-12-07 18:30:00+00:00,TRENT,-0.02213671571190301
2025-12-08 18:30:00+00:00,TRENT,-0.0012468152197163684
2025-12-09 18:30:00+00:00,TRENT,-0.016424304870896633
2025-12-10 18:30:00+00:00,TRENT,0.007266742357975753
2025-12-11 18:30:00+00:00,TRENT,0.006893119788449642
2025-12-14 18:30:00+00:00,TRENT,0.008244613648080712
2025-12-15 18:30:00+00:00,TRENT,-7.296293197855963e-05
2025-12-16 18:30:00+00:00,TRENT,-0.015455068786247916
2025-12-17 18:30:00+00:00,TRENT,-0.00375752777497973
2025-12-18 18:30:00+00:00,TRENT,0.007990062325527347
2025-12-21 18:30:00+00:00,TRENT,0.03559643918411992
2025-12-22 18:30:00+00:00,TRENT,-0.004136137480172386
2025-12-23 18:30:00+00:00,TRENT,0.02391755326495404
2025-12-25 18:30:00+00:00,TRENT,-0.0010024927431113717
2025-12-28 18:30:00+00:00,TRENT,-0.013837959393794286
2025-12-29 18:30:00+00:00,TRENT,-0.004330289798272546
2025-12-30 18:30:00+00:00,TRENT,0.016945077210332116
2025-12-31 18:30:00+00:00,TRENT,0.0043000472876255635
2026-01-01 18:30:00+00:00,TRENT,0.026108856020429227
2026-01-04 18:30:00+00:00,TRENT,0.004580847828352219
2026-01-05 18:30:00+00:00,TRENT,-0.08627922792962706
2026-01-06 18:30:00+00:00,TRENT,0.0031870496176782392
2026-01-07 18:30:00+00:00,TRENT,-0.017263907808459544
2026-01-08 18:30:00+00:00,TRENT,-0.004385525367951559
2026-01-11 18:30:00+00:00,TRENT,0.021017393353087055
2026-01-12 18:30:00+00:00,TRENT,-0.03315748033676047
2026-01-13 18:30:00+00:00,TRENT,0.0026262905950174
2026-01-14 18:30:00+00:00,TRENT,0.0
2026-01-15 18:30:00+00:00,TRENT,-0.008265093434608906
2026-01-18 18:30:00+00:00,TRENT,0.011770173874680268
2026-01-19 18:30:00+00:00,TRENT,-0.027752432403132965
2026-01-20 18:30:00+00:00,TRENT,-0.01869090834107978
2026-01-21 18:30:00+00:00,TRENT,0.010466514585723008
2026-01-22 18:30:00+00:00,TRENT,-0.012592708835768573
2026-01-26 18:30:00+00:00,TRENT,0.01043696486374368
2026-01-27 18:30:00+00:00,TRENT,0.018154963128983237
2026-01-28 18:30:00+00:00,TRENT,-0.010403714071396175
2026-01-29 18:30:00+00:00,TRENT,-0.010016226878772794
2026-02-01 18:30:00+00:00,TRENT,-0.017065142690859902
2026-02-02 18:30:00+00:00,TRENT,0.027385887596758307
2026-02-03 18:30:00+00:00,TRENT,0.04964948373020661
2026-02-04 18:30:00+00:00,TRENT,0.02958174354344023
2026-02-05 18:30:00+00:00,TRENT,-0.004235954984468604
2025-01-01 18:30:00+00:00,ULTRACEMCO,0.030636866146200648
2025-01-02 18:30:00+00:00,ULTRACEMCO,-0.0009916907890626936
2025-01-05 18:30:00+00:00,ULTRACEMCO,-0.023960703235971104
2025-01-06 18:30:00+00:00,ULTRACEMCO,0.009992577840411299
2025-01-07 18:30:00+00:00,ULTRACEMCO,-0.018504869039055794
2025-01-08 18:30:00+00:00,ULTRACEMCO,-0.01260573905715967
2025-01-09 18:30:00+00:00,ULTRACEMCO,-0.03504500580846803
2025-01-12 18:30:00+00:00,ULTRACEMCO,-0.023013806674002102
2025-01-13 18:30:00+00:00,ULTRACEMCO,-0.01237861927202899
2025-01-14 18:30:00+00:00,ULTRACEMCO,0.003615198720628765
2025-01-15 18:30:00+00:00,ULTRACEMCO,0.01088704171167909
2025-01-16 18:30:00+00:00,ULTRACEMCO,-0.005283812993711612
2025-01-19 18:30:00+00:00,ULTRACEMCO,0.004201313804608642
2025-01-20 18:30:00+00:00,ULTRACEMCO,0.004080137564737907
2025-01-21 18:30:00+00:00,ULTRACEMCO,0.002432607217674354
2025-01-22 18:30:00+00:00,ULTRACEMCO,0.06799770544779693
2025-01-23 18:30:00+00:00,ULTRACEMCO,-0.011824886256642686
2025-01-26 18:30:00+00:00,ULTRACEMCO,-0.004106873987333781
2025-01-27 18:30:00+00:00,ULTRACEMCO,0.005057991104818749
2025-01-28 18:30:00+00:00,ULTRACEMCO,0.021998240739282693
2025-01-29 18:30:00+00:00,ULTRACEMCO,-0.005669139427733394
2025-01-30 18:30:00+00:00,ULTRACEMCO,0.0007013179846970807
2025-01-31 18:30:00+00:00,ULTRACEMCO,-0.019873888875200918
2025-02-02 18:30:00+00:00,ULTRACEMCO,-0.007505008619810072
2025-02-03 18:30:00+00:00,ULTRACEMCO,0.030828705823336744
2025-02-04 18:30:00+00:00,ULTRACEMCO,0.005777339601573672
2025-02-05 18:30:00+00:00,ULTRACEMCO,-0.009352084098522062
2025-02-06 18:30:00+00:00,ULTRACEMCO,0.014223662783897417
2025-02-09 18:30:00+00:00,ULTRACEMCO,-0.00930367205512117
2025-02-10 18:30:00+00:00,ULTRACEMCO,-0.02012605017668978
2025-02-11 18:30:00+00:00,ULTRACEMCO,0.015778466774721167
2025-02-12 18:30:00+00:00,ULTRACEMCO,0.005919803752550967
2025-02-13 18:30:00+00:00,ULTRACEMCO,-0.024475084923591073
2025-02-16 18:30:00+00:00,ULTRACEMCO,0.020086321801162432
2025-02-17 18:30:00+00:00,ULTRACEMCO,-0.01577000741805057
2025-02-18 18:30:00+00:00,ULTRACEMCO,-0.0015342338806809686
2025-02-19 18:30:00+00:00,ULTRACEMCO,-0.0003497910348879696
2025-02-20 18:30:00+00:00,ULTRACEMCO,-0.011548100951287443
2025-02-23 18:30:00+00:00,ULTRACEMCO,-0.010271327730145052
2025-02-24 18:30:00+00:00,ULTRACEMCO,-0.0071087404926591935
2025-02-26 18:30:00+00:00,ULTRACEMCO,-0.0471081081177982
2025-02-27 18:30:00+00:00,ULTRACEMCO,-0.030552326792748774
2025-03-02 18:30:00+00:00,ULTRACEMCO,0.020965622166452258
2025-03-03 18:30:00+00:00,ULTRACEMCO,0.0028334160625438365
2025-03-04 18:30:00+00:00,ULTRACEMCO,0.009074217015673236
2025-03-05 18:30:00+00:00,ULTRACEMCO,0.0028000026672059253
2025-03-06 18:30:00+00:00,ULTRACEMCO,0.008471986514649643
2025-03-09 18:30:00+00:00,ULTRACEMCO,-0.005887191842737338
2025-03-10 18:30:00+00:00,ULTRACEMCO,-0.007685295693641181
2025-03-11 18:30:00+00:00,ULTRACEMCO,0.00777362379087565
2025-03-12 18:30:00+00:00,ULTRACEMCO,-0.006492272700862056
2025-03-16 18:30:00+00:00,ULTRACEMCO,0.009089153398409433
2025-03-17 18:30:00+00:00,ULTRACEMCO,0.0
2025-03-18 18:30:00+00:00,ULTRACEMCO,0.03661196462757599
2025-03-19 18:30:00+00:00,ULTRACEMCO,0.001362860601436644
2025-03-20 18:30:00+00:00,ULTRACEMCO,0.0026122297882524848
2025-03-23 18:30:00+00:00,ULTRACEMCO,0.006782553607215247
2025-03-24 18:30:00+00:00,ULTRACEMCO,0.03348057015518435
2025-03-25 18:30:00+00:00,ULTRACEMCO,-0.0016723969235674652
2025-03-26 18:30:00+00:00,ULTRACEMCO,0.017321359634421274
2025-03-27 18:30:00+00:00,ULTRACEMCO,-0.0077631667349110645
2025-03-31 18:30:00+00:00,ULTRACEMCO,-0.011373138449818243
2025-04-01 18:30:00+00:00,ULTRACEMCO,-0.011222760142079014
2025-04-02 18:30:00+00:00,ULTRACEMCO,0.03161060427194884
2025-04-03 18:30:00+00:00,ULTRACEMCO,-0.009300698305952704
2025-04-06 18:30:00+00:00,ULTRACEMCO,-0.026703156425068042
2025-04-07 18:30:00+00:00,ULTRACEMCO,0.007045478434209773
2025-04-08 18:30:00+00:00,ULTRACEMCO,0.011232928624575367
2025-04-10 18:30:00+00:00,ULTRACEMCO,0.009265530799204447
2025-04-14 18:30:00+00:00,ULTRACEMCO,0.018808713418625667
2025-04-15 18:30:00+00:00,ULTRACEMCO,0.0007679877739164009
2025-04-16 18:30:00+00:00,ULTRACEMCO,0.014751009881406763
2025-04-20 18:30:00+00:00,ULTRACEMCO,0.00277286373925123
2025-04-21 18:30:00+00:00,ULTRACEMCO,0.0020948755715224365
2025-04-22 18:30:00+00:00,ULTRACEMCO,-0.0008361491907102891
2025-04-23 18:30:00+00:00,ULTRACEMCO,0.01757464980237211
2025-04-24 18:30:00+00:00,ULTRACEMCO,0.0064150090309949
2025-04-27 18:30:00+00:00,ULTRACEMCO,-0.01005151079044253
2025-04-28 18:30:00+00:00,ULTRACEMCO,-0.020224472261250237
2025-04-29 18:30:00+00:00,ULTRACEMCO,-0.019209753966572984
2025-05-01 18:30:00+00:00,ULTRACEMCO,-0.002405257781567416
2025-05-04 18:30:00+00:00,ULTRACEMCO,0.004908262459010659
2025-05-05 18:30:00+00:00,ULTRACEMCO,0.0019708948581824703
2025-05-06 18:30:00+00:00,ULTRACEMCO,-0.0029933066419302046
2025-05-07 18:30:00+00:00,ULTRACEMCO,-0.002315934502711836
2025-05-08 18:30:00+00:00,ULTRACEMCO,-0.022955904563745633
2025-05-11 18:30:00+00:00,ULTRACEMCO,0.032734898329121576
2025-05-12 18:30:00+00:00,ULTRACEMCO,-0.006390572005432582
2025-05-13 18:30:00+00:00,ULTRACEMCO,0.0009433110749674789
2025-05-14 18:30:00+00:00,ULTRACEMCO,0.01901986756751195
2025-05-15 18:30:00+00:00,ULTRACEMCO,0.0009248318975703107
2025-05-18 18:30:00+00:00,ULTRACEMCO,0.0020160256788608333
2025-05-19 18:30:00+00:00,ULTRACEMCO,-0.019448434322443142
2025-05-20 18:30:00+00:00,ULTRACEMCO,-0.0026502478558104725
2025-05-21 18:30:00+00:00,ULTRACEMCO,0.0012000937768070763
2025-05-22 18:30:00+00:00,ULTRACEMCO,0.005650659214126108
2025-05-25 18:30:00+00:00,ULTRACEMCO,-0.004852686250490845
2025-05-26 18:30:00+00:00,ULTRACEMCO,-0.022927587132591243
2025-05-27 18:30:00+00:00,ULTRACEMCO,-0.016023144810208056
2025-05-28 18:30:00+00:00,ULTRACEMCO,0.0027585810058690097
2025-05-29 18:30:00+00:00,ULTRACEMCO,-0.0052356495794980695
2025-06-01 18:30:00+00:00,ULTRACEMCO,-0.001338069014659382
2025-06-02 18:30:00+00:00,ULTRACEMCO,-0.014292093744154077
2025-06-03 18:30:00+00:00,ULTRACEMCO,-0.0001812325864205544
2025-06-04 18:30:00+00:00,ULTRACEMCO,0.011420257013903479
2025-06-05 18:30:00+00:00,ULTRACEMCO,0.008423719891806458
2025-06-08 18:30:00+00:00,ULTRACEMCO,0.0006220693942293742
2025-06-09 18:30:00+00:00,ULTRACEMCO,0.011634097640224272
2025-06-10 18:30:00+00:00,ULTRACEMCO,0.006408554701428537
2025-06-11 18:30:00+00:00,ULTRACEMCO,-0.01229940967977039
2025-06-12 18:30:00+00:00,ULTRACEMCO,-0.008743226596656273
2025-06-15 18:30:00+00:00,ULTRACEMCO,0.02414468388094826
2025-06-16 18:30:00+00:00,ULTRACEMCO,-0.009743400253985346
2025-06-17 18:30:00+00:00,ULTRACEMCO,0.0020205871271574694
2025-06-18 18:30:00+00:00,ULTRACEMCO,0.001227449936999081
2025-06-19 18:30:00+00:00,ULTRACEMCO,0.003327417885512274
2025-06-22 18:30:00+00:00,ULTRACEMCO,-0.000785395907467179
2025-06-23 18:30:00+00:00,ULTRACEMCO,0.011354659525451227
2025-06-24 18:30:00+00:00,ULTRACEMCO,0.01329996438699288
2025-06-25 18:30:00+00:00,ULTRACEMCO,0.018580080350685035
2025-06-26 18:30:00+00:00,ULTRACEMCO,0.0219228417084123
2025-06-29 18:30:00+00:00,ULTRACEMCO,-0.009825595004690824
2025-06-30 18:30:00+00:00,ULTRACEMCO,0.009674989494307118
2025-07-01 18:30:00+00:00,ULTRACEMCO,0.018509393618273196
2025-07-02 18:30:00+00:00,ULTRACEMCO,-0.003055573731264416
2025-07-03 18:30:00+00:00,ULTRACEMCO,0.008711049966287687
2025-07-06 18:30:00+00:00,ULTRACEMCO,-0.012873855220089547
2025-07-07 18:30:00+00:00,ULTRACEMCO,0.00810044536329002
2025-07-08 18:30:00+00:00,ULTRACEMCO,0.00940141715383147
2025-07-09 18:30:00+00:00,ULTRACEMCO,-0.00366189179175469
2025-07-10 18:30:00+00:00,ULTRACEMCO,-0.0016778091368045978
2025-07-13 18:30:00+00:00,ULTRACEMCO,0.0016806289113475703
2025-07-14 18:30:00+00:00,ULTRACEMCO,-0.0011185132513000795
2025-07-15 18:30:00+00:00,ULTRACEMCO,-0.003919376553434217
2025-07-16 18:30:00+00:00,ULTRACEMCO,0.0033726731636876117
2025-07-17 18:30:00+00:00,ULTRACEMCO,0.000240123552337268
2025-07-20 18:30:00+00:00,ULTRACEMCO,0.006320975430319953
2025-07-21 18:30:00+00:00,ULTRACEMCO,-0.009938796162787367
2025-07-22 18:30:00+00:00,ULTRACEMCO,-0.006424670532802379
2025-07-23 18:30:00+00:00,ULTRACEMCO,-0.005496249978850787
2025-07-24 18:30:00+00:00,ULTRACEMCO,0.0019220545536335898
2025-07-27 18:30:00+00:00,ULTRACEMCO,-0.0008163265306122547
2025-07-28 18:30:00+00:00,ULTRACEMCO,-0.0015522875816993409
2025-07-29 18:30:00+00:00,ULTRACEMCO,0.0038458391293674232
2025-07-30 18:30:00+00:00,ULTRACEMCO,-0.0015487447016628852
2025-07-31 18:30:00+00:00,ULTRACEMCO,-0.011102947179361555
2025-08-03 18:30:00+00:00,ULTRACEMCO,0.011888054156691252
2025-08-04 18:30:00+00:00,ULTRACEMCO,0.0033450273313209156
2025-08-05 18:30:00+00:00,ULTRACEMCO,-0.0058546105057732944
2025-08-06 18:30:00+00:00,ULTRACEMCO,0.0038442663176836422
2025-08-07 18:30:00+00:00,ULTRACEMCO,-0.009451641815367062
2025-08-10 18:30:00+00:00,ULTRACEMCO,0.020399769680019775
2025-08-11 18:30:00+00:00,ULTRACEMCO,0.0035469568722288347
2025-08-12 18:30:00+00:00,ULTRACEMCO,-0.0038557313840469343
2025-08-13 18:30:00+00:00,ULTRACEMCO,-0.006773647286509199
2025-08-17 18:30:00+00:00,ULTRACEMCO,0.03637249330194048
2025-08-18 18:30:00+00:00,ULTRACEMCO,0.007677242459851241
2025-08-19 18:30:00+00:00,ULTRACEMCO,0.0008551659799425071
2025-08-20 18:30:00+00:00,ULTRACEMCO,-0.000310703743980123
2025-08-21 18:30:00+00:00,ULTRACEMCO,-0.021833721833721786
2025-08-24 18:30:00+00:00,ULTRACEMCO,0.0013503852569702879
2025-08-25 18:30:00+00:00,ULTRACEMCO,0.0003173092178327952
2025-08-27 18:30:00+00:00,ULTRACEMCO,-0.007057890563045177
2025-08-28 18:30:00+00:00,ULTRACEMCO,0.009504033224183361
2025-08-31 18:30:00+00:00,ULTRACEMCO,0.014715189873417689
2025-09-01 18:30:00+00:00,ULTRACEMCO,-0.007484796507094993
2025-09-02 18:30:00+00:00,ULTRACEMCO,0.00023566378633144147
2025-09-03 18:30:00+00:00,ULTRACEMCO,-0.006439959161234632
2025-09-04 18:30:00+00:00,ULTRACEMCO,-0.003952256738597781
2025-09-07 18:30:00+00:00,ULTRACEMCO,0.004999603206094827
2025-09-08 18:30:00+00:00,ULTRACEMCO,-0.0072646873025900005
2025-09-09 18:30:00+00:00,ULTRACEMCO,-0.007476932866687824
2025-09-10 18:30:00+00:00,ULTRACEMCO,-0.006892130149062314
2025-09-11 18:30:00+00:00,ULTRACEMCO,-0.0017753389283409193
2025-09-14 18:30:00+00:00,ULTRACEMCO,0.005254648342764678
2025-09-15 18:30:00+00:00,ULTRACEMCO,0.011499798954563767
2025-09-16 18:30:00+00:00,ULTRACEMCO,0.011369057083797207
2025-09-17 18:30:00+00:00,ULTRACEMCO,-0.007467966354846367
2025-09-18 18:30:00+00:00,ULTRACEMCO,-0.009345794392523366
2025-09-21 18:30:00+00:00,ULTRACEMCO,0.011352734250079877
2025-09-22 18:30:00+00:00,ULTRACEMCO,-0.019683794466403115
2025-09-23 18:30:00+00:00,ULTRACEMCO,-0.015079429078300177
2025-09-24 18:30:00+00:00,ULTRACEMCO,-0.0059767479941050805
2025-09-25 18:30:00+00:00,ULTRACEMCO,-0.005847953216374324
2025-09-28 18:30:00+00:00,ULTRACEMCO,-0.002402651201325545
2025-09-29 18:30:00+00:00,ULTRACEMCO,0.015031974088530964
2025-09-30 18:30:00+00:00,ULTRACEMCO,-0.010391098019963962
2025-10-02 18:30:00+00:00,ULTRACEMCO,-0.0062835882596113946
2025-10-05 18:30:00+00:00,ULTRACEMCO,0.002995257508944249
2025-10-06 18:30:00+00:00,ULTRACEMCO,0.010700953961012116
2025-10-07 18:30:00+00:00,ULTRACEMCO,-0.01584044648719629
2025-10-08 18:30:00+00:00,ULTRACEMCO,0.016762571928946812
2025-10-09 18:30:00+00:00,ULTRACEMCO,0.007299868766404094
2025-10-12 18:30:00+00:00,ULTRACEMCO,-0.008875498737887844
2025-10-13 18:30:00+00:00,ULTRACEMCO,-0.008379888268156388
2025-10-14 18:30:00+00:00,ULTRACEMCO,0.019966859983429952
2025-10-15 18:30:00+00:00,ULTRACEMCO,0.0038177239866785673
2025-10-16 18:30:00+00:00,ULTRACEMCO,0.0009710309111505833
2025-10-19 18:30:00+00:00,ULTRACEMCO,-0.0019401778496361821
2025-10-20 18:30:00+00:00,ULTRACEMCO,-0.0003239915762189849
2025-10-22 18:30:00+00:00,ULTRACEMCO,-0.01596175660346788
2025-10-23 18:30:00+00:00,ULTRACEMCO,-0.018690819267188186
2025-10-26 18:30:00+00:00,ULTRACEMCO,0.008138949488169178
2025-10-27 18:30:00+00:00,ULTRACEMCO,-0.006991260923845166
2025-10-28 18:30:00+00:00,ULTRACEMCO,0.005699438437683391
2025-10-29 18:30:00+00:00,ULTRACEMCO,0.004500375031252668
2025-10-30 18:30:00+00:00,ULTRACEMCO,-0.008794490998091709
2025-11-02 18:30:00+00:00,ULTRACEMCO,0.00025110906503722497
2025-11-03 18:30:00+00:00,ULTRACEMCO,-0.01096234309623434
2025-11-05 18:30:00+00:00,ULTRACEMCO,0.007699466959979695
2025-11-06 18:30:00+00:00,ULTRACEMCO,-0.005121746431570151
2025-11-09 18:30:00+00:00,ULTRACEMCO,-0.010211832222128403
2025-11-10 18:30:00+00:00,ULTRACEMCO,0.00827080491132337
2025-11-11 18:30:00+00:00,ULTRACEMCO,0.008118393234672228
2025-11-12 18:30:00+00:00,ULTRACEMCO,0.0010905125408942062
2025-11-13 18:30:00+00:00,ULTRACEMCO,-0.005027652086475598
2025-11-16 18:30:00+00:00,ULTRACEMCO,-0.008084891359272373
2025-11-17 18:30:00+00:00,ULTRACEMCO,-0.006028188147393476
2025-11-18 18:30:00+00:00,ULTRACEMCO,-0.003502178183992455
2025-11-19 18:30:00+00:00,ULTRACEMCO,0.007457569003943121
2025-11-20 18:30:00+00:00,ULTRACEMCO,-0.0020420318216625155
2025-11-23 18:30:00+00:00,ULTRACEMCO,-0.012362520248955566
2025-11-24 18:30:00+00:00,ULTRACEMCO,-0.00034530386740327934
2025-11-25 18:30:00+00:00,ULTRACEMCO,0.015457685664939547
2025-11-26 18:30:00+00:00,ULTRACEMCO,-0.01207585679054346
2025-11-27 18:30:00+00:00,ULTRACEMCO,-0.0014633726435396843
2025-11-30 18:30:00+00:00,ULTRACEMCO,0.005344827586206913
2025-12-01 18:30:00+00:00,ULTRACEMCO,0.0003429943405934832
2025-12-02 18:30:00+00:00,ULTRACEMCO,-0.006428938796502637
2025-12-03 18:30:00+00:00,ULTRACEMCO,0.0014666551634889835
2025-12-04 18:30:00+00:00,ULTRACEMCO,-0.0009476223294280217
2025-12-07 18:30:00+00:00,ULTRACEMCO,-0.004915064240751943
2025-12-08 18:30:00+00:00,ULTRACEMCO,-0.010918544194107427
2025-12-09 18:30:00+00:00,ULTRACEMCO,-0.00849833537760647
2025-12-10 18:30:00+00:00,ULTRACEMCO,0.013696209242732182
2025-12-11 18:30:00+00:00,ULTRACEMCO,0.02187935843793576
2025-12-14 18:30:00+00:00,ULTRACEMCO,0.00042651198498688814
2025-12-15 18:30:00+00:00,ULTRACEMCO,-0.017053206002728527
2025-12-16 18:30:00+00:00,ULTRACEMCO,0.001040943789035298
2025-12-17 18:30:00+00:00,ULTRACEMCO,-0.006845753899480056
2025-12-18 18:30:00+00:00,ULTRACEMCO,0.0030538347439141855
2025-12-21 18:30:00+00:00,ULTRACEMCO,0.0031315240083507057
2025-12-22 18:30:00+00:00,ULTRACEMCO,0.012660423170308688
2025-12-23 18:30:00+00:00,ULTRACEMCO,0.007364274704572793
2025-12-25 18:30:00+00:00,ULTRACEMCO,0.002550153009180489
2025-12-28 18:30:00+00:00,ULTRACEMCO,0.000423944378497465
2025-12-29 18:30:00+00:00,ULTRACEMCO,-0.007966776845495405
2025-12-30 18:30:00+00:00,ULTRACEMCO,0.006749252456215382
2025-12-31 18:30:00+00:00,ULTRACEMCO,0.00992871690427699
2026-01-01 18:30:00+00:00,ULTRACEMCO,-0.00016805310478107405
2026-01-04 18:30:00+00:00,ULTRACEMCO,0.015799647029162145
2026-01-05 18:30:00+00:00,ULTRACEMCO,0.00967982129560685
2026-01-06 18:30:00+00:00,ULTRACEMCO,-0.0016388069485414603
2026-01-07 18:30:00+00:00,ULTRACEMCO,-0.009848982271831952
2026-01-08 18:30:00+00:00,ULTRACEMCO,-0.010527188328912418
2026-01-11 18:30:00+00:00,ULTRACEMCO,0.01348747591522148
2026-01-12 18:30:00+00:00,ULTRACEMCO,-0.004463547693833725
2026-01-13 18:30:00+00:00,ULTRACEMCO,0.01751909664563267
2026-01-14 18:30:00+00:00,ULTRACEMCO,0.0
2026-01-15 18:30:00+00:00,ULTRACEMCO,0.010036719706242314
2026-01-18 18:30:00+00:00,ULTRACEMCO,-0.006543868153174981
2026-01-19 18:30:00+00:00,ULTRACEMCO,-0.01935431406033994
2026-01-20 18:30:00+00:00,ULTRACEMCO,0.014263205904303744
2026-01-21 18:30:00+00:00,ULTRACEMCO,0.010874008666503121
2026-01-22 18:30:00+00:00,ULTRACEMCO,0.00040439987059204263
2026-01-26 18:30:00+00:00,ULTRACEMCO,0.01778640148758992
2026-01-27 18:30:00+00:00,ULTRACEMCO,0.014139327984748595
2026-01-28 18:30:00+00:00,ULTRACEMCO,-0.00391634683167541
2026-01-29 18:30:00+00:00,ULTRACEMCO,-0.0018086026578595371
2026-02-01 18:30:00+00:00,ULTRACEMCO,-0.01252560264691982
2026-02-02 18:30:00+00:00,ULTRACEMCO,0.0043877143996808865
2026-02-03 18:30:00+00:00,ULTRACEMCO,0.01715647339158055
2026-02-04 18:30:00+00:00,ULTRACEMCO,-0.002576917070123419
2026-02-05 18:30:00+00:00,ULTRACEMCO,-0.003992797306819118
2025-01-01 18:30:00+00:00,WIPRO,0.011654946457366089
2025-01-02 18:30:00+00:00,WIPRO,-0.03077676996352019
2025-01-05 18:30:00+00:00,WIPRO,-0.0005094783651361512
2025-01-06 18:30:00+00:00,WIPRO,-0.0008494528225141407
2025-01-07 18:30:00+00:00,WIPRO,0.011902782227876996
2025-01-08 18:30:00+00:00,WIPRO,-0.01764410405648198
2025-01-09 18:30:00+00:00,WIPRO,0.02822441244109264
2025-01-12 18:30:00+00:00,WIPRO,-0.028946859032636496
2025-01-13 18:30:00+00:00,WIPRO,0.00342644613607046
2025-01-14 18:30:00+00:00,WIPRO,-0.0006830158395420005
2025-01-15 18:30:00+00:00,WIPRO,-0.015718432728852427
2025-01-16 18:30:00+00:00,WIPRO,-0.02117675061296631
2025-01-19 18:30:00+00:00,WIPRO,0.06490495390208517
2025-01-20 18:30:00+00:00,WIPRO,-0.006327971997793891
2025-01-21 18:30:00+00:00,WIPRO,0.0360313960381875
2025-01-22 18:30:00+00:00,WIPRO,0.027822818260380133
2025-01-23 18:30:00+00:00,WIPRO,0.007554277153435152
2025-01-26 18:30:00+00:00,WIPRO,-0.037956944519309865
2025-01-27 18:30:00+00:00,WIPRO,0.005464614897992215
2025-01-28 18:30:00+00:00,WIPRO,0.029150096226313593
2025-01-29 18:30:00+00:00,WIPRO,-0.01104181420892758
2025-01-30 18:30:00+00:00,WIPRO,0.009385152618103909
2025-01-31 18:30:00+00:00,WIPRO,-0.022763758521965882
2025-02-02 18:30:00+00:00,WIPRO,0.028871541434295933
2025-02-03 18:30:00+00:00,WIPRO,0.008450168324429574
2025-02-04 18:30:00+00:00,WIPRO,0.002687742519353886
2025-02-05 18:30:00+00:00,WIPRO,0.002680638589739992
2025-02-06 18:30:00+00:00,WIPRO,0.00015712132055001327
2025-02-09 18:30:00+00:00,WIPRO,0.00330194043959553
2025-02-10 18:30:00+00:00,WIPRO,-0.01896254245283724
2025-02-11 18:30:00+00:00,WIPRO,-0.008945593778766026
2025-02-12 18:30:00+00:00,WIPRO,-0.005319278662551996
2025-02-13 18:30:00+00:00,WIPRO,-0.0014584139425076748
2025-02-16 18:30:00+00:00,WIPRO,-0.008925719468418802
2025-02-17 18:30:00+00:00,WIPRO,0.02243330437928792
2025-02-18 18:30:00+00:00,WIPRO,0.006085892451006769
2025-02-19 18:30:00+00:00,WIPRO,-0.0025469910809580165
2025-02-20 18:30:00+00:00,WIPRO,-0.022183167759983302
2025-02-23 18:30:00+00:00,WIPRO,-0.03688597998908205
2025-02-24 18:30:00+00:00,WIPRO,-0.012709746465024985
2025-02-26 18:30:00+00:00,WIPRO,0.010985375516117557
2025-02-27 18:30:00+00:00,WIPRO,-0.05721563414043285
2025-03-02 18:30:00+00:00,WIPRO,0.0212496635710413
2025-03-03 18:30:00+00:00,WIPRO,-0.012519810753408689
2025-03-04 18:30:00+00:00,WIPRO,0.018214255543834712
2025-03-05 18:30:00+00:00,WIPRO,0.0028060679231458607
2025-03-06 18:30:00+00:00,WIPRO,-0.0038475190034055196
2025-03-09 18:30:00+00:00,WIPRO,-0.013693850488698645
2025-03-10 18:30:00+00:00,WIPRO,-0.01121391033985486
2025-03-11 18:30:00+00:00,WIPRO,-0.033123264229083516
2025-03-12 18:30:00+00:00,WIPRO,-0.01694279829442802
2025-03-16 18:30:00+00:00,WIPRO,-0.01571975481593446
2025-03-17 18:30:00+00:00,WIPRO,0.0
2025-03-18 18:30:00+00:00,WIPRO,0.02251303690873252
2025-03-19 18:30:00+00:00,WIPRO,0.008656336057871306
2025-03-20 18:30:00+00:00,WIPRO,-0.013806051836745659
2025-03-23 18:30:00+00:00,WIPRO,0.019296223137037716
2025-03-24 18:30:00+00:00,WIPRO,0.005939198222458808
2025-03-25 18:30:00+00:00,WIPRO,-0.013284062340872316
2025-03-26 18:30:00+00:00,WIPRO,0.01795061878720805
2025-03-27 18:30:00+00:00,WIPRO,-0.036554031550654176
2025-03-31 18:30:00+00:00,WIPRO,0.001334666579839272
2025-04-01 18:30:00+00:00,WIPRO,0.003808120099677792
2025-04-02 18:30:00+00:00,WIPRO,-0.027503844080056128
2025-04-03 18:30:00+00:00,WIPRO,-0.03920421437444066
2025-04-06 18:30:00+00:00,WIPRO,-0.013804409303010745
2025-04-07 18:30:00+00:00,WIPRO,0.01790867951357278
2025-04-08 18:30:00+00:00,WIPRO,-0.04287166625665029
2025-04-10 18:30:00+00:00,WIPRO,0.013099576107863387
2025-04-14 18:30:00+00:00,WIPRO,0.017726768898933765
2025-04-15 18:30:00+00:00,WIPRO,0.014959022425320434
2025-04-16 18:30:00+00:00,WIPRO,-0.04340804306794965
2025-04-20 18:30:00+00:00,WIPRO,0.006542909568520772
2025-04-21 18:30:00+00:00,WIPRO,-0.018033186299774573
2025-04-22 18:30:00+00:00,WIPRO,0.04035878565986217
2025-04-23 18:30:00+00:00,WIPRO,-0.0034893208345202487
2025-04-24 18:30:00+00:00,WIPRO,-0.007621054284305928
2025-04-27 18:30:00+00:00,WIPRO,-0.0016603943895483475
2025-04-28 18:30:00+00:00,WIPRO,0.0037421505127870347
2025-04-29 18:30:00+00:00,WIPRO,0.0004142884146882686
2025-05-01 18:30:00+00:00,WIPRO,0.0007452913704617536
2025-05-04 18:30:00+00:00,WIPRO,0.00782035879424181
2025-05-05 18:30:00+00:00,WIPRO,-0.009771379931051594
2025-05-06 18:30:00+00:00,WIPRO,0.011816374894683346
2025-05-07 18:30:00+00:00,WIPRO,-0.01012123109957952
2025-05-08 18:30:00+00:00,WIPRO,0.0018213614840616454
2025-05-11 18:30:00+00:00,WIPRO,0.06309663529809617
2025-05-12 18:30:00+00:00,WIPRO,-0.022193742195486532
2025-05-13 18:30:00+00:00,WIPRO,0.005445782218324702
2025-05-14 18:30:00+00:00,WIPRO,0.01435124044983227
2025-05-15 18:30:00+00:00,WIPRO,-0.008808540662090802
2025-05-18 18:30:00+00:00,WIPRO,-0.01006640372119405
2025-05-19 18:30:00+00:00,WIPRO,-0.008103237890647708
2025-05-20 18:30:00+00:00,WIPRO,0.004845517723530923
2025-05-21 18:30:00+00:00,WIPRO,-0.019846898426373216
2025-05-22 18:30:00+00:00,WIPRO,0.005773766027783678
2025-05-25 18:30:00+00:00,WIPRO,0.0116429387793342
2025-05-26 18:30:00+00:00,WIPRO,-0.007952371746622777
2025-05-27 18:30:00+00:00,WIPRO,-0.0033031563572658573
2025-05-28 18:30:00+00:00,WIPRO,0.01095259652389724
2025-05-29 18:30:00+00:00,WIPRO,-0.0018789807027381755
2025-06-01 18:30:00+00:00,WIPRO,-0.007970527675883576
2025-06-02 18:30:00+00:00,WIPRO,-0.005894628093714771
2025-06-03 18:30:00+00:00,WIPRO,0.0025993206723164963
2025-06-04 18:30:00+00:00,WIPRO,0.004374912958848176
2025-06-05 18:30:00+00:00,WIPRO,0.0026215862408853763
2025-06-08 18:30:00+00:00,WIPRO,0.01086123188170851
2025-06-09 18:30:00+00:00,WIPRO,0.014246544750987189
2025-06-10 18:30:00+00:00,WIPRO,0.01589054124817535
2025-06-11 18:30:00+00:00,WIPRO,0.00266476674614724
2025-06-12 18:30:00+00:00,WIPRO,0.002311187826231631
2025-06-15 18:30:00+00:00,WIPRO,0.010299415668834078
2025-06-16 18:30:00+00:00,WIPRO,7.613302978071168e-05
2025-06-17 18:30:00+00:00,WIPRO,-0.005020815699062986
2025-06-18 18:30:00+00:00,WIPRO,0.0152528554792708
2025-06-19 18:30:00+00:00,WIPRO,0.0036147869902527496
2025-06-22 18:30:00+00:00,WIPRO,-0.012380944339822841
2025-06-23 18:30:00+00:00,WIPRO,0.00657202222238773
2025-06-24 18:30:00+00:00,WIPRO,0.016756568235742675
2025-06-25 18:30:00+00:00,WIPRO,-0.00330349981877609
2025-06-26 18:30:00+00:00,WIPRO,-0.012922737589212252
2025-06-29 18:30:00+00:00,WIPRO,0.0035088667986109545
2025-06-30 18:30:00+00:00,WIPRO,-0.005376431515320412
2025-07-01 18:30:00+00:00,WIPRO,0.009261018919016983
2025-07-02 18:30:00+00:00,WIPRO,0.00018728319041594332
2025-07-03 18:30:00+00:00,WIPRO,0.0112339310570706
2025-07-06 18:30:00+00:00,WIPRO,-0.008517016834858393
2025-07-07 18:30:00+00:00,WIPRO,0.00709611086723938
2025-07-08 18:30:00+00:00,WIPRO,-0.006860727411124534
2025-07-09 18:30:00+00:00,WIPRO,-0.010268851169332738
2025-07-10 18:30:00+00:00,WIPRO,-0.025466893959179115
2025-07-13 18:30:00+00:00,WIPRO,-0.015679406015416175
2025-07-14 18:30:00+00:00,WIPRO,0.012389393086030598
2025-07-15 18:30:00+00:00,WIPRO,0.020978971113207123
2025-07-16 18:30:00+00:00,WIPRO,-0.008371307110752402
2025-07-17 18:30:00+00:00,WIPRO,0.02436688690397193
2025-07-20 18:30:00+00:00,WIPRO,-0.024723736970978738
2025-07-21 18:30:00+00:00,WIPRO,-0.0024966852680730067
2025-07-22 18:30:00+00:00,WIPRO,0.006545942051840559
2025-07-23 18:30:00+00:00,WIPRO,0.001721597382996043
2025-07-24 18:30:00+00:00,WIPRO,-0.01012025532839822
2025-07-27 18:30:00+00:00,WIPRO,-0.016325763042999597
2025-07-28 18:30:00+00:00,WIPRO,0.0069985651191879494
2025-07-29 18:30:00+00:00,WIPRO,-0.0063542763137650615
2025-07-30 18:30:00+00:00,WIPRO,-0.007593890754176491
2025-07-31 18:30:00+00:00,WIPRO,-0.02235201516178109
2025-08-03 18:30:00+00:00,WIPRO,0.013594246190453463
2025-08-04 18:30:00+00:00,WIPRO,-0.0005689821155511199
2025-08-05 18:30:00+00:00,WIPRO,-0.024195824982949476
2025-08-06 18:30:00+00:00,WIPRO,0.009835012260090314
2025-08-07 18:30:00+00:00,WIPRO,-0.01349460367651889
2025-08-10 18:30:00+00:00,WIPRO,0.010750851242197212
2025-08-11 18:30:00+00:00,WIPRO,0.0004138950308043565
2025-08-12 18:30:00+00:00,WIPRO,-0.00028958722811567306
2025-08-13 18:30:00+00:00,WIPRO,0.021353204564419137
2025-08-17 18:30:00+00:00,WIPRO,-0.006482683469968942
2025-08-18 18:30:00+00:00,WIPRO,0.007136767836094737
2025-08-19 18:30:00+00:00,WIPRO,0.015710980180114076
2025-08-20 18:30:00+00:00,WIPRO,-0.0037075087942103346
2025-08-21 18:30:00+00:00,WIPRO,-0.00508183001499074
2025-08-24 18:30:00+00:00,WIPRO,0.02091374843041449
2025-08-25 18:30:00+00:00,WIPRO,-0.0071304909127324345
2025-08-27 18:30:00+00:00,WIPRO,-0.005475568774054307
2025-08-28 18:30:00+00:00,WIPRO,-0.004947050794480101
2025-08-31 18:30:00+00:00,WIPRO,0.0038089717690374947
2025-09-01 18:30:00+00:00,WIPRO,0.002276636107908736
2025-09-02 18:30:00+00:00,WIPRO,-0.005459649748784656
2025-09-03 18:30:00+00:00,WIPRO,-0.018392338314305423
2025-09-04 18:30:00+00:00,WIPRO,-0.005306798552513481
2025-09-07 18:30:00+00:00,WIPRO,-0.004719459424076922
2025-09-08 18:30:00+00:00,WIPRO,0.027337873649942113
2025-09-09 18:30:00+00:00,WIPRO,0.02649009285278514
2025-09-10 18:30:00+00:00,WIPRO,-0.007194504387937117
2025-09-11 18:30:00+00:00,WIPRO,-0.00775861686330348
2025-09-14 18:30:00+00:00,WIPRO,-0.0026197234621752052
2025-09-15 18:30:00+00:00,WIPRO,0.010864347585368694
2025-09-16 18:30:00+00:00,WIPRO,0.0005511517370524466
2025-09-17 18:30:00+00:00,WIPRO,0.010938437300991977
2025-09-18 18:30:00+00:00,WIPRO,-0.0040866593539752305
2025-09-21 18:30:00+00:00,WIPRO,-0.021689874875400084
2025-09-22 18:30:00+00:00,WIPRO,-0.0027962698560484167
2025-09-23 18:30:00+00:00,WIPRO,-0.020189912047982816
2025-09-24 18:30:00+00:00,WIPRO,-0.01058912935311429
2025-09-25 18:30:00+00:00,WIPRO,-0.02582649178467633
2025-09-28 18:30:00+00:00,WIPRO,0.016500537438184804
2025-09-29 18:30:00+00:00,WIPRO,-0.0011267303148455587
2025-09-30 18:30:00+00:00,WIPRO,0.0071020267665218295
2025-10-02 18:30:00+00:00,WIPRO,-0.0003733488888879588
2025-10-05 18:30:00+00:00,WIPRO,0.004772206544373159
2025-10-06 18:30:00+00:00,WIPRO,0.005782001832842942
2025-10-07 18:30:00+00:00,WIPRO,0.00303863434995022
2025-10-08 18:30:00+00:00,WIPRO,0.008719829143176483
2025-10-09 18:30:00+00:00,WIPRO,0.00933446722483322
2025-10-12 18:30:00+00:00,WIPRO,-0.014354632526127675
2025-10-13 18:30:00+00:00,WIPRO,0.013421389986694843
2025-10-14 18:30:00+00:00,WIPRO,0.0072056007576224435
2025-10-15 18:30:00+00:00,WIPRO,0.014387864974988007
2025-10-16 18:30:00+00:00,WIPRO,-0.05086481646474428
2025-10-19 18:30:00+00:00,WIPRO,0.0014114100435969057
2025-10-20 18:30:00+00:00,WIPRO,0.0004974044584076243
2025-10-22 18:30:00+00:00,WIPRO,0.012180999192525022
2025-10-23 18:30:00+00:00,WIPRO,-0.005403236316288695
2025-10-26 18:30:00+00:00,WIPRO,0.003827505044556645
2025-10-27 18:30:00+00:00,WIPRO,-0.00627277302310969
2025-10-28 18:30:00+00:00,WIPRO,-0.0004125972015458501
2025-10-29 18:30:00+00:00,WIPRO,-0.0014859371873678917
2025-10-30 18:30:00+00:00,WIPRO,-0.00516698093558865
2025-11-02 18:30:00+00:00,WIPRO,-0.0007063144052562587
2025-11-03 18:30:00+00:00,WIPRO,-0.010727686768832734
2025-11-05 18:30:00+00:00,WIPRO,0.008952624099328066
2025-11-06 18:30:00+00:00,WIPRO,-0.01483022278328483
2025-11-09 18:30:00+00:00,WIPRO,0.014165428515150014
2025-11-10 18:30:00+00:00,WIPRO,0.007713526777471946
2025-11-11 18:30:00+00:00,WIPRO,0.014605439604827408
2025-11-12 18:30:00+00:00,WIPRO,0.0004486070171254575
2025-11-13 18:30:00+00:00,WIPRO,-0.003913151415901539
2025-11-16 18:30:00+00:00,WIPRO,-0.001309444055390907
2025-11-17 18:30:00+00:00,WIPRO,-0.012907203566860703
2025-11-18 18:30:00+00:00,WIPRO,0.02146120379982608
2025-11-19 18:30:00+00:00,WIPRO,0.0007721090644448036
2025-11-20 18:30:00+00:00,WIPRO,-0.007187443489569345
2025-11-23 18:30:00+00:00,WIPRO,0.011370558739617342
2025-11-24 18:30:00+00:00,WIPRO,-0.006591973876957424
2025-11-25 18:30:00+00:00,WIPRO,0.01852303807799416
2025-11-26 18:30:00+00:00,WIPRO,-0.002518113663905752
2025-11-27 18:30:00+00:00,WIPRO,-0.00012017405669162429
2025-11-30 18:30:00+00:00,WIPRO,0.003005653438717726
2025-12-01 18:30:00+00:00,WIPRO,-0.00043953734754098583
2025-12-02 18:30:00+00:00,WIPRO,0.018067748048617105
2025-12-03 18:30:00+00:00,WIPRO,0.008794944220737566
2025-12-04 18:30:00+00:00,WIPRO,0.011598546031422963
2025-12-07 18:30:00+00:00,WIPRO,0.00565578513352305
2025-12-08 18:30:00+00:00,WIPRO,-0.015188624778208482
2025-12-09 18:30:00+00:00,WIPRO,0.002214404807865833
2025-12-10 18:30:00+00:00,WIPRO,0.004922802078237476
2025-12-11 18:30:00+00:00,WIPRO,0.005207394345405181
2025-12-14 18:30:00+00:00,WIPRO,0.004374416250972457
2025-12-15 18:30:00+00:00,WIPRO,-0.009627801131692815
2025-12-16 18:30:00+00:00,WIPRO,0.0074068791594743555
2025-12-17 18:30:00+00:00,WIPRO,0.010377592652410561
2025-12-18 18:30:00+00:00,WIPRO,0.002274021352735467
2025-12-21 18:30:00+00:00,WIPRO,0.0310833845226115
2025-12-22 18:30:00+00:00,WIPRO,-0.004657759873414213
2025-12-23 18:30:00+00:00,WIPRO,-0.012306486299186181
2025-12-25 18:30:00+00:00,WIPRO,-0.006565785973198679
2025-12-28 18:30:00+00:00,WIPRO,-0.007735613032902711
2025-12-29 18:30:00+00:00,WIPRO,-0.0022327537367170525
2025-12-30 18:30:00+00:00,WIPRO,-0.0014033730348146367
2025-12-31 18:30:00+00:00,WIPRO,0.015458797843004968
2026-01-01 18:30:00+00:00,WIPRO,0.006171632411175576
2026-01-04 18:30:00+00:00,WIPRO,-0.02118961244994033
2026-01-05 18:30:00+00:00,WIPRO,0.008735331580560057
2026-01-06 18:30:00+00:00,WIPRO,0.019578293194325802
2026-01-07 18:30:00+00:00,WIPRO,-0.031757651747707505
2026-01-08 18:30:00+00:00,WIPRO,-0.0009534913861318772
2026-01-11 18:30:00+00:00,WIPRO,0.004390114978120474
2026-01-12 18:30:00+00:00,WIPRO,0.004180963444472274
2026-01-13 18:30:00+00:00,WIPRO,-0.015140019676705307
2026-01-14 18:30:00+00:00,WIPRO,0.0
2026-01-15 18:30:00+00:00,WIPRO,0.0278631866989556
2026-01-18 18:30:00+00:00,WIPRO,-0.08038896731999823
2026-01-19 18:30:00+00:00,WIPRO,-0.024598498941316604
2026-01-20 18:30:00+00:00,WIPRO,-0.0014588556892303206
2026-01-21 18:30:00+00:00,WIPRO,0.004591860304571815
2026-01-22 18:30:00+00:00,WIPRO,-0.00934968728029495
2026-01-26 18:30:00+00:00,WIPRO,0.010327062040898394
2026-01-27 18:30:00+00:00,WIPRO,0.01086031950006272
2026-01-28 18:30:00+00:00,WIPRO,0.010322295703559803
2026-01-29 18:30:00+00:00,WIPRO,-0.012093449200863748
2026-02-01 18:30:00+00:00,WIPRO,0.022794467262134965
2026-02-02 18:30:00+00:00,WIPRO,0.0016095723678761775
2026-02-03 18:30:00+00:00,WIPRO,-0.03852654006945755
2026-02-04 18:30:00+00:00,WIPRO,0.00021429267396300133
2026-02-05 18:30:00+00:00,WIPRO,-0.011440071022442155
